{
    "random_1": {
        "training": {
            "loss": [
                0.16548903277084326
            ],
            "accuracy": [
                0.9428913738019169
            ]
        },
        "validation": {
            "random_1": {
                "accuracy": [
                    0.987220447284345
                ],
                "flatness": [
                    0.6560401496763755
                ]
            }
        }
    },
    "random_2": {
        "training": {
            "loss": [
                0.3452558754958189
            ],
            "accuracy": [
                0.8861821086261981
            ]
        },
        "validation": {
            "random_2": {
                "accuracy": [
                    0.9652555910543131
                ],
                "flatness": [
                    0.707795045510964
                ]
            }
        }
    },
    "random_3": {
        "training": {
            "loss": [
                0.3541490520073916
            ],
            "accuracy": [
                0.8864816293929713
            ]
        },
        "validation": {
            "random_3": {
                "accuracy": [
                    0.9607627795527156
                ],
                "flatness": [
                    0.6905727164086045
                ]
            }
        }
    },
    "random_4": {
        "training": {
            "loss": [
                0.3388069237882908
            ],
            "accuracy": [
                0.8867811501597445
            ]
        },
        "validation": {
            "random_4": {
                "accuracy": [
                    0.9719448881789138
                ],
                "flatness": [
                    0.6693650487930148
                ]
            }
        }
    },
    "random_5": {
        "training": {
            "loss": [
                0.3483978629754946
            ],
            "accuracy": [
                0.885882587859425
            ]
        },
        "validation": {
            "random_5": {
                "accuracy": [
                    0.9736421725239617
                ],
                "flatness": [
                    0.7265727543068088
                ]
            }
        }
    },
    "cont_1": {
        "training": {
            "loss": [
                0.1232322833244912
            ],
            "accuracy": [
                0.9584664536741214
            ]
        },
        "validation": {
            "cont_1": {
                "accuracy": [
                    0.9781349840255591
                ],
                "flatness": [
                    0.4686453761355517
                ]
            },
            "cont_2": {
                "accuracy": [
                    0.8991613418530351
                ],
                "flatness": [
                    0.6514316844326006
                ]
            },
            "cont_3": {
                "accuracy": [
                    0.8890774760383386
                ],
                "flatness": [
                    0.6205958731049972
                ]
            },
            "cont_4": {
                "accuracy": [
                    0.8961661341853036
                ],
                "flatness": [
                    0.5319971312388592
                ]
            },
            "cont_5": {
                "accuracy": [
                    0.8926717252396166
                ],
                "flatness": [
                    0.49491527793311707
                ]
            }
        }
    },
    "cont_2": {
        "training": {
            "loss": [
                0.39934535817311595
            ],
            "accuracy": [
                0.8703075079872205
            ]
        },
        "validation": {
            "cont_1": {
                "accuracy": [
                    0.946785143769968
                ],
                "flatness": [
                    0.6863275071180006
                ]
            },
            "cont_2": {
                "accuracy": [
                    0.9609624600638977
                ],
                "flatness": [
                    0.6713240259740261
                ]
            },
            "cont_3": {
                "accuracy": [
                    0.8935702875399361
                ],
                "flatness": [
                    0.6325572625698325
                ]
            },
            "cont_4": {
                "accuracy": [
                    0.8966653354632588
                ],
                "flatness": [
                    0.6983339828526891
                ]
            },
            "cont_5": {
                "accuracy": [
                    0.9008586261980831
                ],
                "flatness": [
                    0.635895073700543
                ]
            }
        }
    },
    "cont_3": {
        "training": {
            "loss": [
                0.37185936882949105
            ],
            "accuracy": [
                0.8750998402555911
            ]
        },
        "validation": {
            "cont_1": {
                "accuracy": [
                    0.9311102236421726
                ],
                "flatness": [
                    0.676485765601544
                ]
            },
            "cont_2": {
                "accuracy": [
                    0.926617412140575
                ],
                "flatness": [
                    0.6943096110332939
                ]
            },
            "cont_3": {
                "accuracy": [
                    0.9577675718849841
                ],
                "flatness": [
                    0.6647946419264046
                ]
            },
            "cont_4": {
                "accuracy": [
                    0.8977635782747604
                ],
                "flatness": [
                    0.6239462855871887
                ]
            },
            "cont_5": {
                "accuracy": [
                    0.8997603833865815
                ],
                "flatness": [
                    0.7434705115401685
                ]
            }
        }
    },
    "cont_4": {
        "training": {
            "loss": [
                0.4281885280205419
            ],
            "accuracy": [
                0.8545327476038339
            ]
        },
        "validation": {
            "cont_1": {
                "accuracy": [
                    0.9187300319488818
                ],
                "flatness": [
                    0.7217418767659204
                ]
            },
            "cont_2": {
                "accuracy": [
                    0.9198282747603834
                ],
                "flatness": [
                    0.7799095028763702
                ]
            },
            "cont_3": {
                "accuracy": [
                    0.9232228434504792
                ],
                "flatness": [
                    0.7279610954904293
                ]
            },
            "cont_4": {
                "accuracy": [
                    0.957667731629393
                ],
                "flatness": [
                    0.710343906380317
                ]
            },
            "cont_5": {
                "accuracy": [
                    0.9013578274760383
                ],
                "flatness": [
                    0.6052067179884804
                ]
            }
        }
    },
    "cont_5": {
        "training": {
            "loss": [
                0.46814628680959675
            ],
            "accuracy": [
                0.8387579872204473
            ]
        },
        "validation": {
            "cont_1": {
                "accuracy": [
                    0.8859824281150159
                ],
                "flatness": [
                    0.7184379930132974
                ]
            },