{
    "joint_training": {
        "training": {
            "loss": [
                1.2530935519218445
            ],
            "accuracy": [
                0.6520833333333333
            ]
        },
        "validation": {
            "cont_1": {
                "accuracy": [
                    0.8383333333333334
                ],
                "flatness": [
                    0.46536570053364024
                ]
            },
            "cont_2": {
                "accuracy": [
                    0.8425
                ],
                "flatness": [
                    0.5848820865219428
                ]
            },
            "cont_3": {
                "accuracy": [
                    0.8404166666666667
                ],
                "flatness": [
                    0.5567805234454506
                ]
            },
            "cont_4": {
                "accuracy": [
                    0.8414166666666667
                ],
                "flatness": [
                    0.5490818012645757
                ]
            },
            "cont_5": {
                "accuracy": [
                    0.84325
                ],
                "flatness": [
                    0.6101081342549971
                ]
            }
        }
    }
}