{
    "joint_training": {
        "training": {
            "loss": [
                0.3717285993151367
            ],
            "accuracy": [
                0.8736166666666667
            ]
        },
        "validation": {
            "cont_1": {
                "accuracy": [
                    0.945
                ],
                "flatness": [
                    0.20885547201336677
                ]
            },
            "cont_2": {
                "accuracy": [
                    0.9396666666666667
                ],
                "flatness": [
                    0.30841003715389925
                ]
            },
            "cont_3": {
                "accuracy": [
                    0.9485
                ],
                "flatness": [
                    0.2521294009932581
                ]
            },
            "cont_4": {
                "accuracy": [
                    0.9411666666666667
                ],
                "flatness": [
                    0.35580140363304225
                ]
            },
            "cont_5": {
                "accuracy": [
                    0.9445
                ],
                "flatness": [
                    0.3977320219553649
                ]
            },
            "cont_6": {
                "accuracy": [
                    0.9421666666666667
                ],
                "flatness": [
                    0.23252674406696022
                ]
            },
            "cont_7": {
                "accuracy": [
                    0.948
                ],
                "flatness": [
                    0.3466439040639574
                ]
            },
            "cont_8": {
                "accuracy": [
                    0.951
                ],
                "flatness": [
                    0.24696994853063262
                ]
            },
            "cont_9": {
                "accuracy": [
                    0.9506666666666667
                ],
                "flatness": [
                    0.376467114490293
                ]
            },
            "cont_10": {
                "accuracy": [
                    0.9436666666666667
                ],
                "flatness": [
                    0.35451021584338804
                ]
            }
        }
    }
}