{
    "random_1": {
        "training": {
            "loss": [
                2.120572302977244
            ],
            "accuracy": [
                0.45991666666666664
            ]
        },
        "validation": {
            "random_1": {
                "accuracy": [
                    0.8069166666666666
                ]
            }
        }
    },
    "random_2": {
        "training": {
            "loss": [
                2.1295971240997313
            ],
            "accuracy": [
                0.45725
            ]
        },
        "validation": {
            "random_2": {
                "accuracy": [
                    0.8140833333333334
                ]
            }
        }
    },
    "random_3": {
        "training": {
            "loss": [
                2.108250107447306
            ],
            "accuracy": [
                0.45758333333333334
            ]
        },
        "validation": {
            "random_3": {
                "accuracy": [
                    0.8071666666666667
                ]
            }
        }
    },
    "random_4": {
        "training": {
            "loss": [
                2.1235103861490887
            ],
            "accuracy": [
                0.4615
            ]
        },
        "validation": {
            "random_4": {
                "accuracy": [
                    0.80525
                ]
            }
        }
    },
    "random_5": {
        "training": {
            "loss": [
                2.1329547815322876
            ],
            "accuracy": [
                0.4615
            ]
        },
        "validation": {
            "random_5": {
                "accuracy": [
                    0.807
                ]
            }
        }
    },
    "cont_1": {
        "training": {
            "loss": [
                2.0915701508522035
            ],
            "accuracy": [
                0.46425
            ]
        },
        "validation": {
            "cont_1": {
                "accuracy": [
                    0.8123333333333334
                ]
            },
            "cont_2": {
                "accuracy": [
                    0.62975
                ]
            },
            "cont_3": {
                "accuracy": [
                    0.6398333333333334
                ]
            },
            "cont_4": {
                "accuracy": [
                    0.6249166666666667
                ]
            },
            "cont_5": {
                "accuracy": [
                    0.6328333333333334
                ]
            }
        }
    },
    "cont_2": {
        "training": {
            "loss": [
                -3163.140879069328
            ],
            "accuracy": [
                0.28958333333333336
            ]
        },
        "validation": {
            "cont_1": {
                "accuracy": [
                    0.033166666666666664
                ]
            },
            "cont_2": {
                "accuracy": [
                    0.03775
                ]
            },
            "cont_3": {
                "accuracy": [
                    0.03075
                ]
            },
            "cont_4": {
                "accuracy": [
                    0.03333333333333333
                ]
            },
            "cont_5": {
                "accuracy": [
                    0.03166666666666667
                ]
            }
        }
    },
    "cont_3": {
        "training": {
            "loss": [
                -558.1699119008382
            ],
            "accuracy": [
                0.12733333333333333
            ]
        },
        "validation": {
            "cont_1": {
                "accuracy": [
                    0.13558333333333333
                ]
            },
            "cont_2": {
                "accuracy": [
                    0.14316666666666666
                ]
            },
            "cont_3": {
                "accuracy": [
                    0.1885
                ]
            },
            "cont_4": {
                "accuracy": [
                    0.14091666666666666
                ]
            },
            "cont_5": {
                "accuracy": [
                    0.14275
                ]
            }
        }
    },
    "cont_4": {
        "training": {
            "loss": [
                -31.15472845141093
            ],
            "accuracy": [
                0.19708333333333333
            ]
        },
        "validation": {
            "cont_1": {
                "accuracy": [
                    0.203
                ]
            },
            "cont_2": {
                "accuracy": [
                    0.20833333333333334
                ]
            },
            "cont_3": {
                "accuracy": [
                    0.21833333333333332
                ]
            },
            "cont_4": {
                "accuracy": [
                    0.27108333333333334
                ]
            },
            "cont_5": {
                "accuracy": [
                    0.20116666666666666
                ]
            }
        }
    },
    "cont_5": {
        "training": {
            "loss": [
                -8.34623291238149
            ],
            "accuracy": [
                0.226
            ]
        },
        "validation": {
            "cont_1": {
                "accuracy": [
                    0.24083333333333334
                ]
            },
            "cont_2": {
                "accuracy": [
                    0.24841666666666667
                ]
            },
            "cont_3": {
                "accuracy": [
                    0.26008333333333333
                ]
            },
            "cont_4": {
                "accuracy": [
                    0.2705
                ]
            },
            "cont_5": {
                "accuracy": [
                    0.29641666666666666
                ]
            }
        }
    },
    "training_metrics": {
        "training": {},
        "validation": {
            "cont_1": {
                "accuracy": [
                    0.24083333333333334
                ],
                "flatness": [
                    0.2615643780732107
                ]
            },
            "cont_2": {
                "accuracy": [
                    0.24841666666666667
                ],
                "flatness": [
                    0.28204947121241547
                ]
            },
            "cont_3": {
                "accuracy": [
                    0.26008333333333333
                ],
                "flatness": [
                    0.326944805140053
                ]
            },
            "cont_4": {
                "accuracy": [
                    0.2705
                ],
                "flatness": [
                    0.24503842786263258
                ]
            },
            "cont_5": {
                "accuracy": [
                    0.29641666666666666
                ],
                "flatness": [
                    0.2263882929138985
                ]
            }
        }
    }
}