{
    "joint_training": {
        "training": {
            "loss": [
                1.4933980013291042,
                0.9879886487086614
            ],
            "accuracy": [
                0.5815666666666667,
                0.7070833333333333
            ]
        },
        "validation": {
            "cont_1": {
                "accuracy": [
                    0.6788333333333333
                ],
                "flatness": [
                    0.18561257058679106
                ]
            },
            "cont_2": {
                "accuracy": [
                    0.6778333333333333
                ],
                "flatness": [
                    0.3021883452176051
                ]
            },
            "cont_3": {
                "accuracy": [
                    0.6818333333333333
                ],
                "flatness": [
                    0.22268394035688094
                ]
            },
            "cont_4": {
                "accuracy": [
                    0.6789166666666666
                ],
                "flatness": [
                    0.4094758806922794
                ]
            },
            "cont_5": {
                "accuracy": [
                    0.6725
                ],
                "flatness": [
                    0.27955390334572494
                ]
            }
        }
    }
}