{
    "random_1": {
        "training": {
            "loss": [
                1.5975248291492463,
                0.8028902006546657
            ],
            "accuracy": [
                0.439,
                0.6833333333333333
            ]
        },
        "validation": {
            "random_1": {
                "accuracy": [
                    0.7953333333333333
                ]
            }
        }
    },
    "random_2": {
        "training": {
            "loss": [
                1.5825501578251522,
                0.7948820197383563
            ],
            "accuracy": [
                0.44975,
                0.683
            ]
        },
        "validation": {
            "random_2": {
                "accuracy": [
                    0.8065
                ]
            }
        }
    },
    "random_3": {
        "training": {
            "loss": [
                1.5888980140686035,
                0.793188572982947
            ],
            "accuracy": [
                0.44725,
                0.68325
            ]
        },
        "validation": {
            "random_3": {
                "accuracy": [
                    0.8226666666666667
                ]
            }
        }
    },
    "random_4": {
        "training": {
            "loss": [
                1.5994260821342468,
                0.8030674681464831
            ],
            "accuracy": [
                0.4498333333333333,
                0.68025
            ]
        },
        "validation": {
            "random_4": {
                "accuracy": [
                    0.7866666666666666
                ]
            }
        }
    },
    "random_5": {
        "training": {
            "loss": [
                1.5848242962360382,
                0.7840674413839976
            ],
            "accuracy": [
                0.445,
                0.6890833333333334
            ]
        },
        "validation": {
            "random_5": {
                "accuracy": [
                    0.8256666666666667
                ]
            }
        }
    },
    "cont_1": {
        "training": {
            "loss": [
                1.5933967287540436,
                0.7986423153678576
            ],
            "accuracy": [
                0.4509166666666667,
                0.6805
            ]
        },
        "validation": {
            "cont_1": {
                "accuracy": [
                    0.83525
                ]
            },
            "cont_2": {
                "accuracy": [
                    0.66725
                ]
            },
            "cont_3": {
                "accuracy": [
                    0.66825
                ]
            },
            "cont_4": {
                "accuracy": [
                    0.6645833333333333
                ]
            },
            "cont_5": {
                "accuracy": [
                    0.6698333333333333
                ]
            }
        }
    },
    "cont_2": {
        "training": {
            "loss": [
                1.1426144754489262,
                0.8683165464401245
            ],
            "accuracy": [
                0.6585833333333333,
                0.758
            ]
        },
        "validation": {
            "cont_1": {
                "accuracy": [
                    0.8096666666666666
                ]
            },
            "cont_2": {
                "accuracy": [
                    0.8630833333333333
                ]
            },
            "cont_3": {
                "accuracy": [
                    0.7241666666666666
                ]
            },
            "cont_4": {
                "accuracy": [
                    0.7123333333333334
                ]
            },
            "cont_5": {
                "accuracy": [
                    0.7231666666666666
                ]
            }
        }
    },
    "cont_3": {
        "training": {
            "loss": [
                0.9806246693929036,
                0.7462033330599467
            ],
            "accuracy": [
                0.6985,
                0.788
            ]
        },
        "validation": {
            "cont_1": {
                "accuracy": [
                    0.809
                ]
            },
            "cont_2": {
                "accuracy": [
                    0.8324166666666667
                ]
            },
            "cont_3": {
                "accuracy": [
                    0.88775
                ]
            },
            "cont_4": {
                "accuracy": [
                    0.7399166666666667
                ]
            },
            "cont_5": {
                "accuracy": [
                    0.74475
                ]
            }
        }
    },
    "cont_4": {
        "training": {
            "loss": [
                0.9302431387901307,
                0.7041265278657277
            ],
            "accuracy": [
                0.7173333333333334,
                0.8050833333333334
            ]
        },
        "validation": {
            "cont_1": {
                "accuracy": [
                    0.80625
                ]
            },
            "cont_2": {
                "accuracy": [
                    0.8159166666666666
                ]
            },
            "cont_3": {
                "accuracy": [
                    0.8518333333333333
                ]
            },
            "cont_4": {
                "accuracy": [
                    0.8909166666666667
                ]
            },
            "cont_5": {
                "accuracy": [
                    0.75725
                ]
            }
        }
    },
    "cont_5": {
        "training": {
            "loss": [
                0.8751547355651855,
                0.6647095019817353
            ],
            "accuracy": [
                0.7333333333333333,
                0.8145
            ]
        },
        "validation": {
            "cont_1": {
                "accuracy": [
                    0.7891666666666667
                ]
            },
            "cont_2": {
                "accuracy": [
                    0.7995833333333333
                ]
            },
            "cont_3": {
                "accuracy": [
                    0.8201666666666667
                ]
            },
            "cont_4": {
                "accuracy": [
                    0.8426666666666667
                ]
            },
            "cont_5": {
                "accuracy": [
                    0.896
                ]
            }
        }
    },
    "training_metrics": {
        "training": {},
        "validation": {
            "cont_1": {
                "accuracy": [
                    0.7891666666666667
                ],
                "flatness": [
                    0.10876451953537487
                ]
            },
            "cont_2": {
                "accuracy": [
                    0.7995833333333333
                ],
                "flatness": [
                    0.17279833246482537
                ]
            },
            "cont_3": {
                "accuracy": [
                    0.8201666666666667
                ],
                "flatness": [
                    0.14834383255435882
                ]
            },
            "cont_4": {
                "accuracy": [
                    0.8426666666666667
                ],
                "flatness": [
                    0.2662183544303797
                ]
            },
            "cont_5": {
                "accuracy": [
                    0.896
                ],
                "flatness": [
                    0.21112351190476192
                ]
            }
        }
    }
}