{
    "random_1": {
        "training": {
            "loss": [
                0.2552425960858409
            ],
            "accuracy": [
                0.9150359424920128
            ]
        },
        "validation": {
            "random_1": {
                "accuracy": [
                    0.9488817891373802
                ],
                "flatness": [
                    0.609475615530303
                ]
            }
        }
    },
    "random_2": {
        "training": {
            "loss": [
                0.3571554996525518
            ],
            "accuracy": [
                0.8790934504792333
            ]
        },
        "validation": {
            "random_2": {
                "accuracy": [
                    0.9663538338658147
                ],
                "flatness": [
                    0.636655387953301
                ]
            }
        }
    },
    "random_3": {
        "training": {
            "loss": [
                0.36979620746625497
            ],
            "accuracy": [
                0.8770966453674122
            ]
        },
        "validation": {
            "random_3": {
                "accuracy": [
                    0.9672523961661342
                ],
                "flatness": [
                    0.6207176403798514
                ]
            }
        }
    },
    "random_4": {
        "training": {
            "loss": [
                0.36278861678970126
            ],
            "accuracy": [
                0.87689696485623
            ]
        },
        "validation": {
            "random_4": {
                "accuracy": [
                    0.9616613418530351
                ],
                "flatness": [
                    0.735218542358804
                ]
            }
        }
    },
    "random_5": {
        "training": {
            "loss": [
                0.37262510370236995
            ],
            "accuracy": [
                0.8730031948881789
            ]
        },
        "validation": {
            "random_5": {
                "accuracy": [
                    0.9568690095846646
                ],
                "flatness": [
                    0.7072627556343907
                ]
            }
        }
    },
    "cont_1": {
        "training": {
            "loss": [
                0.19536109988431866
            ],
            "accuracy": [
                0.9330071884984026
            ]
        },
        "validation": {
            "cont_1": {
                "accuracy": [
                    0.9405950479233227
                ],
                "flatness": [
                    0.554627295403885
                ]
            },
            "cont_2": {
                "accuracy": [
                    0.862220447284345
                ],
                "flatness": [
                    0.6886289949050487
                ]
            },
            "cont_3": {
                "accuracy": [
                    0.862220447284345
                ],
                "flatness": [
                    0.6412857515053265
                ]
            },
            "cont_4": {
                "accuracy": [
                    0.8531349840255591
                ],
                "flatness": [
                    0.5251770040959626
                ]
            },
            "cont_5": {
                "accuracy": [
                    0.8532348242811502
                ],
                "flatness": [
                    0.6038599929791715
                ]
            }
        }
    },
    "cont_2": {
        "training": {
            "loss": [
                0.3647132079584149
            ],
            "accuracy": [
                0.8825878594249201
            ]
        },
        "validation": {
            "cont_1": {
                "accuracy": [
                    0.946785143769968
                ],
                "flatness": [
                    0.7731756828008015
                ]
            },
            "cont_2": {
                "accuracy": [
                    0.9531749201277955
                ],
                "flatness": [
                    0.6700468733633603
                ]
            },
            "cont_3": {
                "accuracy": [
                    0.9042531948881789
                ],
                "flatness": [
                    0.6907461079827757
                ]
            },
            "cont_4": {
                "accuracy": [
                    0.8979632587859425
                ],
                "flatness": [
                    0.6779665610406937
                ]
            },
            "cont_5": {
                "accuracy": [
                    0.8983626198083067
                ],
                "flatness": [
                    0.7222341075794622
                ]
            }
        }
    },
    "cont_3": {
        "training": {
            "loss": [
                0.330528088330556
            ],
            "accuracy": [
                0.8906749201277955
            ]
        },
        "validation": {
            "cont_1": {
                "accuracy": [
                    0.9352036741214057
                ],
                "flatness": [
                    0.7271978755204442
                ]
            },
            "cont_2": {
                "accuracy": [
                    0.9340055910543131
                ],
                "flatness": [
                    0.7101469802244788
                ]
            },
            "cont_3": {
                "accuracy": [
                    0.9580670926517572
                ],
                "flatness": [
                    0.6393080450187579
                ]
            },
            "cont_4": {
                "accuracy": [
                    0.9030551118210862
                ],
                "flatness": [
                    0.7695232172470978
                ]
            },
            "cont_5": {
                "accuracy": [
                    0.8992611821086262
                ],
                "flatness": [
                    0.7097840568446765
                ]
            }
        }
    },
    "cont_4": {
        "training": {
            "loss": [
                0.39421501774757434
            ],
            "accuracy": [
                0.8635183706070287
            ]
        },
        "validation": {
            "cont_1": {
                "accuracy": [
                    0.9216253993610224
                ],
                "flatness": [
                    0.748083902069115
                ]
            },
            "cont_2": {
                "accuracy": [
                    0.9244209265175719
                ],
                "flatness": [
                    0.7255386650826223
                ]
            },
            "cont_3": {
                "accuracy": [
                    0.9365015974440895
                ],
                "flatness": [
                    0.6976179371002132
                ]
            },
            "cont_4": {
                "accuracy": [
                    0.9597643769968051
                ],
                "flatness": [
                    0.6416369759700407
                ]
            },
            "cont_5": {
                "accuracy": [
                    0.9031549520766773
                ],
                "flatness": [
                    0.6928835949590979
                ]
            }
        }
    },
    "cont_5": {
        "training": {
            "loss": [
                0.4281715443625618
            ],
            "accuracy": [
                0.8535343450479234
            ]
        },
        "validation": {
            "cont_1": {
                "accuracy": [
                    0.9052515974440895
                ],
                "flatness": [
                    0.7547107643101357
                ]
            },