{
    "random_1": {
        "training": {
            "loss": [
                2.1883295590082805
            ],
            "accuracy": [
                0.4394166666666667
            ]
        },
        "validation": {
            "random_1": {
                "accuracy": [
                    0.7890833333333334
                ]
            }
        }
    },
    "random_2": {
        "training": {
            "loss": [
                2.1828505291938782
            ],
            "accuracy": [
                0.44275
            ]
        },
        "validation": {
            "random_2": {
                "accuracy": [
                    0.771
                ]
            }
        }
    },
    "random_3": {
        "training": {
            "loss": [
                2.204107883612315
            ],
            "accuracy": [
                0.4394166666666667
            ]
        },
        "validation": {
            "random_3": {
                "accuracy": [
                    0.7701666666666667
                ]
            }
        }
    },
    "random_4": {
        "training": {
            "loss": [
                2.179640647570292
            ],
            "accuracy": [
                0.4464166666666667
            ]
        },
        "validation": {
            "random_4": {
                "accuracy": [
                    0.7749166666666667
                ]
            }
        }
    },
    "random_5": {
        "training": {
            "loss": [
                2.1806900097529094
            ],
            "accuracy": [
                0.44175
            ]
        },
        "validation": {
            "random_5": {
                "accuracy": [
                    0.7850833333333334
                ]
            }
        }
    },
    "cont_1": {
        "training": {
            "loss": [
                2.1545033802986144
            ],
            "accuracy": [
                0.44633333333333336
            ]
        },
        "validation": {
            "cont_1": {
                "accuracy": [
                    0.78425
                ]
            },
            "cont_2": {
                "accuracy": [
                    0.6203333333333333
                ]
            },
            "cont_3": {
                "accuracy": [
                    0.6180833333333333
                ]
            },
            "cont_4": {
                "accuracy": [
                    0.6189166666666667
                ]
            },
            "cont_5": {
                "accuracy": [
                    0.6219166666666667
                ]
            }
        }
    },
    "cont_2": {
        "training": {
            "loss": [
                1.286244723002116
            ],
            "accuracy": [
                0.6343333333333333
            ]
        },
        "validation": {
            "cont_1": {
                "accuracy": [
                    0.7655
                ]
            },
            "cont_2": {
                "accuracy": [
                    0.8660833333333333
                ]
            },
            "cont_3": {
                "accuracy": [
                    0.6946666666666667
                ]
            },
            "cont_4": {
                "accuracy": [
                    0.6943333333333334
                ]
            },
            "cont_5": {
                "accuracy": [
                    0.7
                ]
            }
        }
    },
    "cont_3": {
        "training": {
            "loss": [
                1.1137385249137879
            ],
            "accuracy": [
                0.677
            ]
        },
        "validation": {
            "cont_1": {
                "accuracy": [
                    0.7551666666666667
                ]
            },
            "cont_2": {
                "accuracy": [
                    0.8006666666666666
                ]
            },
            "cont_3": {
                "accuracy": [
                    0.8741666666666666
                ]
            },
            "cont_4": {
                "accuracy": [
                    0.71225
                ]
            },
            "cont_5": {
                "accuracy": [
                    0.71475
                ]
            }
        }
    },
    "cont_4": {
        "training": {
            "loss": [
                1.0385890154838562
            ],
            "accuracy": [
                0.7006666666666667
            ]
        },
        "validation": {
            "cont_1": {
                "accuracy": [
                    0.7615
                ]
            },
            "cont_2": {
                "accuracy": [
                    0.79025
                ]
            },
            "cont_3": {
                "accuracy": [
                    0.82525
                ]
            },
            "cont_4": {
                "accuracy": [
                    0.8935
                ]
            },
            "cont_5": {
                "accuracy": [
                    0.7280833333333333
                ]
            }
        }
    },
    "cont_5": {
        "training": {
            "loss": [
                0.968282796382904
            ],
            "accuracy": [
                0.716
            ]
        },
        "validation": {
            "cont_1": {
                "accuracy": [
                    0.7669166666666667
                ]
            },
            "cont_2": {
                "accuracy": [
                    0.79225
                ]
            },
            "cont_3": {
                "accuracy": [
                    0.8066666666666666
                ]
            },
            "cont_4": {
                "accuracy": [
                    0.8336666666666667
                ]
            },
            "cont_5": {
                "accuracy": [
                    0.8975
                ]
            }
        }
    },
    "training_metrics": {
        "training": {},
        "validation": {
            "cont_1": {
                "accuracy": [
                    0.7669166666666667
                ],
                "flatness": [
                    0.6397370422688253
                ]
            },
            "cont_2": {
                "accuracy": [
                    0.79225
                ],
                "flatness": [
                    0.55409310591088
                ]
            },
            "cont_3": {
                "accuracy": [
                    0.8066666666666666
                ],
                "flatness": [
                    0.6190191387559809
                ]
            },
            "cont_4": {
                "accuracy": [
                    0.8336666666666667
                ],
                "flatness": [
                    0.4506092299922136
                ]
            },
            "cont_5": {
                "accuracy": [
                    0.8975
                ],
                "flatness": [
                    0.559851927869814
                ]
            }
        }
    }
}