{
    "joint_training": {
        "training": {
            "loss": [
                1.2508069433848064
            ],
            "accuracy": [
                0.65225
            ]
        },
        "validation": {
            "cont_1": {
                "accuracy": [
                    0.8267952127659575
                ],
                "flatness": [
                    0.5592562033133948
                ]
            },
            "cont_2": {
                "accuracy": [
                    0.8269614361702128
                ],
                "flatness": [
                    0.46447253863504406
                ]
            },
            "cont_3": {
                "accuracy": [
                    0.8326130319148937
                ],
                "flatness": [
                    0.4943746875949283
                ]
            },
            "cont_4": {
                "accuracy": [
                    0.8307845744680851
                ],
                "flatness": [
                    0.5530071686604715
                ]
            },
            "cont_5": {
                "accuracy": [
                    0.8307845744680851
                ],
                "flatness": [
                    0.4231362725561545
                ]
            },
            "cont_6": {
                "accuracy": [
                    0.8387632978723404
                ],
                "flatness": [
                    0.5154570936134607
                ]
            },
            "cont_7": {
                "accuracy": [
                    0.8337765957446809
                ],
                "flatness": [
                    0.5729846955946767
                ]
            },
            "cont_8": {
                "accuracy": [
                    0.8294547872340425
                ],
                "flatness": [
                    0.5638083188954492
                ]
            },
            "cont_9": {
                "accuracy": [
                    0.8321143617021277
                ],
                "flatness": [
                    0.4760911475810711
                ]
            },
            "cont_10": {
                "accuracy": [
                    0.8284574468085106
                ],
                "flatness": [
                    0.5602517541139485
                ]
            }
        }
    }
}