{
    "random_1": {
        "training": {
            "loss": [
                0.1736094807081234
            ],
            "accuracy": [
                0.9439896166134185
            ]
        },
        "validation": {
            "random_1": {
                "accuracy": [
                    0.9866214057507987
                ],
                "flatness": [
                    0.6380281066585711
                ]
            }
        }
    },
    "random_2": {
        "training": {
            "loss": [
                0.34153415174625174
            ],
            "accuracy": [
                0.8856829073482428
            ]
        },
        "validation": {
            "random_2": {
                "accuracy": [
                    0.9744408945686901
                ],
                "flatness": [
                    0.6538204405737705
                ]
            }
        }
    },
    "random_3": {
        "training": {
            "loss": [
                0.3563494183503972
            ],
            "accuracy": [
                0.8845846645367412
            ]
        },
        "validation": {
            "random_3": {
                "accuracy": [
                    0.9753394568690096
                ],
                "flatness": [
                    0.6940692496673149
                ]
            }
        }
    },
    "random_4": {
        "training": {
            "loss": [
                0.3523451092239386
            ],
            "accuracy": [
                0.8836861022364217
            ]
        },
        "validation": {
            "random_4": {
                "accuracy": [
                    0.9753394568690096
                ],
                "flatness": [
                    0.7575487511516019
                ]
            }
        }
    },
    "random_5": {
        "training": {
            "loss": [
                0.3658048089700766
            ],
            "accuracy": [
                0.8749001597444089
            ]
        },
        "validation": {
            "random_5": {
                "accuracy": [
                    0.9695487220447284
                ],
                "flatness": [
                    0.6982146534857379
                ]
            }
        }
    },
    "cont_1": {
        "training": {
            "loss": [
                0.12996998488212735
            ],
            "accuracy": [
                0.9552715654952076
            ]
        },
        "validation": {
            "cont_1": {
                "accuracy": [
                    0.9563698083067093
                ],
                "flatness": [
                    0.6369708476876501
                ]
            },
            "cont_2": {
                "accuracy": [
                    0.8644169329073482
                ],
                "flatness": [
                    0.6895905520905521
                ]
            },
            "cont_3": {
                "accuracy": [
                    0.8673123003194888
                ],
                "flatness": [
                    0.6341429722573961
                ]
            },
            "cont_4": {
                "accuracy": [
                    0.8647164536741214
                ],
                "flatness": [
                    0.5185948504791594
                ]
            },
            "cont_5": {
                "accuracy": [
                    0.8574281150159745
                ],
                "flatness": [
                    0.6396308802980902
                ]
            }
        }
    },
    "cont_2": {
        "training": {
            "loss": [
                0.40840643878800037
            ],
            "accuracy": [
                0.8722044728434505
            ]
        },
        "validation": {
            "cont_1": {
                "accuracy": [
                    0.9564696485623003
                ],
                "flatness": [
                    0.7559538100208767
                ]
            },
            "cont_2": {
                "accuracy": [
                    0.9587659744408946
                ],
                "flatness": [
                    0.6832513277100906
                ]
            },
            "cont_3": {
                "accuracy": [
                    0.9031549520766773
                ],
                "flatness": [
                    0.6974249668361707
                ]
            },
            "cont_4": {
                "accuracy": [
                    0.9037539936102237
                ],
                "flatness": [
                    0.6960982379584622
                ]
            },
            "cont_5": {
                "accuracy": [
                    0.8981629392971247
                ],
                "flatness": [
                    0.7167407736771898
                ]
            }
        }
    },
    "cont_3": {
        "training": {
            "loss": [
                0.3346586556028063
            ],
            "accuracy": [
                0.8867811501597445
            ]
        },
        "validation": {
            "cont_1": {
                "accuracy": [
                    0.9537739616613419
                ],
                "flatness": [
                    0.7103769758191144
                ]
            },
            "cont_2": {
                "accuracy": [
                    0.9479832268370607
                ],
                "flatness": [
                    0.7651935229067931
                ]
            },
            "cont_3": {
                "accuracy": [
                    0.9692492012779552
                ],
                "flatness": [
                    0.6321339359291307
                ]
            },
            "cont_4": {
                "accuracy": [
                    0.9170327476038339
                ],
                "flatness": [
                    0.800177599346761
                ]
            },
            "cont_5": {
                "accuracy": [
                    0.9109424920127795
                ],
                "flatness": [
                    0.7053992218325296
                ]
            }
        }
    },
    "cont_4": {
        "training": {
            "loss": [
                0.3872755296266498
            ],
            "accuracy": [
                0.8687100638977636
            ]
        },
        "validation": {
            "cont_1": {
                "accuracy": [
                    0.9292132587859425
                ],
                "flatness": [
                    0.7636248254002365
                ]
            },
            "cont_2": {
                "accuracy": [
                    0.9214257188498403
                ],
                "flatness": [
                    0.7575725972478059
                ]
            },
            "cont_3": {
                "accuracy": [
                    0.9382987220447284
                ],
                "flatness": [
                    0.7697608533730581
                ]
            },
            "cont_4": {
                "accuracy": [
                    0.9609624600638977
                ],
                "flatness": [
                    0.7060792207792208
                ]
            },
            "cont_5": {
                "accuracy": [
                    0.9024560702875399
                ],
                "flatness": [
                    0.7704668658037394
                ]
            }
        }
    },
    "cont_5": {
        "training": {
            "loss": [
                0.4101529613184853
            ],
            "accuracy": [
                0.8572284345047924
            ]
        },
        "validation": {
            "cont_1": {
                "accuracy": [
                    0.9085463258785943
                ],
                "flatness": [
                    0.7044649725274725
                ]
            },