{
    "random_1": {
        "training": {
            "loss": [
                0.7153954402178149
            ],
            "accuracy": [
                0.7648338607594937
            ]
        },
        "validation": {
            "random_1": {
                "accuracy": [
                    0.9610363924050633
                ]
            }
        }
    },
    "random_2": {
        "training": {
            "loss": [
                0.7649791633026509
            ],
            "accuracy": [
                0.7436708860759493
            ]
        },
        "validation": {
            "random_2": {
                "accuracy": [
                    0.9420490506329114
                ]
            }
        }
    },
    "random_3": {
        "training": {
            "loss": [
                0.748565172092824
            ],
            "accuracy": [
                0.7474287974683544
            ]
        },
        "validation": {
            "random_3": {
                "accuracy": [
                    0.9529272151898734
                ]
            }
        }
    },
    "random_4": {
        "training": {
            "loss": [
                0.7380719697928126
            ],
            "accuracy": [
                0.7545490506329114
            ]
        },
        "validation": {
            "random_4": {
                "accuracy": [
                    0.9685522151898734
                ]
            }
        }
    },
    "random_5": {
        "training": {
            "loss": [
                0.7436444487752794
            ],
            "accuracy": [
                0.7470332278481012
            ]
        },
        "validation": {
            "random_5": {
                "accuracy": [
                    0.9529272151898734
                ]
            }
        }
    },
    "random_6": {
        "training": {
            "loss": [
                0.7085930307077456
            ],
            "accuracy": [
                0.7557357594936709
            ]
        },
        "validation": {
            "random_6": {
                "accuracy": [
                    0.9701344936708861
                ]
            }
        }
    },
    "random_7": {
        "training": {
            "loss": [
                0.7696433516242837
            ],
            "accuracy": [
                0.7424841772151899
            ]
        },
        "validation": {
            "random_7": {
                "accuracy": [
                    0.9653876582278481
                ]
            }
        }
    },
    "random_8": {
        "training": {
            "loss": [
                0.7176634648555442
            ],
            "accuracy": [
                0.758504746835443
            ]
        },
        "validation": {
            "random_8": {
                "accuracy": [
                    0.9527294303797469
                ]
            }
        }
    },
    "random_9": {
        "training": {
            "loss": [
                0.757292630174492
            ],
            "accuracy": [
                0.7444620253164557
            ]
        },
        "validation": {
            "random_9": {
                "accuracy": [
                    0.9509493670886076
                ]
            }
        }
    },
    "random_10": {
        "training": {
            "loss": [
                0.7532983690123015
            ],
            "accuracy": [
                0.7470332278481012
            ]
        },
        "validation": {
            "random_10": {
                "accuracy": [
                    0.955498417721519
                ]
            }
        }
    },
    "cont_1": {
        "training": {
            "loss": [
                0.7276282629257516
            ],
            "accuracy": [
                0.7604825949367089
            ]
        },
        "validation": {
            "cont_1": {
                "accuracy": [
                    0.9467958860759493
                ]
            },
            "cont_2": {
                "accuracy": [
                    0.850870253164557
                ]
            },
            "cont_3": {
                "accuracy": [
                    0.8459256329113924
                ]
            },
            "cont_4": {
                "accuracy": [
                    0.8500791139240507
                ]
            },
            "cont_5": {
                "accuracy": [
                    0.8463212025316456
                ]
            },
            "cont_6": {
                "accuracy": [
                    0.8510680379746836
                ]
            },
            "cont_7": {
                "accuracy": [
                    0.846123417721519
                ]
            },
            "cont_8": {
                "accuracy": [
                    0.852254746835443
                ]
            },
            "cont_9": {
                "accuracy": [
                    0.8382120253164557
                ]
            },
            "cont_10": {
                "accuracy": [
                    0.8486946202531646
                ]
            }
        }
    },
    "cont_2": {
        "training": {
            "loss": [
                0.39562260727339155
            ],
            "accuracy": [
                0.8672863924050633
            ]
        },
        "validation": {
            "cont_1": {
                "accuracy": [
                    0.9141613924050633
                ]
            },
            "cont_2": {
                "accuracy": [
                    0.9610363924050633
                ]
            },
            "cont_3": {
                "accuracy": [
                    0.865506329113924
                ]
            },
            "cont_4": {
                "accuracy": [
                    0.8662974683544303
                ]
            },
            "cont_5": {
                "accuracy": [
                    0.8746044303797469
                ]
            },
            "cont_6": {
                "accuracy": [
                    0.8730221518987342
                ]
            },
            "cont_7": {
                "accuracy": [
                    0.872626582278481
                ]
            },
            "cont_8": {
                "accuracy": [
                    0.8744066455696202
                ]
            },
            "cont_9": {
                "accuracy": [
                    0.8716376582278481
                ]
            },
            "cont_10": {
                "accuracy": [
                    0.8746044303797469
                ]
            }
        }
    },
    "cont_3": {
        "training": {
            "loss": [
                0.4752375132675412
            ],
            "accuracy": [
                0.8443433544303798
            ]
        },
        "validation": {
            "cont_1": {
                "accuracy": [
                    0.9131724683544303
                ]
            },
            "cont_2": {
                "accuracy": [
                    0.9420490506329114
                ]
            },
            "cont_3": {
                "accuracy": [
                    0.9671677215189873
                ]
            },
            "cont_4": {
                "accuracy": [
                    0.8888449367088608
                ]
            },
            "cont_5": {
                "accuracy": [
                    0.8771756329113924
                ]
            },
            "cont_6": {
                "accuracy": [
                    0.8860759493670886
                ]
            },
            "cont_7": {
                "accuracy": [
                    0.8860759493670886
                ]
            },
            "cont_8": {
                "accuracy": [
                    0.8866693037974683
                ]
            },