{
    "joint_training": {
        "training": {
            "loss": [
                1.3418328790068625,
                0.8119018208384514
            ],
            "accuracy": [
                0.6196333333333334,
                0.75335
            ]
        },
        "validation": {
            "cont_1": {
                "accuracy": [
                    0.8416666666666667
                ],
                "flatness": [
                    0.0945805106826472
                ]
            },
            "cont_2": {
                "accuracy": [
                    0.8455
                ],
                "flatness": [
                    0.12566528681253694
                ]
            },
            "cont_3": {
                "accuracy": [
                    0.8391666666666666
                ],
                "flatness": [
                    0.10191815188417919
                ]
            },
            "cont_4": {
                "accuracy": [
                    0.8458333333333333
                ],
                "flatness": [
                    0.21661913404200162
                ]
            },
            "cont_5": {
                "accuracy": [
                    0.8483333333333334
                ],
                "flatness": [
                    0.15549064212594355
                ]
            },
            "cont_6": {
                "accuracy": [
                    0.8321666666666667
                ],
                "flatness": [
                    0.0928932083864779
                ]
            },
            "cont_7": {
                "accuracy": [
                    0.8441666666666666
                ],
                "flatness": [
                    0.1309294955057931
                ]
            },
            "cont_8": {
                "accuracy": [
                    0.8453333333333334
                ],
                "flatness": [
                    0.09572679727710444
                ]
            },
            "cont_9": {
                "accuracy": [
                    0.8431666666666666
                ],
                "flatness": [
                    0.13030451202130647
                ]
            },
            "cont_10": {
                "accuracy": [
                    0.8431666666666666
                ],
                "flatness": [
                    0.14434930972420182
                ]
            }
        }
    }
}