{
    "joint_training": {
        "training": {
            "loss": [
                2.607592357948746
            ],
            "accuracy": [
                0.3500773483465206
            ]
        },
        "validation": {
            "cont_1": {
                "accuracy": [
                    0.5017455921453589
                ],
                "flatness": [
                    0.6376350101909308
                ]
            },
            "cont_2": {
                "accuracy": [
                    0.5047540567951319
                ],
                "flatness": [
                    0.6599198519816788
                ]
            },
            "cont_3": {
                "accuracy": [
                    0.5047199250960205
                ],
                "flatness": [
                    0.5107893367625946
                ]
            },
            "cont_4": {
                "accuracy": [
                    0.5033400296923113
                ],
                "flatness": [
                    0.6555928234545864
                ]
            },
            "cont_5": {
                "accuracy": [
                    0.5027890466531441
                ],
                "flatness": [
                    0.5026130443474167
                ]
            },
            "cont_6": {
                "accuracy": [
                    0.5061290763454553
                ],
                "flatness": [
                    0.48102024716853264
                ]
            },
            "cont_7": {
                "accuracy": [
                    0.5024233500323962
                ],
                "flatness": [
                    0.6206308773014916
                ]
            },
            "cont_8": {
                "accuracy": [
                    0.5067044391351587
                ],
                "flatness": [
                    0.623336205533703
                ]
            },
            "cont_9": {
                "accuracy": [
                    0.5061827118208152
                ],
                "flatness": [
                    0.47981686135811874
                ]
            },
            "cont_10": {
                "accuracy": [
                    0.5038227492728049
                ],
                "flatness": [
                    0.5269159098932293
                ]
            }
        }
    }
}