{
    "random_1": {
        "training": {
            "loss": [
                0.48354392477308217
            ],
            "accuracy": [
                0.8486421725239617
            ]
        },
        "validation": {
            "random_1": {
                "accuracy": [
                    0.9617611821086262
                ],
                "flatness": [
                    0.3300016869095817
                ]
            }
        }
    },
    "random_2": {
        "training": {
            "loss": [
                1.354813845584187
            ],
            "accuracy": [
                0.6283945686900958
            ]
        },
        "validation": {
            "random_2": {
                "accuracy": [
                    0.8835862619808307
                ],
                "flatness": [
                    0.387271186440678
                ]
            }
        }
    },
    "random_3": {
        "training": {
            "loss": [
                1.352048351360967
            ],
            "accuracy": [
                0.6253993610223643
            ]
        },
        "validation": {
            "random_3": {
                "accuracy": [
                    0.8756988817891374
                ],
                "flatness": [
                    0.3164882852582374
                ]
            }
        }
    },
    "random_4": {
        "training": {
            "loss": [
                1.3509036605350506
            ],
            "accuracy": [
                0.6223043130990416
            ]
        },
        "validation": {
            "random_4": {
                "accuracy": [
                    0.8638178913738019
                ],
                "flatness": [
                    0.3615399618585299
                ]
            }
        }
    },
    "random_5": {
        "training": {
            "loss": [
                1.3526079468072032
            ],
            "accuracy": [
                0.6256988817891374
            ]
        },
        "validation": {
            "random_5": {
                "accuracy": [
                    0.8714057507987221
                ],
                "flatness": [
                    0.3622021081576536
                ]
            }
        }
    },
    "cont_1": {
        "training": {
            "loss": [
                0.2630325199339908
            ],
            "accuracy": [
                0.919229233226837
            ]
        },
        "validation": {
            "cont_1": {
                "accuracy": [
                    0.9142372204472844
                ],
                "flatness": [
                    0.36189663645298675
                ]
            },
            "cont_2": {
                "accuracy": [
                    0.6052316293929713
                ],
                "flatness": [
                    0.3575593863411416
                ]
            },
            "cont_3": {
                "accuracy": [
                    0.5986421725239617
                ],
                "flatness": [
                    0.4335984406270847
                ]
            },
            "cont_4": {
                "accuracy": [
                    0.5978434504792333
                ],
                "flatness": [
                    0.39693449398797587
                ]
            },
            "cont_5": {
                "accuracy": [
                    0.6050319488817891
                ],
                "flatness": [
                    0.3366945132013201
                ]
            }
        }
    },
    "cont_2": {
        "training": {
            "loss": [
                1.6868284377046288
            ],
            "accuracy": [
                0.5535143769968051
            ]
        },
        "validation": {
            "cont_1": {
                "accuracy": [
                    0.7947284345047924
                ],
                "flatness": [
                    0.3875635992462311
                ]
            },
            "cont_2": {
                "accuracy": [
                    0.8486421725239617
                ],
                "flatness": [
                    0.36915588235294117
                ]
            },
            "cont_3": {
                "accuracy": [
                    0.6401757188498403
                ],
                "flatness": [
                    0.38258538677479725
                ]
            },
            "cont_4": {
                "accuracy": [
                    0.6376797124600639
                ],
                "flatness": [
                    0.28668388914983556
                ]
            },
            "cont_5": {
                "accuracy": [
                    0.6502595846645367
                ],
                "flatness": [
                    0.46976431751880854
                ]
            }
        }
    },
    "cont_3": {
        "training": {
            "loss": [
                1.3545793079720518
            ],
            "accuracy": [
                0.6224041533546326
            ]
        },
        "validation": {
            "cont_1": {
                "accuracy": [
                    0.7661741214057508
                ],
                "flatness": [
                    0.3920657414646859
                ]
            },
            "cont_2": {
                "accuracy": [
                    0.7400159744408946
                ],
                "flatness": [
                    0.2934902860226659
                ]
            },
            "cont_3": {
                "accuracy": [
                    0.863917731629393
                ],
                "flatness": [
                    0.3703152085981741
                ]
            },
            "cont_4": {
                "accuracy": [
                    0.6644369009584664
                ],
                "flatness": [
                    0.43857625845229153
                ]
            },
            "cont_5": {
                "accuracy": [
                    0.6620407348242812
                ],
                "flatness": [
                    0.48618609561152165
                ]
            }
        }
    },
    "cont_4": {
        "training": {
            "loss": [
                1.2579444361190064
            ],
            "accuracy": [
                0.6423722044728435
            ]
        },
        "validation": {
            "cont_1": {
                "accuracy": [
                    0.7596845047923323
                ],
                "flatness": [
                    0.43063723879616245
                ]
            },
            "cont_2": {
                "accuracy": [
                    0.7216453674121406
                ],
                "flatness": [
                    0.43818051328168234
                ]
            },
            "cont_3": {
                "accuracy": [
                    0.7688698083067093
                ],
                "flatness": [
                    0.4117752564602
                ]
            },
            "cont_4": {
                "accuracy": [
                    0.8671126198083067
                ],
                "flatness": [
                    0.3959801381692574
                ]
            },
            "cont_5": {
                "accuracy": [
                    0.6718250798722045
                ],
                "flatness": [
                    0.5558552533808887
                ]
            }
        }
    },
    "cont_5": {
        "training": {
            "loss": [
                1.3304963344202254
            ],
            "accuracy": [
                0.6221046325878594
            ]
        },
        "validation": {
            "cont_1": {
                "accuracy": [
                    0.7507987220447284
                ],
                "flatness": [
                    0.5462932180851064
                ]
            },