{
    "random_1": {
        "training": {
            "loss": [
                0.5346429668366909
            ],
            "accuracy": [
                0.8215
            ]
        },
        "validation": {
            "random_1": {
                "accuracy": [
                    0.9594166666666667
                ]
            }
        }
    },
    "random_2": {
        "training": {
            "loss": [
                0.522702337662379
            ],
            "accuracy": [
                0.82375
            ]
        },
        "validation": {
            "random_2": {
                "accuracy": [
                    0.94625
                ]
            }
        }
    },
    "random_3": {
        "training": {
            "loss": [
                0.5156448268691699
            ],
            "accuracy": [
                0.82575
            ]
        },
        "validation": {
            "random_3": {
                "accuracy": [
                    0.9598333333333333
                ]
            }
        }
    },
    "random_4": {
        "training": {
            "loss": [
                0.5227235234280427
            ],
            "accuracy": [
                0.8235
            ]
        },
        "validation": {
            "random_4": {
                "accuracy": [
                    0.9588333333333333
                ]
            }
        }
    },
    "random_5": {
        "training": {
            "loss": [
                0.5045061892271042
            ],
            "accuracy": [
                0.8295833333333333
            ]
        },
        "validation": {
            "random_5": {
                "accuracy": [
                    0.9448333333333333
                ]
            }
        }
    },
    "cont_1": {
        "training": {
            "loss": [
                0.5257305348416169
            ],
            "accuracy": [
                0.821
            ]
        },
        "validation": {
            "cont_1": {
                "accuracy": [
                    0.9475
                ]
            },
            "cont_2": {
                "accuracy": [
                    0.8859166666666667
                ]
            },
            "cont_3": {
                "accuracy": [
                    0.8904166666666666
                ]
            },
            "cont_4": {
                "accuracy": [
                    0.8931666666666667
                ]
            },
            "cont_5": {
                "accuracy": [
                    0.8936666666666667
                ]
            }
        }
    },
    "cont_2": {
        "training": {
            "loss": [
                0.3763267170389493
            ],
            "accuracy": [
                0.88125
            ]
        },
        "validation": {
            "cont_1": {
                "accuracy": [
                    0.9301666666666667
                ]
            },
            "cont_2": {
                "accuracy": [
                    0.9615
                ]
            },
            "cont_3": {
                "accuracy": [
                    0.9019166666666667
                ]
            },
            "cont_4": {
                "accuracy": [
                    0.904
                ]
            },
            "cont_5": {
                "accuracy": [
                    0.9106666666666666
                ]
            }
        }
    },
    "cont_3": {
        "training": {
            "loss": [
                0.3094432522257169
            ],
            "accuracy": [
                0.9018333333333334
            ]
        },
        "validation": {
            "cont_1": {
                "accuracy": [
                    0.9303333333333333
                ]
            },
            "cont_2": {
                "accuracy": [
                    0.943
                ]
            },
            "cont_3": {
                "accuracy": [
                    0.9635
                ]
            },
            "cont_4": {
                "accuracy": [
                    0.9108333333333334
                ]
            },
            "cont_5": {
                "accuracy": [
                    0.9166666666666666
                ]
            }
        }
    },
    "cont_4": {
        "training": {
            "loss": [
                0.2922879839837551
            ],
            "accuracy": [
                0.9045833333333333
            ]
        },
        "validation": {
            "cont_1": {
                "accuracy": [
                    0.93725
                ]
            },
            "cont_2": {
                "accuracy": [
                    0.9469166666666666
                ]
            },
            "cont_3": {
                "accuracy": [
                    0.9590833333333333
                ]
            },
            "cont_4": {
                "accuracy": [
                    0.9745833333333334
                ]
            },
            "cont_5": {
                "accuracy": [
                    0.9240833333333334
                ]
            }
        }
    },
    "cont_5": {
        "training": {
            "loss": [
                0.2561245695253213
            ],
            "accuracy": [
                0.91775
            ]
        },
        "validation": {
            "cont_1": {
                "accuracy": [
                    0.9301666666666667
                ]
            },
            "cont_2": {
                "accuracy": [
                    0.9375833333333333
                ]
            },
            "cont_3": {
                "accuracy": [
                    0.9464166666666667
                ]
            },
            "cont_4": {
                "accuracy": [
                    0.9526666666666667
                ]
            },
            "cont_5": {
                "accuracy": [
                    0.96875
                ]
            }
        }
    },
    "training_metrics": {
        "training": {},
        "validation": {
            "cont_1": {
                "accuracy": [
                    0.9301666666666667
                ],
                "flatness": [
                    0.7010981808579863
                ]
            },
            "cont_2": {
                "accuracy": [
                    0.9375833333333333
                ],
                "flatness": [
                    0.7499333392587326
                ]
            },
            "cont_3": {
                "accuracy": [
                    0.9464166666666667
                ],
                "flatness": [
                    0.7975025836140937
                ]
            },
            "cont_4": {
                "accuracy": [
                    0.9526666666666667
                ],
                "flatness": [
                    0.7696539722293837
                ]
            },
            "cont_5": {
                "accuracy": [
                    0.96875
                ],
                "flatness": [
                    0.7093378607809846
                ]
            }
        }
    }
}