{
    "random_1": {
        "training": {
            "loss": [
                0.5908030169650008
            ],
            "accuracy": [
                0.7957268370607029
            ]
        },
        "validation": {
            "random_1": {
                "accuracy": [
                    0.9565694888178914
                ],
                "flatness": [
                    0.6797157133910866
                ]
            }
        }
    },
    "random_2": {
        "training": {
            "loss": [
                0.5967977078625569
            ],
            "accuracy": [
                0.7947284345047924
            ]
        },
        "validation": {
            "random_2": {
                "accuracy": [
                    0.9452875399361023
                ],
                "flatness": [
                    0.6465046736375157
                ]
            }
        }
    },
    "random_3": {
        "training": {
            "loss": [
                0.5978019561963721
            ],
            "accuracy": [
                0.8000199680511182
            ]
        },
        "validation": {
            "random_3": {
                "accuracy": [
                    0.9513777955271565
                ],
                "flatness": [
                    0.570718333508238
                ]
            }
        }
    },
    "random_4": {
        "training": {
            "loss": [
                0.5965371548462981
            ],
            "accuracy": [
                0.7999201277955271
            ]
        },
        "validation": {
            "random_4": {
                "accuracy": [
                    0.9547723642172524
                ],
                "flatness": [
                    0.6586975844400292
                ]
            }
        }
    },
    "random_5": {
        "training": {
            "loss": [
                0.5900559889765593
            ],
            "accuracy": [
                0.8052116613418531
            ]
        },
        "validation": {
            "random_5": {
                "accuracy": [
                    0.9567691693290735
                ],
                "flatness": [
                    0.6685504278409684
                ]
            }
        }
    },
    "cont_1": {
        "training": {
            "loss": [
                0.5773035663480576
            ],
            "accuracy": [
                0.8030151757188498
            ]
        },
        "validation": {
            "cont_1": {
                "accuracy": [
                    0.9496805111821086
                ],
                "flatness": [
                    0.6247989381833474
                ]
            },
            "cont_2": {
                "accuracy": [
                    0.8737020766773163
                ],
                "flatness": [
                    0.6087154325219976
                ]
            },
            "cont_3": {
                "accuracy": [
                    0.8728035143769968
                ],
                "flatness": [
                    0.5370624571036376
                ]
            },
            "cont_4": {
                "accuracy": [
                    0.873202875399361
                ],
                "flatness": [
                    0.6327728390121198
                ]
            },
            "cont_5": {
                "accuracy": [
                    0.8758985623003195
                ],
                "flatness": [
                    0.6042901516015046
                ]
            }
        }
    },
    "cont_2": {
        "training": {
            "loss": [
                0.397791668296622
            ],
            "accuracy": [
                0.873202875399361
            ]
        },
        "validation": {
            "cont_1": {
                "accuracy": [
                    0.9259185303514377
                ],
                "flatness": [
                    0.5994891632521027
                ]
            },
            "cont_2": {
                "accuracy": [
                    0.9660543130990416
                ],
                "flatness": [
                    0.6584855570483671
                ]
            },
            "cont_3": {
                "accuracy": [
                    0.893270766773163
                ],
                "flatness": [
                    0.6268658488878953
                ]
            },
            "cont_4": {
                "accuracy": [
                    0.8955670926517572
                ],
                "flatness": [
                    0.5556884057971014
                ]
            },
            "cont_5": {
                "accuracy": [
                    0.891473642172524
                ],
                "flatness": [
                    0.5902270691006832
                ]
            }
        }
    },
    "cont_3": {
        "training": {
            "loss": [
                0.3601689185268772
            ],
            "accuracy": [
                0.8832867412140575
            ]
        },
        "validation": {
            "cont_1": {
                "accuracy": [
                    0.9339057507987221
                ],
                "flatness": [
                    0.7177517639512507
                ]
            },
            "cont_2": {
                "accuracy": [
                    0.9527755591054313
                ],
                "flatness": [
                    0.561681337105732
                ]
            },
            "cont_3": {
                "accuracy": [
                    0.9739416932907349
                ],
                "flatness": [
                    0.7165229369554075
                ]
            },
            "cont_4": {
                "accuracy": [
                    0.9077476038338658
                ],
                "flatness": [
                    0.69755416849978
                ]
            },
            "cont_5": {
                "accuracy": [
                    0.9116413738019169
                ],
                "flatness": [
                    0.6206610721717227
                ]
            }
        }
    },
    "cont_4": {
        "training": {
            "loss": [
                0.31496530921219257
            ],
            "accuracy": [
                0.8920726837060703
            ]
        },
        "validation": {
            "cont_1": {
                "accuracy": [
                    0.9168330670926518
                ],
                "flatness": [
                    0.6371712675596211
                ]
            },
            "cont_2": {
                "accuracy": [
                    0.9329073482428115
                ],
                "flatness": [
                    0.706167727953767
                ]
            },
            "cont_3": {
                "accuracy": [
                    0.9401956869009584
                ],
                "flatness": [
                    0.7104571519592227
                ]
            },
            "cont_4": {
                "accuracy": [
                    0.9633586261980831
                ],
                "flatness": [
                    0.5658507358275469
                ]
            },
            "cont_5": {
                "accuracy": [
                    0.9015575079872205
                ],
                "flatness": [
                    0.7413385935769657
                ]
            }
        }
    },
    "cont_5": {
        "training": {
            "loss": [
                0.2779820367051199
            ],
            "accuracy": [
                0.9070487220447284
            ]
        },
        "validation": {
            "cont_1": {
                "accuracy": [
                    0.9396964856230032
                ],
                "flatness": [
                    0.7883612675308116
                ]
            },