{
    "random_1": {
        "training": {
            "loss": [
                2.5588689318293247
            ],
            "accuracy": [
                0.20586967546847965
            ]
        },
        "validation": {
            "random_1": {
                "accuracy": [
                    0.42887297160847915
                ]
            }
        }
    },
    "random_2": {
        "training": {
            "loss": [
                2.58968378419083
            ],
            "accuracy": [
                0.19837728194121657
            ]
        },
        "validation": {
            "random_2": {
                "accuracy": [
                    0.42015086208105573
                ]
            }
        }
    },
    "random_3": {
        "training": {
            "loss": [
                2.5742133965840446
            ],
            "accuracy": [
                0.19932175456389453
            ]
        },
        "validation": {
            "random_3": {
                "accuracy": [
                    0.42617900609123777
                ]
            }
        }
    },
    "random_4": {
        "training": {
            "loss": [
                2.5816904534916367
            ],
            "accuracy": [
                0.1962284482788846
            ]
        },
        "validation": {
            "random_4": {
                "accuracy": [
                    0.42489858013983917
                ]
            }
        }
    },
    "random_5": {
        "training": {
            "loss": [
                2.5677103777444388
            ],
            "accuracy": [
                0.19918864097967592
            ]
        },
        "validation": {
            "random_5": {
                "accuracy": [
                    0.4261726673548894
                ]
            }
        }
    },
    "cont_1": {
        "training": {
            "loss": [
                2.5527675538711083
            ],
            "accuracy": [
                0.20595207910145996
            ]
        },
        "validation": {
            "cont_1": {
                "accuracy": [
                    0.43247337730008256
                ]
            },
            "cont_2": {
                "accuracy": [
                    0.29788919878296144
                ]
            },
            "cont_3": {
                "accuracy": [
                    0.30387931034482757
                ]
            },
            "cont_4": {
                "accuracy": [
                    0.3016353955314803
                ]
            },
            "cont_5": {
                "accuracy": [
                    0.30058950303655124
                ]
            }
        }
    },
    "cont_2": {
        "training": {
            "loss": [
                2.165702090785663
            ],
            "accuracy": [
                0.3358202332717652
            ]
        },
        "validation": {
            "cont_1": {
                "accuracy": [
                    0.4205565416002854
                ]
            },
            "cont_2": {
                "accuracy": [
                    0.5180147059004883
                ]
            },
            "cont_3": {
                "accuracy": [
                    0.36663919877691636
                ]
            },
            "cont_4": {
                "accuracy": [
                    0.37074036512365205
                ]
            },
            "cont_5": {
                "accuracy": [
                    0.3647946247464503
                ]
            }
        }
    },
    "cont_3": {
        "training": {
            "loss": [
                1.998476670068853
            ],
            "accuracy": [
                0.3791518762677485
            ]
        },
        "validation": {
            "cont_1": {
                "accuracy": [
                    0.43343686613180576
                ]
            },
            "cont_2": {
                "accuracy": [
                    0.4741696247464503
                ]
            },
            "cont_3": {
                "accuracy": [
                    0.56103575054337
                ]
            },
            "cont_4": {
                "accuracy": [
                    0.3995689655111963
                ]
            },
            "cont_5": {
                "accuracy": [
                    0.40020917851712107
                ]
            }
        }
    },
    "cont_4": {
        "training": {
            "loss": [
                1.903855777536396
            ],
            "accuracy": [
                0.40110294118856077
            ]
        },
        "validation": {
            "cont_1": {
                "accuracy": [
                    0.45670005071598424
                ]
            },
            "cont_2": {
                "accuracy": [
                    0.4778270791256404
                ]
            },
            "cont_3": {
                "accuracy": [
                    0.5147819472797985
                ]
            },
            "cont_4": {
                "accuracy": [
                    0.5938324036632058
                ]
            },
            "cont_5": {
                "accuracy": [
                    0.4302104462474645
                ]
            }
        }
    },
    "cont_5": {
        "training": {
            "loss": [
                1.8389697292513587
            ],
            "accuracy": [
                0.4158912272047078
            ]
        },
        "validation": {
            "cont_1": {
                "accuracy": [
                    0.4653270791075051
                ]
            },
            "cont_2": {
                "accuracy": [
                    0.47865745437314494
                ]
            },
            "cont_3": {
                "accuracy": [
                    0.5018065415821501
                ]
            },
            "cont_4": {
                "accuracy": [
                    0.5297603955375254
                ]
            },
            "cont_5": {
                "accuracy": [
                    0.6097172921255201
                ]
            }
        }
    },
    "training_metrics": {
        "training": {},
        "validation": {
            "cont_1": {
                "accuracy": [
                    0.4653270791075051
                ],
                "flatness": [
                    0.4874351593478349
                ]
            },
            "cont_2": {
                "accuracy": [
                    0.47865745437314494
                ],
                "flatness": [
                    0.5077127295618744
                ]
            },
            "cont_3": {
                "accuracy": [
                    0.5018065415821501
                ],
                "flatness": [
                    0.5593566634676146
                ]
            },
            "cont_4": {
                "accuracy": [
                    0.5297603955375254
                ],
                "flatness": [
                    0.39242536055051785
                ]
            },
            "cont_5": {
                "accuracy": [
                    0.6097172921255201
                ],
                "flatness": [
                    0.4761778914457973
                ]
            }
        }
    }
}