{
    "random_1": {
        "training": {
            "loss": [
                3.429456717102329
            ],
            "accuracy": [
                0.19824416835699799
            ]
        },
        "validation": {
            "random_1": {
                "accuracy": [
                    0.4198339249613803
                ]
            }
        }
    },
    "random_2": {
        "training": {
            "loss": [
                3.345119977335901
            ],
            "accuracy": [
                0.2113273326632459
            ]
        },
        "validation": {
            "random_2": {
                "accuracy": [
                    0.4555147059004882
                ]
            }
        }
    },
    "random_3": {
        "training": {
            "loss": [
                3.3662912280999624
            ],
            "accuracy": [
                0.21038919877691636
            ]
        },
        "validation": {
            "random_3": {
                "accuracy": [
                    0.4372147565922921
                ]
            }
        }
    },
    "random_4": {
        "training": {
            "loss": [
                3.396372172218307
            ],
            "accuracy": [
                0.20495689655776925
            ]
        },
        "validation": {
            "random_4": {
                "accuracy": [
                    0.4312436612696967
                ]
            }
        }
    },
    "random_5": {
        "training": {
            "loss": [
                3.3851353500726016
            ],
            "accuracy": [
                0.2045322008143816
            ]
        },
        "validation": {
            "random_5": {
                "accuracy": [
                    0.42693331644211047
                ]
            }
        }
    },
    "cont_1": {
        "training": {
            "loss": [
                3.4451842624807454
            ],
            "accuracy": [
                0.19845334686807398
            ]
        },
        "validation": {
            "cont_1": {
                "accuracy": [
                    0.4198656186733478
                ]
            },
            "cont_2": {
                "accuracy": [
                    0.3065922921013397
                ]
            },
            "cont_3": {
                "accuracy": [
                    0.306535243413753
                ]
            },
            "cont_4": {
                "accuracy": [
                    0.30697261664495024
                ]
            },
            "cont_5": {
                "accuracy": [
                    0.3103194726105878
                ]
            }
        }
    },
    "cont_2": {
        "training": {
            "loss": [
                2.7326227289909766
            ],
            "accuracy": [
                0.3337284482819072
            ]
        },
        "validation": {
            "cont_1": {
                "accuracy": [
                    0.39600659229813434
                ]
            },
            "cont_2": {
                "accuracy": [
                    0.5022692697889665
                ]
            },
            "cont_3": {
                "accuracy": [
                    0.3612322515333884
                ]
            },
            "cont_4": {
                "accuracy": [
                    0.35821501016012314
                ]
            },
            "cont_5": {
                "accuracy": [
                    0.3620879817565121
                ]
            }
        }
    },
    "cont_3": {
        "training": {
            "loss": [
                2.5374259374446364
            ],
            "accuracy": [
                0.370119168356998
            ]
        },
        "validation": {
            "cont_1": {
                "accuracy": [
                    0.4131972616572409
                ]
            },
            "cont_2": {
                "accuracy": [
                    0.4492266734279919
                ]
            },
            "cont_3": {
                "accuracy": [
                    0.5342799188761875
                ]
            },
            "cont_4": {
                "accuracy": [
                    0.38993407707306244
                ]
            },
            "cont_5": {
                "accuracy": [
                    0.3947134888438134
                ]
            }
        }
    },
    "cont_4": {
        "training": {
            "loss": [
                2.4106787252135984
            ],
            "accuracy": [
                0.40275101421087317
            ]
        },
        "validation": {
            "cont_1": {
                "accuracy": [
                    0.4443775354969574
                ]
            },
            "cont_2": {
                "accuracy": [
                    0.46681668356997974
                ]
            },
            "cont_3": {
                "accuracy": [
                    0.49537271805273836
                ]
            },
            "cont_4": {
                "accuracy": [
                    0.5710129310465729
                ]
            },
            "cont_5": {
                "accuracy": [
                    0.42803625762462616
                ]
            }
        }
    },
    "cont_5": {
        "training": {
            "loss": [
                2.3175123671247317
            ],
            "accuracy": [
                0.41991632859436057
            ]
        },
        "validation": {
            "cont_1": {
                "accuracy": [
                    0.44018762678089296
                ]
            },
            "cont_2": {
                "accuracy": [
                    0.46108646044020235
                ]
            },
            "cont_3": {
                "accuracy": [
                    0.47124746453931315
                ]
            },
            "cont_4": {
                "accuracy": [
                    0.5002725659350111
                ]
            },
            "cont_5": {
                "accuracy": [
                    0.5821944726347682
                ]
            }
        }
    },
    "training_metrics": {
        "training": {},
        "validation": {
            "cont_1": {
                "accuracy": [
                    0.44018762678089296
                ],
                "flatness": [
                    0.5876995997405894
                ]
            },
            "cont_2": {
                "accuracy": [
                    0.46108646044020235
                ],
                "flatness": [
                    0.6033394222626735
                ]
            },
            "cont_3": {
                "accuracy": [
                    0.47124746453931315
                ],
                "flatness": [
                    0.47421118663446293
                ]
            },
            "cont_4": {
                "accuracy": [
                    0.5002725659350111
                ],
                "flatness": [
                    0.5793839350339873
                ]
            },
            "cont_5": {
                "accuracy": [
                    0.5821944726347682
                ],
                "flatness": [
                    0.4286627703501889
                ]
            }
        }
    }
}