{
    "joint_training": {
        "training": {
            "loss": [
                1.3497241653720538,
                0.821211201407512
            ],
            "accuracy": [
                0.6184833333333334,
                0.7519333333333333
            ]
        },
        "validation": {
            "cont_1": {
                "accuracy": [
                    0.843
                ],
                "flatness": [
                    0.18808141349815824
                ]
            },
            "cont_2": {
                "accuracy": [
                    0.8448333333333333
                ],
                "flatness": [
                    0.17677108533812338
                ]
            },
            "cont_3": {
                "accuracy": [
                    0.8506666666666667
                ],
                "flatness": [
                    0.1836794670846395
                ]
            },
            "cont_4": {
                "accuracy": [
                    0.8468333333333333
                ],
                "flatness": [
                    0.16042739203845083
                ]
            },
            "cont_5": {
                "accuracy": [
                    0.8476666666666667
                ],
                "flatness": [
                    0.210329697621955
                ]
            },
            "cont_6": {
                "accuracy": [
                    0.8446666666666667
                ],
                "flatness": [
                    0.13240975366593272
                ]
            },
            "cont_7": {
                "accuracy": [
                    0.8435
                ],
                "flatness": [
                    0.14663214051726825
                ]
            },
            "cont_8": {
                "accuracy": [
                    0.8491666666666666
                ],
                "flatness": [
                    0.13170807293011727
                ]
            },
            "cont_9": {
                "accuracy": [
                    0.8493333333333334
                ],
                "flatness": [
                    0.2118534660827894
                ]
            },
            "cont_10": {
                "accuracy": [
                    0.853
                ],
                "flatness": [
                    0.23909421854754115
                ]
            }
        }
    }
}