{
    "joint_training": {
        "training": {
            "loss": [
                1.5079250839471816,
                0.9925089434802532
            ],
            "accuracy": [
                0.5772166666666667,
                0.7048666666666666
            ]
        },
        "validation": {
            "cont_1": {
                "accuracy": [
                    0.6646666666666666
                ],
                "flatness": [
                    0.22963627725281105
                ]
            },
            "cont_2": {
                "accuracy": [
                    0.6651666666666667
                ],
                "flatness": [
                    0.19731896767727383
                ]
            },
            "cont_3": {
                "accuracy": [
                    0.6701666666666667
                ],
                "flatness": [
                    0.17523135119569627
                ]
            },
            "cont_4": {
                "accuracy": [
                    0.6576666666666666
                ],
                "flatness": [
                    0.11003814655747328
                ]
            },
            "cont_5": {
                "accuracy": [
                    0.6643333333333333
                ],
                "flatness": [
                    0.211925951356062
                ]
            },
            "cont_6": {
                "accuracy": [
                    0.6765
                ],
                "flatness": [
                    0.26646438713190956
                ]
            },
            "cont_7": {
                "accuracy": [
                    0.6706666666666666
                ],
                "flatness": [
                    0.3840444177043005
                ]
            },
            "cont_8": {
                "accuracy": [
                    0.6666666666666666
                ],
                "flatness": [
                    0.31381578947368416
                ]
            },
            "cont_9": {
                "accuracy": [
                    0.6631666666666667
                ],
                "flatness": [
                    0.14483935397679923
                ]
            },
            "cont_10": {
                "accuracy": [
                    0.6746666666666666
                ],
                "flatness": [
                    0.14675863324318703
                ]
            }
        }
    }
}