{
    "random_1": {
        "training": {
            "loss": [
                0.2662588723134785
            ],
            "accuracy": [
                0.9111421725239617
            ]
        },
        "validation": {
            "random_1": {
                "accuracy": [
                    0.977935303514377
                ],
                "flatness": [
                    0.6059481878509444
                ]
            }
        }
    },
    "random_2": {
        "training": {
            "loss": [
                0.3876867157677873
            ],
            "accuracy": [
                0.8663138977635783
            ]
        },
        "validation": {
            "random_2": {
                "accuracy": [
                    0.9482827476038339
                ],
                "flatness": [
                    0.705840045272689
                ]
            }
        }
    },
    "random_3": {
        "training": {
            "loss": [
                0.3657148833187243
            ],
            "accuracy": [
                0.8757987220447284
            ]
        },
        "validation": {
            "random_3": {
                "accuracy": [
                    0.9571685303514377
                ],
                "flatness": [
                    0.5691020392197768
                ]
            }
        }
    },
    "random_4": {
        "training": {
            "loss": [
                0.3816631613686062
            ],
            "accuracy": [
                0.8720047923322684
            ]
        },
        "validation": {
            "random_4": {
                "accuracy": [
                    0.9644568690095847
                ],
                "flatness": [
                    0.6134038561076605
                ]
            }
        }
    },
    "random_5": {
        "training": {
            "loss": [
                0.36952957387168567
            ],
            "accuracy": [
                0.8757987220447284
            ]
        },
        "validation": {
            "random_5": {
                "accuracy": [
                    0.9640575079872205
                ],
                "flatness": [
                    0.6819322183098591
                ]
            }
        }
    },
    "cont_1": {
        "training": {
            "loss": [
                0.2211759040673701
            ],
            "accuracy": [
                0.922923322683706
            ]
        },
        "validation": {
            "cont_1": {
                "accuracy": [
                    0.9531749201277955
                ],
                "flatness": [
                    0.5571429506651304
                ]
            },
            "cont_2": {
                "accuracy": [
                    0.8675119808306709
                ],
                "flatness": [
                    0.5819894406721142
                ]
            },
            "cont_3": {
                "accuracy": [
                    0.8673123003194888
                ],
                "flatness": [
                    0.5276267698860366
                ]
            },
            "cont_4": {
                "accuracy": [
                    0.8663138977635783
                ],
                "flatness": [
                    0.546947389650801
                ]
            },
            "cont_5": {
                "accuracy": [
                    0.8714057507987221
                ],
                "flatness": [
                    0.5215620703483043
                ]
            }
        }
    },
    "cont_2": {
        "training": {
            "loss": [
                0.35483579801770443
            ],
            "accuracy": [
                0.884185303514377
            ]
        },
        "validation": {
            "cont_1": {
                "accuracy": [
                    0.9612619808306709
                ],
                "flatness": [
                    0.6069088855421687
                ]
            },
            "cont_2": {
                "accuracy": [
                    0.9581669329073482
                ],
                "flatness": [
                    0.5823701417109513
                ]
            },
            "cont_3": {
                "accuracy": [
                    0.9135383386581469
                ],
                "flatness": [
                    0.6907807377049181
                ]
            },
            "cont_4": {
                "accuracy": [
                    0.9077476038338658
                ],
                "flatness": [
                    0.6848596293444786
                ]
            },
            "cont_5": {
                "accuracy": [
                    0.9116413738019169
                ],
                "flatness": [
                    0.6519405048735079
                ]
            }
        }
    },
    "cont_3": {
        "training": {
            "loss": [
                0.3674433914998088
            ],
            "accuracy": [
                0.8772963258785943
            ]
        },
        "validation": {
            "cont_1": {
                "accuracy": [
                    0.9377995207667732
                ],
                "flatness": [
                    0.77100367294794
                ]
            },
            "cont_2": {
                "accuracy": [
                    0.9297124600638977
                ],
                "flatness": [
                    0.7743489583333334
                ]
            },
            "cont_3": {
                "accuracy": [
                    0.9585662939297125
                ],
                "flatness": [
                    0.7498177273200708
                ]
            },
            "cont_4": {
                "accuracy": [
                    0.9086461661341853
                ],
                "flatness": [
                    0.8361512471157017
                ]
            },
            "cont_5": {
                "accuracy": [
                    0.9053514376996805
                ],
                "flatness": [
                    0.7349960024261138
                ]
            }
        }
    },
    "cont_4": {
        "training": {
            "loss": [
                0.34753370611145856
            ],
            "accuracy": [
                0.884285143769968
            ]
        },
        "validation": {
            "cont_1": {
                "accuracy": [
                    0.9293130990415336
                ],
                "flatness": [
                    0.7645936291362269
                ]
            },
            "cont_2": {
                "accuracy": [
                    0.9254193290734825
                ],
                "flatness": [
                    0.688243742582803
                ]
            },
            "cont_3": {
                "accuracy": [
                    0.9381988817891374
                ],
                "flatness": [
                    0.7846234170479941
                ]
            },
            "cont_4": {
                "accuracy": [
                    0.9598642172523961
                ],
                "flatness": [
                    0.7300837320574163
                ]
            },
            "cont_5": {
                "accuracy": [
                    0.9123402555910544
                ],
                "flatness": [
                    0.7871669128912233
                ]
            }
        }
    },
    "cont_5": {
        "training": {
            "loss": [
                0.3804467720464586
            ],
            "accuracy": [
                0.8691094249201278
            ]
        },
        "validation": {
            "cont_1": {
                "accuracy": [
                    0.9088458466453674
                ],
                "flatness": [
                    0.5860368834450183
                ]
            },