{
    "random_1": {
        "training": {
            "loss": [
                0.5711556943460775
            ],
            "accuracy": [
                0.8223841853035144
            ]
        },
        "validation": {
            "random_1": {
                "accuracy": [
                    0.9535742811501597
                ],
                "flatness": [
                    0.2771234687467281
                ]
            }
        }
    },
    "random_2": {
        "training": {
            "loss": [
                1.3702055484342117
            ],
            "accuracy": [
                0.621305910543131
            ]
        },
        "validation": {
            "random_2": {
                "accuracy": [
                    0.8496405750798722
                ],
                "flatness": [
                    0.2668867508813161
                ]
            }
        }
    },
    "random_3": {
        "training": {
            "loss": [
                1.3662445630890112
            ],
            "accuracy": [
                0.6166134185303515
            ]
        },
        "validation": {
            "random_3": {
                "accuracy": [
                    0.8629193290734825
                ],
                "flatness": [
                    0.35195750896679395
                ]
            }
        }
    },
    "random_4": {
        "training": {
            "loss": [
                1.3602796655874283
            ],
            "accuracy": [
                0.6131190095846646
            ]
        },
        "validation": {
            "random_4": {
                "accuracy": [
                    0.8633186900958466
                ],
                "flatness": [
                    0.29568853359546665
                ]
            }
        }
    },
    "random_5": {
        "training": {
            "loss": [
                1.3703199600259337
            ],
            "accuracy": [
                0.6143170926517572
            ]
        },
        "validation": {
            "random_5": {
                "accuracy": [
                    0.8340654952076677
                ],
                "flatness": [
                    0.27374386521426863
                ]
            }
        }
    },
    "cont_1": {
        "training": {
            "loss": [
                0.3577502912100845
            ],
            "accuracy": [
                0.8900758785942492
            ]
        },
        "validation": {
            "cont_1": {
                "accuracy": [
                    0.865714856230032
                ],
                "flatness": [
                    0.3023151885595664
                ]
            },
            "cont_2": {
                "accuracy": [
                    0.573582268370607
                ],
                "flatness": [
                    0.34902632724107924
                ]
            },
            "cont_3": {
                "accuracy": [
                    0.5730830670926518
                ],
                "flatness": [
                    0.3210431184668989
                ]
            },
            "cont_4": {
                "accuracy": [
                    0.5781749201277955
                ],
                "flatness": [
                    0.3327415385943706
                ]
            },
            "cont_5": {
                "accuracy": [
                    0.5639976038338658
                ],
                "flatness": [
                    0.31998141263940527
                ]
            }
        }
    },
    "cont_2": {
        "training": {
            "loss": [
                1.4848219401920184
            ],
            "accuracy": [
                0.608426517571885
            ]
        },
        "validation": {
            "cont_1": {
                "accuracy": [
                    0.849241214057508
                ],
                "flatness": [
                    0.28771088055490246
                ]
            },
            "cont_2": {
                "accuracy": [
                    0.8361621405750799
                ],
                "flatness": [
                    0.3583149253731343
                ]
            },
            "cont_3": {
                "accuracy": [
                    0.6647364217252396
                ],
                "flatness": [
                    0.37344454040252334
                ]
            },
            "cont_4": {
                "accuracy": [
                    0.6611421725239617
                ],
                "flatness": [
                    0.3583405693144065
                ]
            },
            "cont_5": {
                "accuracy": [
                    0.6624400958466453
                ],
                "flatness": [
                    0.38741710625470993
                ]
            }
        }
    },
    "cont_3": {
        "training": {
            "loss": [
                1.2234580414935041
            ],
            "accuracy": [
                0.6517571884984026
            ]
        },
        "validation": {
            "cont_1": {
                "accuracy": [
                    0.8154952076677316
                ],
                "flatness": [
                    0.4643938234573947
                ]
            },
            "cont_2": {
                "accuracy": [
                    0.7797523961661342
                ],
                "flatness": [
                    0.37471830985915494
                ]
            },
            "cont_3": {
                "accuracy": [
                    0.8591253993610224
                ],
                "flatness": [
                    0.32327571179546777
                ]
            },
            "cont_4": {
                "accuracy": [
                    0.6831070287539937
                ],
                "flatness": [
                    0.45346572639579075
                ]
            },
            "cont_5": {
                "accuracy": [
                    0.6894968051118211
                ],
                "flatness": [
                    0.37561359687228496
                ]
            }
        }
    },
    "cont_4": {
        "training": {
            "loss": [
                1.1130027245408811
            ],
            "accuracy": [
                0.6824081469648562
            ]
        },
        "validation": {
            "cont_1": {
                "accuracy": [
                    0.799720447284345
                ],
                "flatness": [
                    0.4755079588014982
                ]
            },
            "cont_2": {
                "accuracy": [
                    0.7680710862619808
                ],
                "flatness": [
                    0.4717072338489536
                ]
            },
            "cont_3": {
                "accuracy": [
                    0.801417731629393
                ],
                "flatness": [
                    0.5310413292637348
                ]
            },
            "cont_4": {
                "accuracy": [
                    0.8834864217252396
                ],
                "flatness": [
                    0.36565007345462763
                ]
            },
            "cont_5": {
                "accuracy": [
                    0.6999800319488818
                ],
                "flatness": [
                    0.591813756953359
                ]
            }
        }
    },
    "cont_5": {
        "training": {
            "loss": [
                1.059634923363646
            ],
            "accuracy": [
                0.6931908945686901
            ]
        },
        "validation": {
            "cont_1": {
                "accuracy": [
                    0.8006190095846646
                ],
                "flatness": [
                    0.5230327971068711
                ]
            },