{
    "random_1": {
        "training": {
            "loss": [
                2.507800321429061,
                1.9052030315384663
            ],
            "accuracy": [
                0.20540694726166328,
                0.3571247464503043
            ]
        },
        "validation": {
            "random_1": {
                "accuracy": [
                    0.49074543610547666
                ]
            }
        }
    },
    "random_2": {
        "training": {
            "loss": [
                2.5199738832806475,
                1.9086223536040672
            ],
            "accuracy": [
                0.2015403144016227,
                0.354842799188641
            ]
        },
        "validation": {
            "random_2": {
                "accuracy": [
                    0.4488780425963489
                ]
            }
        }
    },
    "random_3": {
        "training": {
            "loss": [
                2.5094850854627015,
                1.9093555952847368
            ],
            "accuracy": [
                0.20524847870182555,
                0.3518002028397566
            ]
        },
        "validation": {
            "random_3": {
                "accuracy": [
                    0.487164046653144
                ]
            }
        }
    },
    "random_4": {
        "training": {
            "loss": [
                2.5032239258893845,
                1.898855317043968
            ],
            "accuracy": [
                0.2028397565922921,
                0.3523073022312373
            ]
        },
        "validation": {
            "random_4": {
                "accuracy": [
                    0.4686549188640974
                ]
            }
        }
    },
    "random_5": {
        "training": {
            "loss": [
                2.5041443653570954,
                1.898650605647124
            ],
            "accuracy": [
                0.20657961460446247,
                0.354842799188641
            ]
        },
        "validation": {
            "random_5": {
                "accuracy": [
                    0.4925202839756592
                ]
            }
        }
    },
    "cont_1": {
        "training": {
            "loss": [
                2.512077310989643,
                1.9105804936155586
            ],
            "accuracy": [
                0.20550202839756593,
                0.3516734279918864
            ]
        },
        "validation": {
            "cont_1": {
                "accuracy": [
                    0.48199797160243407
                ]
            },
            "cont_2": {
                "accuracy": [
                    0.35148326572008115
                ]
            },
            "cont_3": {
                "accuracy": [
                    0.35031059837728196
                ]
            },
            "cont_4": {
                "accuracy": [
                    0.3516734279918864
                ]
            },
            "cont_5": {
                "accuracy": [
                    0.3531313387423935
                ]
            }
        }
    },
    "cont_2": {
        "training": {
            "loss": [
                2.097636885744563,
                1.8499416054564606
            ],
            "accuracy": [
                0.3599137931034483,
                0.4313197261663286
            ]
        },
        "validation": {
            "cont_1": {
                "accuracy": [
                    0.4640276369168357
                ]
            },
            "cont_2": {
                "accuracy": [
                    0.5422794117647058
                ]
            },
            "cont_3": {
                "accuracy": [
                    0.40016480730223125
                ]
            },
            "cont_4": {
                "accuracy": [
                    0.4027003042596349
                ]
            },
            "cont_5": {
                "accuracy": [
                    0.40821501014198786
                ]
            }
        }
    },
    "cont_3": {
        "training": {
            "loss": [
                1.96239796413853,
                1.7328457780046347
            ],
            "accuracy": [
                0.38831135902636915,
                0.46155552738336714
            ]
        },
        "validation": {
            "cont_1": {
                "accuracy": [
                    0.47014452332657203
                ]
            },
            "cont_2": {
                "accuracy": [
                    0.5086523833671399
                ]
            },
            "cont_3": {
                "accuracy": [
                    0.58329107505071
                ]
            },
            "cont_4": {
                "accuracy": [
                    0.43147819472616633
                ]
            },
            "cont_5": {
                "accuracy": [
                    0.4370562880324544
                ]
            }
        }
    },
    "cont_4": {
        "training": {
            "loss": [
                1.8840729955122872,
                1.650469285116718
            ],
            "accuracy": [
                0.4105920385395537,
                0.48748098377281945
            ]
        },
        "validation": {
            "cont_1": {
                "accuracy": [
                    0.4647882860040568
                ]
            },
            "cont_2": {
                "accuracy": [
                    0.4899847870182556
                ]
            },
            "cont_3": {
                "accuracy": [
                    0.5192063894523327
                ]
            },
            "cont_4": {
                "accuracy": [
                    0.5917216024340771
                ]
            },
            "cont_5": {
                "accuracy": [
                    0.4454868154158215
                ]
            }
        }
    },
    "cont_5": {
        "training": {
            "loss": [
                1.8414520507047432,
                1.6141150920495058
            ],
            "accuracy": [
                0.42967165314401623,
                0.5000633874239351
            ]
        },
        "validation": {
            "cont_1": {
                "accuracy": [
                    0.47927231237322515
                ]
            },
            "cont_2": {
                "accuracy": [
                    0.4945803752535497
                ]
            },
            "cont_3": {
                "accuracy": [
                    0.5095081135902637
                ]
            },
            "cont_4": {
                "accuracy": [
                    0.5459875760649088
                ]
            },
            "cont_5": {
                "accuracy": [
                    0.6164110040567952
                ]
            }
        }
    },
    "training_metrics": {
        "training": {},
        "validation": {
            "cont_1": {
                "accuracy": [
                    0.47927231237322515
                ],
                "flatness": [
                    0.14779350174139222
                ]
            },
            "cont_2": {
                "accuracy": [
                    0.4945803752535497
                ],
                "flatness": [
                    0.16185540117613167
                ]
            },
            "cont_3": {
                "accuracy": [
                    0.5095081135902637
                ],
                "flatness": [
                    0.12762358594655185
                ]
            },
            "cont_4": {
                "accuracy": [
                    0.5459875760649088
                ],
                "flatness": [
                    0.18558253340862035
                ]
            },
            "cont_5": {
                "accuracy": [
                    0.6164110040567952
                ],