{
    "random_1": {
        "training": {
            "loss": [
                3.3433655517338257,
                2.5330678771040263
            ],
            "accuracy": [
                0.20553372210953347,
                0.3518635902636917
            ]
        },
        "validation": {
            "random_1": {
                "accuracy": [
                    0.48580121703853957
                ]
            }
        }
    },
    "random_2": {
        "training": {
            "loss": [
                3.353461959601416,
                2.5487760700753928
            ],
            "accuracy": [
                0.20150862068965517,
                0.3506909229208925
            ]
        },
        "validation": {
            "random_2": {
                "accuracy": [
                    0.44190542596348886
                ]
            }
        }
    },
    "random_3": {
        "training": {
            "loss": [
                3.3707788900961497,
                2.5617239356161856
            ],
            "accuracy": [
                0.20163539553752535,
                0.34967672413793105
            ]
        },
        "validation": {
            "random_3": {
                "accuracy": [
                    0.4741062373225152
                ]
            }
        }
    },
    "random_4": {
        "training": {
            "loss": [
                3.3321692397096334,
                2.5321536360357646
            ],
            "accuracy": [
                0.20997084178498987,
                0.3555717545638945
            ]
        },
        "validation": {
            "random_4": {
                "accuracy": [
                    0.4671336206896552
                ]
            }
        }
    },
    "random_5": {
        "training": {
            "loss": [
                3.332473280886849,
                2.538058716191723
            ],
            "accuracy": [
                0.20572388438133873,
                0.3515149594320487
            ]
        },
        "validation": {
            "random_5": {
                "accuracy": [
                    0.4838362068965517
                ]
            }
        }
    },
    "cont_1": {
        "training": {
            "loss": [
                3.344333372118507,
                2.534009443214409
            ],
            "accuracy": [
                0.2043927484787018,
                0.35490618661257606
            ]
        },
        "validation": {
            "cont_1": {
                "accuracy": [
                    0.4903334178498986
                ]
            },
            "cont_2": {
                "accuracy": [
                    0.34967672413793105
                ]
            },
            "cont_3": {
                "accuracy": [
                    0.3530679513184584
                ]
            },
            "cont_4": {
                "accuracy": [
                    0.354145537525355
                ]
            },
            "cont_5": {
                "accuracy": [
                    0.3530362576064909
                ]
            }
        }
    },
    "cont_2": {
        "training": {
            "loss": [
                2.6385821304142354,
                2.332551791206093
            ],
            "accuracy": [
                0.3472996957403651,
                0.41876901622718055
            ]
        },
        "validation": {
            "cont_1": {
                "accuracy": [
                    0.4587347870182556
                ]
            },
            "cont_2": {
                "accuracy": [
                    0.5471602434077079
                ]
            },
            "cont_3": {
                "accuracy": [
                    0.4009254563894523
                ]
            },
            "cont_4": {
                "accuracy": [
                    0.3976926977687627
                ]
            },
            "cont_5": {
                "accuracy": [
                    0.4014642494929006
                ]
            }
        }
    },
    "cont_3": {
        "training": {
            "loss": [
                2.4751833293428285,
                2.1941743441696824
            ],
            "accuracy": [
                0.38029284989858014,
                0.44621577079107505
            ]
        },
        "validation": {
            "cont_1": {
                "accuracy": [
                    0.46976419878296144
                ]
            },
            "cont_2": {
                "accuracy": [
                    0.49600659229208927
                ]
            },
            "cont_3": {
                "accuracy": [
                    0.5925139452332657
                ]
            },
            "cont_4": {
                "accuracy": [
                    0.429196247464503
                ]
            },
            "cont_5": {
                "accuracy": [
                    0.42967165314401623
                ]
            }
        }
    },
    "cont_4": {
        "training": {
            "loss": [
                2.3761034557108465,
                2.0900749796000264
            ],
            "accuracy": [
                0.4011790060851927,
                0.46795765720081134
            ]
        },
        "validation": {
            "cont_1": {
                "accuracy": [
                    0.46573909736308317
                ]
            },
            "cont_2": {
                "accuracy": [
                    0.47746577079107505
                ]
            },
            "cont_3": {
                "accuracy": [
                    0.5128676470588235
                ]
            },
            "cont_4": {
                "accuracy": [
                    0.5946691176470589
                ]
            },
            "cont_5": {
                "accuracy": [
                    0.4368661257606491
                ]
            }
        }
    },
    "cont_5": {
        "training": {
            "loss": [
                2.3128530810498322,
                2.033031478010375
            ],
            "accuracy": [
                0.41334939148073024,
                0.4806985294117647
            ]
        },
        "validation": {
            "cont_1": {
                "accuracy": [
                    0.46976419878296144
                ]
            },
            "cont_2": {
                "accuracy": [
                    0.4838045131845842
                ]
            },
            "cont_3": {
                "accuracy": [
                    0.49961967545638947
                ]
            },
            "cont_4": {
                "accuracy": [
                    0.5251965010141988
                ]
            },
            "cont_5": {
                "accuracy": [
                    0.6102624239350912
                ]
            }
        }
    },
    "training_metrics": {
        "training": {},
        "validation": {
            "cont_1": {
                "accuracy": [
                    0.46976419878296144
                ],
                "flatness": [
                    0.08977209689664149
                ]
            },
            "cont_2": {
                "accuracy": [
                    0.4838045131845842
                ],
                "flatness": [
                    0.1734202820871671
                ]
            },
            "cont_3": {
                "accuracy": [
                    0.49961967545638947
                ],
                "flatness": [
                    0.06975002498981187
                ]
            },
            "cont_4": {
                "accuracy": [
                    0.5251965010141988
                ],
                "flatness": [
                    0.14677046245448877
                ]
            },
            "cont_5": {
                "accuracy": [
                    0.6102624239350912
                ],