{
    "random_1": {
        "training": {
            "loss": [
                0.2552425960858409
            ],
            "accuracy": [
                0.9150359424920128
            ]
        },
        "validation": {
            "random_1": {
                "accuracy": [
                    0.9488817891373802
                ],
                "flatness": [
                    0.609475615530303
                ]
            }
        }
    },
    "random_2": {
        "training": {
            "loss": [
                0.3571554996525518
            ],
            "accuracy": [
                0.8790934504792333
            ]
        },
        "validation": {
            "random_2": {
                "accuracy": [
                    0.9663538338658147
                ],
                "flatness": [
                    0.636655387953301
                ]
            }
        }
    },
    "random_3": {
        "training": {
            "loss": [
                0.36979620746625497
            ],
            "accuracy": [
                0.8770966453674122
            ]
        },
        "validation": {
            "random_3": {
                "accuracy": [
                    0.9672523961661342
                ],
                "flatness": [
                    0.6207176403798514
                ]
            }
        }
    },
    "random_4": {
        "training": {
            "loss": [
                0.36278861678970126
            ],
            "accuracy": [
                0.87689696485623
            ]
        },
        "validation": {
            "random_4": {
                "accuracy": [
                    0.9616613418530351
                ],
                "flatness": [
                    0.735218542358804
                ]
            }
        }
    },
    "random_5": {
        "training": {
            "loss": [
                0.37262510370236995
            ],
            "accuracy": [
                0.8730031948881789
            ]
        },
        "validation": {
            "random_5": {
                "accuracy": [
                    0.9568690095846646
                ],
                "flatness": [
                    0.7072627556343907
                ]
            }
        }
    },
    "cont_1": {
        "training": {
            "loss": [
                0.19536109988431866
            ],
            "accuracy": [
                0.9330071884984026
            ]
        },
        "validation": {
            "cont_1": {
                "accuracy": [
                    0.9405950479233227
                ],
                "flatness": [
                    0.554627295403885
                ]
            },
            "cont_2": {
                "accuracy": [
                    0.862220447284345
                ],
                "flatness": [
                    0.6886289949050487
                ]
            },
            "cont_3": {
                "accuracy": [
                    0.862220447284345
                ],
                "flatness": [
                    0.6412857515053265
                ]
            },
            "cont_4": {
                "accuracy": [
                    0.8531349840255591
                ],
                "flatness": [
                    0.5251770040959626
                ]
            },
            "cont_5": {
                "accuracy": [
                    0.8532348242811502
                ],
                "flatness": [
                    0.6038599929791715
                ]
            }
        }
    },
    "cont_2": {
        "training": {
            "loss": [
                0.3844676701643596
            ],
            "accuracy": [
                0.8759984025559105
            ]
        },
        "validation": {
            "cont_1": {
                "accuracy": [
                    0.9362020766773163
                ],
                "flatness": [
                    0.7693985283139597
                ]
            },
            "cont_2": {
                "accuracy": [
                    0.9606629392971247
                ],
                "flatness": [
                    0.6579115568488879
                ]
            },
            "cont_3": {
                "accuracy": [
                    0.8975638977635783
                ],
                "flatness": [
                    0.6734809510567297
                ]
            },
            "cont_4": {
                "accuracy": [
                    0.8927715654952076
                ],
                "flatness": [
                    0.6895660925967345
                ]
            },
            "cont_5": {
                "accuracy": [
                    0.8966653354632588
                ],
                "flatness": [
                    0.7057398953345952
                ]
            }
        }
    },
    "cont_3": {
        "training": {
            "loss": [
                0.36095124672348505
            ],
            "accuracy": [
                0.8773961661341853
            ]
        },
        "validation": {
            "cont_1": {
                "accuracy": [
                    0.9263178913738019
                ],
                "flatness": [
                    0.7099260347057554
                ]
            },
            "cont_2": {
                "accuracy": [
                    0.9304113418530351
                ],
                "flatness": [
                    0.669016927781951
                ]
            },
            "cont_3": {
                "accuracy": [
                    0.9600638977635783
                ],
                "flatness": [
                    0.6404196131447588
                ]
            },
            "cont_4": {
                "accuracy": [
                    0.8954672523961661
                ],
                "flatness": [
                    0.7675374902441744
                ]
            },
            "cont_5": {
                "accuracy": [
                    0.8926717252396166
                ],
                "flatness": [
                    0.7229001230287441
                ]
            }
        }
    },
    "cont_4": {
        "training": {
            "loss": [
                0.4460509446815561
            ],
            "accuracy": [
                0.8513378594249201
            ]
        },
        "validation": {
            "cont_1": {
                "accuracy": [
                    0.9111421725239617
                ],
                "flatness": [
                    0.6679459785229016
                ]
            },
            "cont_2": {
                "accuracy": [
                    0.9149361022364217
                ],
                "flatness": [
                    0.6828943419903972
                ]
            },
            "cont_3": {
                "accuracy": [
                    0.9250199680511182
                ],
                "flatness": [
                    0.6518018078791149
                ]
            },
            "cont_4": {
                "accuracy": [
                    0.9593650159744409
                ],
                "flatness": [
                    0.6231742376938287
                ]
            },
            "cont_5": {
                "accuracy": [
                    0.8918730031948882
                ],
                "flatness": [
                    0.7073421582894884
                ]
            }
        }
    },
    "cont_5": {
        "training": {
            "loss": [
                0.47388998559488654
            ],
            "accuracy": [
                0.8373602236421726
            ]
        },
        "validation": {
            "cont_1": {
                "accuracy": [
                    0.8774960063897763
                ],
                "flatness": [
                    0.6815380020480146
                ]
            },