{
    "random_1": {
        "training": {
            "loss": [
                2.428185840003407
            ],
            "accuracy": [
                0.39636581469648563
            ]
        },
        "validation": {
            "random_1": {
                "accuracy": [
                    0.761082268370607
                ],
                "flatness": [
                    0.24276695526695527
                ]
            }
        }
    },
    "random_2": {
        "training": {
            "loss": [
                2.413969547984699
            ],
            "accuracy": [
                0.3997603833865815
            ]
        },
        "validation": {
            "random_2": {
                "accuracy": [
                    0.7419129392971247
                ],
                "flatness": [
                    0.20296982236576505
                ]
            }
        }
    },
    "random_3": {
        "training": {
            "loss": [
                2.427832568796298
            ],
            "accuracy": [
                0.39516773162939295
            ]
        },
        "validation": {
            "random_3": {
                "accuracy": [
                    0.7535942492012779
                ],
                "flatness": [
                    0.280945283518813
                ]
            }
        }
    },
    "random_4": {
        "training": {
            "loss": [
                2.4119793557511353
            ],
            "accuracy": [
                0.3953674121405751
            ]
        },
        "validation": {
            "random_4": {
                "accuracy": [
                    0.7590854632587859
                ],
                "flatness": [
                    0.2341427725897672
                ]
            }
        }
    },
    "random_5": {
        "training": {
            "loss": [
                2.426712868312677
            ],
            "accuracy": [
                0.39626597444089456
            ]
        },
        "validation": {
            "random_5": {
                "accuracy": [
                    0.7311301916932907
                ],
                "flatness": [
                    0.23454697528335383
                ]
            }
        }
    },
    "cont_1": {
        "training": {
            "loss": [
                2.4590957981709853
            ],
            "accuracy": [
                0.38688099041533547
            ]
        },
        "validation": {
            "cont_1": {
                "accuracy": [
                    0.7380191693290735
                ],
                "flatness": [
                    0.32260129193722936
                ]
            },
            "cont_2": {
                "accuracy": [
                    0.5719848242811502
                ],
                "flatness": [
                    0.33770836969802753
                ]
            },
            "cont_3": {
                "accuracy": [
                    0.5694888178913738
                ],
                "flatness": [
                    0.2904880347124824
                ]
            },
            "cont_4": {
                "accuracy": [
                    0.5696884984025559
                ],
                "flatness": [
                    0.3349555292674378
                ]
            },
            "cont_5": {
                "accuracy": [
                    0.5629992012779552
                ],
                "flatness": [
                    0.2830821067565171
                ]
            }
        }
    },
    "cont_2": {
        "training": {
            "loss": [
                1.5491458404178438
            ],
            "accuracy": [
                0.5726837060702875
            ]
        },
        "validation": {
            "cont_1": {
                "accuracy": [
                    0.6850039936102237
                ],
                "flatness": [
                    0.2990972525870864
                ]
            },
            "cont_2": {
                "accuracy": [
                    0.8071086261980831
                ],
                "flatness": [
                    0.3020039584364176
                ]
            },
            "cont_3": {
                "accuracy": [
                    0.6285942492012779
                ],
                "flatness": [
                    0.27653470457433293
                ]
            },
            "cont_4": {
                "accuracy": [
                    0.6296924920127795
                ],
                "flatness": [
                    0.3225780878389092
                ]
            },
            "cont_5": {
                "accuracy": [
                    0.6255990415335463
                ],
                "flatness": [
                    0.324376595914459
                ]
            }
        }
    },
    "cont_3": {
        "training": {
            "loss": [
                1.3259852804695835
            ],
            "accuracy": [
                0.6280950479233227
            ]
        },
        "validation": {
            "cont_1": {
                "accuracy": [
                    0.6931908945686901
                ],
                "flatness": [
                    0.4491232176292669
                ]
            },
            "cont_2": {
                "accuracy": [
                    0.733326677316294
                ],
                "flatness": [
                    0.34996766507828453
                ]
            },
            "cont_3": {
                "accuracy": [
                    0.8367611821086262
                ],
                "flatness": [
                    0.32468007994272763
                ]
            },
            "cont_4": {
                "accuracy": [
                    0.6494608626198083
                ],
                "flatness": [
                    0.40388066871637207
                ]
            },
            "cont_5": {
                "accuracy": [
                    0.6498602236421726
                ],
                "flatness": [
                    0.3357092103241665
                ]
            }
        }
    },
    "cont_4": {
        "training": {
            "loss": [
                1.2179953461637893
            ],
            "accuracy": [
                0.6524560702875399
            ]
        },
        "validation": {
            "cont_1": {
                "accuracy": [
                    0.7159544728434505
                ],
                "flatness": [
                    0.4664882861525589
                ]
            },
            "cont_2": {
                "accuracy": [
                    0.7440095846645367
                ],
                "flatness": [
                    0.4607110507246377
                ]
            },
            "cont_3": {
                "accuracy": [
                    0.775758785942492
                ],
                "flatness": [
                    0.5035392535392536
                ]
            },
            "cont_4": {
                "accuracy": [
                    0.8688099041533547
                ],
                "flatness": [
                    0.3857647667202942
                ]
            },
            "cont_5": {
                "accuracy": [
                    0.6875998402555911
                ],
                "flatness": [
                    0.5428188979236241
                ]
            }
        }
    },
    "cont_5": {
        "training": {
            "loss": [
                1.1459919943596228
            ],
            "accuracy": [
                0.6667332268370607
            ]
        },
        "validation": {
            "cont_1": {
                "accuracy": [
                    0.7278354632587859
                ],
                "flatness": [
                    0.4951003086419753
                ]
            },