{
    "random_1": {
        "training": {
            "loss": [
                0.302888227187714
            ],
            "accuracy": [
                0.9022691082802548
            ]
        },
        "validation": {
            "random_1": {
                "accuracy": [
                    0.9651671974522293
                ]
            }
        }
    },
    "random_2": {
        "training": {
            "loss": [
                0.4942348769800678
            ],
            "accuracy": [
                0.8316082802547771
            ]
        },
        "validation": {
            "random_2": {
                "accuracy": [
                    0.9647691082802548
                ]
            }
        }
    },
    "random_3": {
        "training": {
            "loss": [
                0.46332130490974255
            ],
            "accuracy": [
                0.8469347133757962
            ]
        },
        "validation": {
            "random_3": {
                "accuracy": [
                    0.9609872611464968
                ]
            }
        }
    },
    "random_4": {
        "training": {
            "loss": [
                0.4890236962752737
            ],
            "accuracy": [
                0.8413614649681529
            ]
        },
        "validation": {
            "random_4": {
                "accuracy": [
                    0.955015923566879
                ]
            }
        }
    },
    "random_5": {
        "training": {
            "loss": [
                0.4775998527836648
            ],
            "accuracy": [
                0.8439490445859873
            ]
        },
        "validation": {
            "random_5": {
                "accuracy": [
                    0.9456608280254777
                ]
            }
        }
    },
    "random_6": {
        "training": {
            "loss": [
                0.494416173761058
            ],
            "accuracy": [
                0.8385748407643312
            ]
        },
        "validation": {
            "random_6": {
                "accuracy": [
                    0.9675557324840764
                ]
            }
        }
    },
    "random_7": {
        "training": {
            "loss": [
                0.4814929295876983
            ],
            "accuracy": [
                0.8467356687898089
            ]
        },
        "validation": {
            "random_7": {
                "accuracy": [
                    0.9578025477707006
                ]
            }
        }
    },
    "random_8": {
        "training": {
            "loss": [
                0.5016368530263566
            ],
            "accuracy": [
                0.8421576433121019
            ]
        },
        "validation": {
            "random_8": {
                "accuracy": [
                    0.9514331210191083
                ]
            }
        }
    },
    "random_9": {
        "training": {
            "loss": [
                0.49704241211626937
            ],
            "accuracy": [
                0.8333996815286624
            ]
        },
        "validation": {
            "random_9": {
                "accuracy": [
                    0.9653662420382165
                ]
            }
        }
    },
    "random_10": {
        "training": {
            "loss": [
                0.4788595994661568
            ],
            "accuracy": [
                0.8389729299363057
            ]
        },
        "validation": {
            "random_10": {
                "accuracy": [
                    0.9593949044585988
                ]
            }
        }
    },
    "cont_1": {
        "training": {
            "loss": [
                0.22511255023348484
            ],
            "accuracy": [
                0.9251592356687898
            ]
        },
        "validation": {
            "cont_1": {
                "accuracy": [
                    0.946656050955414
                ]
            },
            "cont_2": {
                "accuracy": [
                    0.8240445859872612
                ]
            },
            "cont_3": {
                "accuracy": [
                    0.8357882165605095
                ]
            },
            "cont_4": {
                "accuracy": [
                    0.8365843949044586
                ]
            },
            "cont_5": {
                "accuracy": [
                    0.8230493630573248
                ]
            },
            "cont_6": {
                "accuracy": [
                    0.8339968152866242
                ]
            },
            "cont_7": {
                "accuracy": [
                    0.8294187898089171
                ]
            },
            "cont_8": {
                "accuracy": [
                    0.82921974522293
                ]
            },
            "cont_9": {
                "accuracy": [
                    0.8268312101910829
                ]
            },
            "cont_10": {
                "accuracy": [
                    0.8250398089171974
                ]
            }
        }
    },
    "cont_2": {
        "training": {
            "loss": [
                0.5618683337026341
            ],
            "accuracy": [
                0.8196656050955414
            ]
        },
        "validation": {
            "cont_1": {
                "accuracy": [
                    0.9114251592356688
                ]
            },
            "cont_2": {
                "accuracy": [
                    0.932921974522293
                ]
            },
            "cont_3": {
                "accuracy": [
                    0.8531050955414012
                ]
            },
            "cont_4": {
                "accuracy": [
                    0.8515127388535032
                ]
            },
            "cont_5": {
                "accuracy": [
                    0.8535031847133758
                ]
            },
            "cont_6": {
                "accuracy": [
                    0.8531050955414012
                ]
            },
            "cont_7": {
                "accuracy": [
                    0.8511146496815286
                ]
            },
            "cont_8": {
                "accuracy": [
                    0.8401671974522293
                ]
            },
            "cont_9": {
                "accuracy": [
                    0.8459394904458599
                ]
            },
            "cont_10": {
                "accuracy": [
                    0.839171974522293
                ]
            }
        }
    },
    "cont_3": {
        "training": {
            "loss": [
                0.4404607034128183
            ],
            "accuracy": [
                0.8489251592356688
            ]
        },
        "validation": {
            "cont_1": {
                "accuracy": [
                    0.9080414012738853
                ]
            },
            "cont_2": {
                "accuracy": [
                    0.9233678343949044
                ]
            },
            "cont_3": {
                "accuracy": [
                    0.9538216560509554
                ]
            },
            "cont_4": {
                "accuracy": [
                    0.8740047770700637
                ]
            },
            "cont_5": {
                "accuracy": [
                    0.8710191082802548
                ]
            },
            "cont_6": {
                "accuracy": [
                    0.8775875796178344
                ]
            },
            "cont_7": {
                "accuracy": [
                    0.8656449044585988
                ]
            },
            "cont_8": {
                "accuracy": [
                    0.8628582802547771
                ]
            },