{
    "random_1": {
        "training": {
            "loss": [
                0.5346429668366909
            ],
            "accuracy": [
                0.8215
            ]
        },
        "validation": {
            "random_1": {
                "accuracy": [
                    0.9594166666666667
                ]
            }
        }
    },
    "random_2": {
        "training": {
            "loss": [
                0.522702337662379
            ],
            "accuracy": [
                0.82375
            ]
        },
        "validation": {
            "random_2": {
                "accuracy": [
                    0.94625
                ]
            }
        }
    },
    "random_3": {
        "training": {
            "loss": [
                0.5156448268691699
            ],
            "accuracy": [
                0.82575
            ]
        },
        "validation": {
            "random_3": {
                "accuracy": [
                    0.9598333333333333
                ]
            }
        }
    },
    "random_4": {
        "training": {
            "loss": [
                0.5227235234280427
            ],
            "accuracy": [
                0.8235
            ]
        },
        "validation": {
            "random_4": {
                "accuracy": [
                    0.9588333333333333
                ]
            }
        }
    },
    "random_5": {
        "training": {
            "loss": [
                0.5045061892271042
            ],
            "accuracy": [
                0.8295833333333333
            ]
        },
        "validation": {
            "random_5": {
                "accuracy": [
                    0.9448333333333333
                ]
            }
        }
    },
    "cont_1": {
        "training": {
            "loss": [
                0.5257305348416169
            ],
            "accuracy": [
                0.821
            ]
        },
        "validation": {
            "cont_1": {
                "accuracy": [
                    0.9475
                ]
            },
            "cont_2": {
                "accuracy": [
                    0.8859166666666667
                ]
            },
            "cont_3": {
                "accuracy": [
                    0.8904166666666666
                ]
            },
            "cont_4": {
                "accuracy": [
                    0.8931666666666667
                ]
            },
            "cont_5": {
                "accuracy": [
                    0.8936666666666667
                ]
            }
        }
    },
    "cont_2": {
        "training": {
            "loss": [
                -1917.861386714697
            ],
            "accuracy": [
                0.6498333333333334
            ]
        },
        "validation": {
            "cont_1": {
                "accuracy": [
                    0.2846666666666667
                ]
            },
            "cont_2": {
                "accuracy": [
                    0.30516666666666664
                ]
            },
            "cont_3": {
                "accuracy": [
                    0.2881666666666667
                ]
            },
            "cont_4": {
                "accuracy": [
                    0.28733333333333333
                ]
            },
            "cont_5": {
                "accuracy": [
                    0.28958333333333336
                ]
            }
        }
    },
    "cont_3": {
        "training": {
            "loss": [
                -365.83408685715995
            ],
            "accuracy": [
                0.5301666666666667
            ]
        },
        "validation": {
            "cont_1": {
                "accuracy": [
                    0.5624166666666667
                ]
            },
            "cont_2": {
                "accuracy": [
                    0.5695833333333333
                ]
            },
            "cont_3": {
                "accuracy": [
                    0.62375
                ]
            },
            "cont_4": {
                "accuracy": [
                    0.5576666666666666
                ]
            },
            "cont_5": {
                "accuracy": [
                    0.5573333333333333
                ]
            }
        }
    },
    "cont_4": {
        "training": {
            "loss": [
                -24.62499528090159
            ],
            "accuracy": [
                0.6051666666666666
            ]
        },
        "validation": {
            "cont_1": {
                "accuracy": [
                    0.598
                ]
            },
            "cont_2": {
                "accuracy": [
                    0.6005833333333334
                ]
            },
            "cont_3": {
                "accuracy": [
                    0.601
                ]
            },
            "cont_4": {
                "accuracy": [
                    0.662
                ]
            },
            "cont_5": {
                "accuracy": [
                    0.5984166666666667
                ]
            }
        }
    },
    "cont_5": {
        "training": {
            "loss": [
                -9.16723464679718
            ],
            "accuracy": [
                0.65125
            ]
        },
        "validation": {
            "cont_1": {
                "accuracy": [
                    0.64225
                ]
            },
            "cont_2": {
                "accuracy": [
                    0.64525
                ]
            },
            "cont_3": {
                "accuracy": [
                    0.6509166666666667
                ]
            },
            "cont_4": {
                "accuracy": [
                    0.6650833333333334
                ]
            },
            "cont_5": {
                "accuracy": [
                    0.7108333333333333
                ]
            }
        }
    },
    "training_metrics": {
        "training": {},
        "validation": {
            "cont_1": {
                "accuracy": [
                    0.64225
                ],
                "flatness": [
                    0.40871934604904625
                ]
            },
            "cont_2": {
                "accuracy": [
                    0.64525
                ],
                "flatness": [
                    0.5419156181814474
                ]
            },
            "cont_3": {
                "accuracy": [
                    0.6509166666666667
                ],
                "flatness": [
                    0.5048548268635998
                ]
            },
            "cont_4": {
                "accuracy": [
                    0.6650833333333334
                ],
                "flatness": [
                    0.5900526909304334
                ]
            },
            "cont_5": {
                "accuracy": [
                    0.7108333333333333
                ],
                "flatness": [
                    0.4824304312951194
                ]
            }
        }
    }
}