{
    "random_1": {
        "training": {
            "loss": [
                0.5346429668366909
            ],
            "accuracy": [
                0.8215
            ]
        },
        "validation": {
            "random_1": {
                "accuracy": [
                    0.9594166666666667
                ]
            }
        }
    },
    "random_2": {
        "training": {
            "loss": [
                0.522702337662379
            ],
            "accuracy": [
                0.82375
            ]
        },
        "validation": {
            "random_2": {
                "accuracy": [
                    0.94625
                ]
            }
        }
    },
    "random_3": {
        "training": {
            "loss": [
                0.5156448268691699
            ],
            "accuracy": [
                0.82575
            ]
        },
        "validation": {
            "random_3": {
                "accuracy": [
                    0.9598333333333333
                ]
            }
        }
    },
    "random_4": {
        "training": {
            "loss": [
                0.5227235234280427
            ],
            "accuracy": [
                0.8235
            ]
        },
        "validation": {
            "random_4": {
                "accuracy": [
                    0.9588333333333333
                ]
            }
        }
    },
    "random_5": {
        "training": {
            "loss": [
                0.5045061892271042
            ],
            "accuracy": [
                0.8295833333333333
            ]
        },
        "validation": {
            "random_5": {
                "accuracy": [
                    0.9448333333333333
                ]
            }
        }
    },
    "cont_1": {
        "training": {
            "loss": [
                0.5257305348416169
            ],
            "accuracy": [
                0.821
            ]
        },
        "validation": {
            "cont_1": {
                "accuracy": [
                    0.9475
                ]
            },
            "cont_2": {
                "accuracy": [
                    0.8859166666666667
                ]
            },
            "cont_3": {
                "accuracy": [
                    0.8904166666666666
                ]
            },
            "cont_4": {
                "accuracy": [
                    0.8931666666666667
                ]
            },
            "cont_5": {
                "accuracy": [
                    0.8936666666666667
                ]
            }
        }
    },
    "cont_2": {
        "training": {
            "loss": [
                0.36417900111277896
            ],
            "accuracy": [
                0.8770833333333333
            ]
        },
        "validation": {
            "cont_1": {
                "accuracy": [
                    0.9399166666666666
                ]
            },
            "cont_2": {
                "accuracy": [
                    0.9681666666666666
                ]
            },
            "cont_3": {
                "accuracy": [
                    0.915
                ]
            },
            "cont_4": {
                "accuracy": [
                    0.9145833333333333
                ]
            },
            "cont_5": {
                "accuracy": [
                    0.9145833333333333
                ]
            }
        }
    },
    "cont_3": {
        "training": {
            "loss": [
                0.2965758531590303
            ],
            "accuracy": [
                0.9020833333333333
            ]
        },
        "validation": {
            "cont_1": {
                "accuracy": [
                    0.9399166666666666
                ]
            },
            "cont_2": {
                "accuracy": [
                    0.9548333333333333
                ]
            },
            "cont_3": {
                "accuracy": [
                    0.9755
                ]
            },
            "cont_4": {
                "accuracy": [
                    0.9215833333333333
                ]
            },
            "cont_5": {
                "accuracy": [
                    0.9231666666666667
                ]
            }
        }
    },
    "cont_4": {
        "training": {
            "loss": [
                0.27445453297098477
            ],
            "accuracy": [
                0.9069166666666667
            ]
        },
        "validation": {
            "cont_1": {
                "accuracy": [
                    0.93925
                ]
            },
            "cont_2": {
                "accuracy": [
                    0.95125
                ]
            },
            "cont_3": {
                "accuracy": [
                    0.9593333333333334
                ]
            },
            "cont_4": {
                "accuracy": [
                    0.9788333333333333
                ]
            },
            "cont_5": {
                "accuracy": [
                    0.928
                ]
            }
        }
    },
    "cont_5": {
        "training": {
            "loss": [
                0.25902609824637574
            ],
            "accuracy": [
                0.9138333333333334
            ]
        },
        "validation": {
            "cont_1": {
                "accuracy": [
                    0.9338333333333333
                ]
            },
            "cont_2": {
                "accuracy": [
                    0.93825
                ]
            },
            "cont_3": {
                "accuracy": [
                    0.94325
                ]
            },
            "cont_4": {
                "accuracy": [
                    0.9536666666666667
                ]
            },
            "cont_5": {
                "accuracy": [
                    0.9700833333333333
                ]
            }
        }
    },
    "training_metrics": {
        "training": {},
        "validation": {
            "cont_1": {
                "accuracy": [
                    0.9338333333333333
                ],
                "flatness": [
                    0.738678527480579
                ]
            },
            "cont_2": {
                "accuracy": [
                    0.93825
                ],
                "flatness": [
                    0.6692891300994293
                ]
            },
            "cont_3": {
                "accuracy": [
                    0.94325
                ],
                "flatness": [
                    0.8183143387225019
                ]
            },
            "cont_4": {
                "accuracy": [
                    0.9536666666666667
                ],
                "flatness": [
                    0.7721237513567212
                ]
            },
            "cont_5": {
                "accuracy": [
                    0.9700833333333333
                ],
                "flatness": [
                    0.7044633532116522
                ]
            }
        }
    }
}