{
    "random_1": {
        "training": {
            "loss": [
                0.28618722623748005
            ],
            "accuracy": [
                0.9040605095541401
            ]
        },
        "validation": {
            "random_1": {
                "accuracy": [
                    0.9717356687898089
                ]
            }
        }
    },
    "random_2": {
        "training": {
            "loss": [
                0.4598100986450341
            ],
            "accuracy": [
                0.8441480891719745
            ]
        },
        "validation": {
            "random_2": {
                "accuracy": [
                    0.9607882165605095
                ]
            }
        }
    },
    "random_3": {
        "training": {
            "loss": [
                0.4867947671064146
            ],
            "accuracy": [
                0.8314092356687898
            ]
        },
        "validation": {
            "random_3": {
                "accuracy": [
                    0.9605891719745223
                ]
            }
        }
    },
    "random_4": {
        "training": {
            "loss": [
                0.46376538941055345
            ],
            "accuracy": [
                0.8473328025477707
            ]
        },
        "validation": {
            "random_4": {
                "accuracy": [
                    0.9735270700636943
                ]
            }
        }
    },
    "random_5": {
        "training": {
            "loss": [
                0.4454686465631625
            ],
            "accuracy": [
                0.8473328025477707
            ]
        },
        "validation": {
            "random_5": {
                "accuracy": [
                    0.9631767515923567
                ]
            }
        }
    },
    "random_6": {
        "training": {
            "loss": [
                0.44912067644155707
            ],
            "accuracy": [
                0.8473328025477707
            ]
        },
        "validation": {
            "random_6": {
                "accuracy": [
                    0.9524283439490446
                ]
            }
        }
    },
    "random_7": {
        "training": {
            "loss": [
                0.4679019699098578
            ],
            "accuracy": [
                0.8425557324840764
            ]
        },
        "validation": {
            "random_7": {
                "accuracy": [
                    0.9534235668789809
                ]
            }
        }
    },
    "random_8": {
        "training": {
            "loss": [
                0.47388973537903684
            ],
            "accuracy": [
                0.8417595541401274
            ]
        },
        "validation": {
            "random_8": {
                "accuracy": [
                    0.9619824840764332
                ]
            }
        }
    },
    "random_9": {
        "training": {
            "loss": [
                0.4757966440954026
            ],
            "accuracy": [
                0.8429538216560509
            ]
        },
        "validation": {
            "random_9": {
                "accuracy": [
                    0.9695461783439491
                ]
            }
        }
    },
    "random_10": {
        "training": {
            "loss": [
                0.4579992983371589
            ],
            "accuracy": [
                0.8471337579617835
            ]
        },
        "validation": {
            "random_10": {
                "accuracy": [
                    0.9629777070063694
                ]
            }
        }
    },
    "cont_1": {
        "training": {
            "loss": [
                0.230154043959252
            ],
            "accuracy": [
                0.9271496815286624
            ]
        },
        "validation": {
            "cont_1": {
                "accuracy": [
                    0.9450636942675159
                ]
            },
            "cont_2": {
                "accuracy": [
                    0.8222531847133758
                ]
            },
            "cont_3": {
                "accuracy": [
                    0.8142914012738853
                ]
            },
            "cont_4": {
                "accuracy": [
                    0.8200636942675159
                ]
            },
            "cont_5": {
                "accuracy": [
                    0.8294187898089171
                ]
            },
            "cont_6": {
                "accuracy": [
                    0.8276273885350318
                ]
            },
            "cont_7": {
                "accuracy": [
                    0.8232484076433121
                ]
            },
            "cont_8": {
                "accuracy": [
                    0.82921974522293
                ]
            },
            "cont_9": {
                "accuracy": [
                    0.822452229299363
                ]
            },
            "cont_10": {
                "accuracy": [
                    0.8174761146496815
                ]
            }
        }
    },
    "cont_2": {
        "training": {
            "loss": [
                0.45273263880591486
            ],
            "accuracy": [
                0.8568869426751592
            ]
        },
        "validation": {
            "cont_1": {
                "accuracy": [
                    0.9631767515923567
                ]
            },
            "cont_2": {
                "accuracy": [
                    0.9544187898089171
                ]
            },
            "cont_3": {
                "accuracy": [
                    0.8801751592356688
                ]
            },
            "cont_4": {
                "accuracy": [
                    0.8805732484076433
                ]
            },
            "cont_5": {
                "accuracy": [
                    0.897093949044586
                ]
            },
            "cont_6": {
                "accuracy": [
                    0.8901273885350318
                ]
            },
            "cont_7": {
                "accuracy": [
                    0.8905254777070064
                ]
            },
            "cont_8": {
                "accuracy": [
                    0.8885350318471338
                ]
            },
            "cont_9": {
                "accuracy": [
                    0.892515923566879
                ]
            },
            "cont_10": {
                "accuracy": [
                    0.8893312101910829
                ]
            }
        }
    },
    "cont_3": {
        "training": {
            "loss": [
                0.5210939937146606
            ],
            "accuracy": [
                0.8310111464968153
            ]
        },
        "validation": {
            "cont_1": {
                "accuracy": [
                    0.9269506369426752
                ]
            },
            "cont_2": {
                "accuracy": [
                    0.9187898089171974
                ]
            },
            "cont_3": {
                "accuracy": [
                    0.9583996815286624
                ]
            },
            "cont_4": {
                "accuracy": [
                    0.8923168789808917
                ]
            },
            "cont_5": {
                "accuracy": [
                    0.8875398089171974
                ]
            },
            "cont_6": {
                "accuracy": [
                    0.8915207006369427
                ]
            },
            "cont_7": {
                "accuracy": [
                    0.8867436305732485
                ]
            },
            "cont_8": {
                "accuracy": [
                    0.8857484076433121
                ]
            },