{
    "random_1": {
        "training": {
            "loss": [
                2.078897348721822
            ],
            "accuracy": [
                0.4668333333333333
            ]
        },
        "validation": {
            "random_1": {
                "accuracy": [
                    0.8101666666666667
                ]
            }
        }
    },
    "random_2": {
        "training": {
            "loss": [
                2.0849288813273112
            ],
            "accuracy": [
                0.47291666666666665
            ]
        },
        "validation": {
            "random_2": {
                "accuracy": [
                    0.8128333333333333
                ]
            }
        }
    },
    "random_3": {
        "training": {
            "loss": [
                2.0538482302029926
            ],
            "accuracy": [
                0.4725
            ]
        },
        "validation": {
            "random_3": {
                "accuracy": [
                    0.8150833333333334
                ]
            }
        }
    },
    "random_4": {
        "training": {
            "loss": [
                2.0578635206222535
            ],
            "accuracy": [
                0.47408333333333336
            ]
        },
        "validation": {
            "random_4": {
                "accuracy": [
                    0.81175
                ]
            }
        }
    },
    "random_5": {
        "training": {
            "loss": [
                2.058757952372233
            ],
            "accuracy": [
                0.48091666666666666
            ]
        },
        "validation": {
            "random_5": {
                "accuracy": [
                    0.7914166666666667
                ]
            }
        }
    },
    "cont_1": {
        "training": {
            "loss": [
                2.060564885139465
            ],
            "accuracy": [
                0.47041666666666665
            ]
        },
        "validation": {
            "cont_1": {
                "accuracy": [
                    0.79175
                ]
            },
            "cont_2": {
                "accuracy": [
                    0.6266666666666667
                ]
            },
            "cont_3": {
                "accuracy": [
                    0.6376666666666667
                ]
            },
            "cont_4": {
                "accuracy": [
                    0.6335
                ]
            },
            "cont_5": {
                "accuracy": [
                    0.6394166666666666
                ]
            }
        }
    },
    "cont_2": {
        "training": {
            "loss": [
                1.2598033802509307
            ],
            "accuracy": [
                0.6386666666666667
            ]
        },
        "validation": {
            "cont_1": {
                "accuracy": [
                    0.76025
                ]
            },
            "cont_2": {
                "accuracy": [
                    0.8661666666666666
                ]
            },
            "cont_3": {
                "accuracy": [
                    0.69275
                ]
            },
            "cont_4": {
                "accuracy": [
                    0.6905833333333333
                ]
            },
            "cont_5": {
                "accuracy": [
                    0.6905833333333333
                ]
            }
        }
    },
    "cont_3": {
        "training": {
            "loss": [
                1.089945352633794
            ],
            "accuracy": [
                0.6825833333333333
            ]
        },
        "validation": {
            "cont_1": {
                "accuracy": [
                    0.7514166666666666
                ]
            },
            "cont_2": {
                "accuracy": [
                    0.7998333333333333
                ]
            },
            "cont_3": {
                "accuracy": [
                    0.8783333333333333
                ]
            },
            "cont_4": {
                "accuracy": [
                    0.7069166666666666
                ]
            },
            "cont_5": {
                "accuracy": [
                    0.71225
                ]
            }
        }
    },
    "cont_4": {
        "training": {
            "loss": [
                1.02598064994812
            ],
            "accuracy": [
                0.6995833333333333
            ]
        },
        "validation": {
            "cont_1": {
                "accuracy": [
                    0.76
                ]
            },
            "cont_2": {
                "accuracy": [
                    0.7951666666666667
                ]
            },
            "cont_3": {
                "accuracy": [
                    0.8311666666666667
                ]
            },
            "cont_4": {
                "accuracy": [
                    0.899
                ]
            },
            "cont_5": {
                "accuracy": [
                    0.733
                ]
            }
        }
    },
    "cont_5": {
        "training": {
            "loss": [
                0.9724506371021271
            ],
            "accuracy": [
                0.7193333333333334
            ]
        },
        "validation": {
            "cont_1": {
                "accuracy": [
                    0.7545
                ]
            },
            "cont_2": {
                "accuracy": [
                    0.7839166666666667
                ]
            },
            "cont_3": {
                "accuracy": [
                    0.7991666666666667
                ]
            },
            "cont_4": {
                "accuracy": [
                    0.8234166666666667
                ]
            },
            "cont_5": {
                "accuracy": [
                    0.8934166666666666
                ]
            }
        }
    },
    "training_metrics": {
        "training": {},
        "validation": {
            "cont_1": {
                "accuracy": [
                    0.7545
                ],
                "flatness": [
                    0.632607861602316
                ]
            },
            "cont_2": {
                "accuracy": [
                    0.7839166666666667
                ],
                "flatness": [
                    0.455917485858795
                ]
            },
            "cont_3": {
                "accuracy": [
                    0.7991666666666667
                ],
                "flatness": [
                    0.5599994511827012
                ]
            },
            "cont_4": {
                "accuracy": [
                    0.8234166666666667
                ],
                "flatness": [
                    0.611620387878917
                ]
            },
            "cont_5": {
                "accuracy": [
                    0.8934166666666666
                ],
                "flatness": [
                    0.4720199902797756
                ]
            }
        }
    }
}