{
    "random_1": {
        "training": {
            "loss": [
                0.5317704296509425
            ],
            "accuracy": [
                0.8195833333333333
            ]
        },
        "validation": {
            "random_1": {
                "accuracy": [
                    0.93575
                ]
            }
        }
    },
    "random_2": {
        "training": {
            "loss": [
                0.5461237126588822
            ],
            "accuracy": [
                0.8140833333333334
            ]
        },
        "validation": {
            "random_2": {
                "accuracy": [
                    0.94175
                ]
            }
        }
    },
    "random_3": {
        "training": {
            "loss": [
                0.5232113580902418
            ],
            "accuracy": [
                0.8236666666666667
            ]
        },
        "validation": {
            "random_3": {
                "accuracy": [
                    0.9454166666666667
                ]
            }
        }
    },
    "random_4": {
        "training": {
            "loss": [
                0.5389266483982404
            ],
            "accuracy": [
                0.8180833333333334
            ]
        },
        "validation": {
            "random_4": {
                "accuracy": [
                    0.94975
                ]
            }
        }
    },
    "random_5": {
        "training": {
            "loss": [
                0.5383408476412296
            ],
            "accuracy": [
                0.8171666666666667
            ]
        },
        "validation": {
            "random_5": {
                "accuracy": [
                    0.9428333333333333
                ]
            }
        }
    },
    "cont_1": {
        "training": {
            "loss": [
                0.5346313066383203
            ],
            "accuracy": [
                0.81725
            ]
        },
        "validation": {
            "cont_1": {
                "accuracy": [
                    0.9519166666666666
                ]
            },
            "cont_2": {
                "accuracy": [
                    0.8943333333333333
                ]
            },
            "cont_3": {
                "accuracy": [
                    0.8940833333333333
                ]
            },
            "cont_4": {
                "accuracy": [
                    0.8949166666666667
                ]
            },
            "cont_5": {
                "accuracy": [
                    0.89725
                ]
            }
        }
    },
    "cont_2": {
        "training": {
            "loss": [
                0.3471314396063487
            ],
            "accuracy": [
                0.8831666666666667
            ]
        },
        "validation": {
            "cont_1": {
                "accuracy": [
                    0.926
                ]
            },
            "cont_2": {
                "accuracy": [
                    0.9543333333333334
                ]
            },
            "cont_3": {
                "accuracy": [
                    0.9015
                ]
            },
            "cont_4": {
                "accuracy": [
                    0.8974166666666666
                ]
            },
            "cont_5": {
                "accuracy": [
                    0.8976666666666666
                ]
            }
        }
    },
    "cont_3": {
        "training": {
            "loss": [
                0.2885252764324347
            ],
            "accuracy": [
                0.9018333333333334
            ]
        },
        "validation": {
            "cont_1": {
                "accuracy": [
                    0.9278333333333333
                ]
            },
            "cont_2": {
                "accuracy": [
                    0.9434166666666667
                ]
            },
            "cont_3": {
                "accuracy": [
                    0.96375
                ]
            },
            "cont_4": {
                "accuracy": [
                    0.9068333333333334
                ]
            },
            "cont_5": {
                "accuracy": [
                    0.90575
                ]
            }
        }
    },
    "cont_4": {
        "training": {
            "loss": [
                0.2802373095949491
            ],
            "accuracy": [
                0.9095833333333333
            ]
        },
        "validation": {
            "cont_1": {
                "accuracy": [
                    0.93525
                ]
            },
            "cont_2": {
                "accuracy": [
                    0.943
                ]
            },
            "cont_3": {
                "accuracy": [
                    0.9559166666666666
                ]
            },
            "cont_4": {
                "accuracy": [
                    0.9724166666666667
                ]
            },
            "cont_5": {
                "accuracy": [
                    0.9215833333333333
                ]
            }
        }
    },
    "cont_5": {
        "training": {
            "loss": [
                0.2551914548575878
            ],
            "accuracy": [
                0.914
            ]
        },
        "validation": {
            "cont_1": {
                "accuracy": [
                    0.931
                ]
            },
            "cont_2": {
                "accuracy": [
                    0.93825
                ]
            },
            "cont_3": {
                "accuracy": [
                    0.9474166666666667
                ]
            },
            "cont_4": {
                "accuracy": [
                    0.9508333333333333
                ]
            },
            "cont_5": {
                "accuracy": [
                    0.9705833333333334
                ]
            }
        }
    },
    "training_metrics": {
        "training": {},
        "validation": {
            "cont_1": {
                "accuracy": [
                    0.931
                ],
                "flatness": [
                    0.860527729097179
                ]
            },
            "cont_2": {
                "accuracy": [
                    0.93825
                ],
                "flatness": [
                    0.8314401110690396
                ]
            },
            "cont_3": {
                "accuracy": [
                    0.9474166666666667
                ],
                "flatness": [
                    0.849956715167283
                ]
            },
            "cont_4": {
                "accuracy": [
                    0.9508333333333333
                ],
                "flatness": [
                    0.7813436966649754
                ]
            },
            "cont_5": {
                "accuracy": [
                    0.9705833333333334
                ],
                "flatness": [
                    0.8432259493070273
                ]
            }
        }
    }
}