{
    "joint_training": {
        "training": {
            "loss": [
                1.5064008210659028,
                0.9986619497378667
            ],
            "accuracy": [
                0.5762666666666667,
                0.7049166666666666
            ]
        },
        "validation": {
            "cont_1": {
                "accuracy": [
                    0.7465833333333334
                ],
                "flatness": [
                    0.28016519700859466
                ]
            },
            "cont_2": {
                "accuracy": [
                    0.7468333333333333
                ],
                "flatness": [
                    0.21133675518857395
                ]
            },
            "cont_3": {
                "accuracy": [
                    0.7488333333333334
                ],
                "flatness": [
                    0.22546182951257507
                ]
            },
            "cont_4": {
                "accuracy": [
                    0.7415833333333334
                ],
                "flatness": [
                    0.29463984717383973
                ]
            },
            "cont_5": {
                "accuracy": [
                    0.74875
                ],
                "flatness": [
                    0.3236505286588759
                ]
            }
        }
    }
}