{
    "random_1": {
        "training": {
            "loss": [
                0.5912627793231587
            ],
            "accuracy": [
                0.7937898089171974
            ]
        },
        "validation": {
            "random_1": {
                "accuracy": [
                    0.9591958598726115
                ],
                "flatness": [
                    0.5625643293203024
                ]
            }
        }
    },
    "random_2": {
        "training": {
            "loss": [
                0.6058371676381227
            ],
            "accuracy": [
                0.792296974522293
            ]
        },
        "validation": {
            "random_2": {
                "accuracy": [
                    0.9555135350318471
                ],
                "flatness": [
                    0.5771601925044243
                ]
            }
        }
    },
    "random_3": {
        "training": {
            "loss": [
                0.600464563081219
            ],
            "accuracy": [
                0.7967754777070064
            ]
        },
        "validation": {
            "random_3": {
                "accuracy": [
                    0.9619824840764332
                ],
                "flatness": [
                    0.43793839307742016
                ]
            }
        }
    },
    "random_4": {
        "training": {
            "loss": [
                0.577331678882526
            ],
            "accuracy": [
                0.8022492038216561
            ]
        },
        "validation": {
            "random_4": {
                "accuracy": [
                    0.9638734076433121
                ],
                "flatness": [
                    0.5255487868609845
                ]
            }
        }
    },
    "random_5": {
        "training": {
            "loss": [
                0.5904956722904922
            ],
            "accuracy": [
                0.7959792993630573
            ]
        },
        "validation": {
            "random_5": {
                "accuracy": [
                    0.9596934713375797
                ],
                "flatness": [
                    0.5246629683442052
                ]
            }
        }
    },
    "cont_1": {
        "training": {
            "loss": [
                0.59339247254809
            ],
            "accuracy": [
                0.7950835987261147
            ]
        },
        "validation": {
            "cont_1": {
                "accuracy": [
                    0.9557125796178344
                ],
                "flatness": [
                    0.5803097998786815
                ]
            },
            "cont_2": {
                "accuracy": [
                    0.8729100318471338
                ],
                "flatness": [
                    0.5729757152551282
                ]
            },
            "cont_3": {
                "accuracy": [
                    0.8805732484076433
                ],
                "flatness": [
                    0.6182939656685102
                ]
            },
            "cont_4": {
                "accuracy": [
                    0.8865445859872612
                ],
                "flatness": [
                    0.47987398963018446
                ]
            },
            "cont_5": {
                "accuracy": [
                    0.8816679936305732
                ],
                "flatness": [
                    0.5330361789122487
                ]
            }
        }
    },
    "cont_2": {
        "training": {
            "loss": [
                0.3508838163629459
            ],
            "accuracy": [
                0.8813694267515924
            ]
        },
        "validation": {
            "cont_1": {
                "accuracy": [
                    0.9289410828025477
                ],
                "flatness": [
                    0.671715770943762
                ]
            },
            "cont_2": {
                "accuracy": [
                    0.9679538216560509
                ],
                "flatness": [
                    0.6076768468001388
                ]
            },
            "cont_3": {
                "accuracy": [
                    0.8971934713375797
                ],
                "flatness": [
                    0.6784176380186033
                ]
            },
            "cont_4": {
                "accuracy": [
                    0.8993829617834395
                ],
                "flatness": [
                    0.7036508245543066
                ]
            },
            "cont_5": {
                "accuracy": [
                    0.8979896496815286
                ],
                "flatness": [
                    0.6524556686803427
                ]
            }
        }
    },
    "cont_3": {
        "training": {
            "loss": [
                0.2897764739052505
            ],
            "accuracy": [
                0.9003781847133758
            ]
        },
        "validation": {
            "cont_1": {
                "accuracy": [
                    0.9325238853503185
                ],
                "flatness": [
                    0.6283351132582192
                ]
            },
            "cont_2": {
                "accuracy": [
                    0.9498407643312102
                ],
                "flatness": [
                    0.6094360337373297
                ]
            },
            "cont_3": {
                "accuracy": [
                    0.9741242038216561
                ],
                "flatness": [
                    0.6274867196544902
                ]
            },
            "cont_4": {
                "accuracy": [
                    0.9126194267515924
                ],
                "flatness": [
                    0.6363893130587387
                ]
            },
            "cont_5": {
                "accuracy": [
                    0.9116242038216561
                ],
                "flatness": [
                    0.6094033846063904
                ]
            }
        }
    },
    "cont_4": {
        "training": {
            "loss": [
                0.2577540080780816
            ],
            "accuracy": [
                0.9117237261146497
            ]
        },
        "validation": {
            "cont_1": {
                "accuracy": [
                    0.9462579617834395
                ],
                "flatness": [
                    0.7336051229473719
                ]
            },
            "cont_2": {
                "accuracy": [
                    0.9511345541401274
                ],
                "flatness": [
                    0.7014238268782482
                ]
            },
            "cont_3": {
                "accuracy": [
                    0.9646695859872612
                ],
                "flatness": [
                    0.6814590432259439
                ]
            },
            "cont_4": {
                "accuracy": [
                    0.9819864649681529
                ],
                "flatness": [
                    0.6287876261009131
                ]
            },
            "cont_5": {
                "accuracy": [
                    0.9233678343949044
                ],
                "flatness": [
                    0.7390574489361409
                ]
            }
        }
    },
    "cont_5": {
        "training": {
            "loss": [
                0.25251906740058
            ],
            "accuracy": [
                0.9131170382165605
            ]
        },
        "validation": {
            "cont_1": {
                "accuracy": [
                    0.9424761146496815
                ],
                "flatness": [
                    0.619876452111644
                ]
            },