{
    "random_1": {
        "training": {
            "loss": [
                0.5317704296509425
            ],
            "accuracy": [
                0.8195833333333333
            ]
        },
        "validation": {
            "random_1": {
                "accuracy": [
                    0.93575
                ]
            }
        }
    },
    "random_2": {
        "training": {
            "loss": [
                0.5461237126588822
            ],
            "accuracy": [
                0.8140833333333334
            ]
        },
        "validation": {
            "random_2": {
                "accuracy": [
                    0.94175
                ]
            }
        }
    },
    "random_3": {
        "training": {
            "loss": [
                0.5232113580902418
            ],
            "accuracy": [
                0.8236666666666667
            ]
        },
        "validation": {
            "random_3": {
                "accuracy": [
                    0.9454166666666667
                ]
            }
        }
    },
    "random_4": {
        "training": {
            "loss": [
                0.5389266483982404
            ],
            "accuracy": [
                0.8180833333333334
            ]
        },
        "validation": {
            "random_4": {
                "accuracy": [
                    0.94975
                ]
            }
        }
    },
    "random_5": {
        "training": {
            "loss": [
                0.5383408476412296
            ],
            "accuracy": [
                0.8171666666666667
            ]
        },
        "validation": {
            "random_5": {
                "accuracy": [
                    0.9428333333333333
                ]
            }
        }
    },
    "cont_1": {
        "training": {
            "loss": [
                0.5346313066383203
            ],
            "accuracy": [
                0.81725
            ]
        },
        "validation": {
            "cont_1": {
                "accuracy": [
                    0.9519166666666666
                ]
            },
            "cont_2": {
                "accuracy": [
                    0.8943333333333333
                ]
            },
            "cont_3": {
                "accuracy": [
                    0.8940833333333333
                ]
            },
            "cont_4": {
                "accuracy": [
                    0.8949166666666667
                ]
            },
            "cont_5": {
                "accuracy": [
                    0.89725
                ]
            }
        }
    },
    "cont_2": {
        "training": {
            "loss": [
                0.3603663612703482
            ],
            "accuracy": [
                0.8831666666666667
            ]
        },
        "validation": {
            "cont_1": {
                "accuracy": [
                    0.9399166666666666
                ]
            },
            "cont_2": {
                "accuracy": [
                    0.9680833333333333
                ]
            },
            "cont_3": {
                "accuracy": [
                    0.9203333333333333
                ]
            },
            "cont_4": {
                "accuracy": [
                    0.9135833333333333
                ]
            },
            "cont_5": {
                "accuracy": [
                    0.9165833333333333
                ]
            }
        }
    },
    "cont_3": {
        "training": {
            "loss": [
                0.3072560820281506
            ],
            "accuracy": [
                0.9026666666666666
            ]
        },
        "validation": {
            "cont_1": {
                "accuracy": [
                    0.93125
                ]
            },
            "cont_2": {
                "accuracy": [
                    0.9453333333333334
                ]
            },
            "cont_3": {
                "accuracy": [
                    0.9689166666666666
                ]
            },
            "cont_4": {
                "accuracy": [
                    0.91225
                ]
            },
            "cont_5": {
                "accuracy": [
                    0.9139166666666667
                ]
            }
        }
    },
    "cont_4": {
        "training": {
            "loss": [
                0.2800831352074941
            ],
            "accuracy": [
                0.9083333333333333
            ]
        },
        "validation": {
            "cont_1": {
                "accuracy": [
                    0.944
                ]
            },
            "cont_2": {
                "accuracy": [
                    0.95475
                ]
            },
            "cont_3": {
                "accuracy": [
                    0.96725
                ]
            },
            "cont_4": {
                "accuracy": [
                    0.9791666666666666
                ]
            },
            "cont_5": {
                "accuracy": [
                    0.9316666666666666
                ]
            }
        }
    },
    "cont_5": {
        "training": {
            "loss": [
                0.2611904278298219
            ],
            "accuracy": [
                0.915
            ]
        },
        "validation": {
            "cont_1": {
                "accuracy": [
                    0.9313333333333333
                ]
            },
            "cont_2": {
                "accuracy": [
                    0.9428333333333333
                ]
            },
            "cont_3": {
                "accuracy": [
                    0.94725
                ]
            },
            "cont_4": {
                "accuracy": [
                    0.955
                ]
            },
            "cont_5": {
                "accuracy": [
                    0.97375
                ]
            }
        }
    },
    "training_metrics": {
        "training": {},
        "validation": {
            "cont_1": {
                "accuracy": [
                    0.9313333333333333
                ],
                "flatness": [
                    0.8226038880307425
                ]
            },
            "cont_2": {
                "accuracy": [
                    0.9428333333333333
                ],
                "flatness": [
                    0.8050691737297992
                ]
            },
            "cont_3": {
                "accuracy": [
                    0.94725
                ],
                "flatness": [
                    0.8223250128488282
                ]
            },
            "cont_4": {
                "accuracy": [
                    0.955
                ],
                "flatness": [
                    0.7250620005511161
                ]
            },
            "cont_5": {
                "accuracy": [
                    0.97375
                ],
                "flatness": [
                    0.7926829268292682
                ]
            }
        }
    }
}