{
    "joint_training": {
        "training": {
            "loss": [
                0.4768588243869444
            ],
            "accuracy": [
                0.8401166666666666
            ]
        },
        "validation": {
            "cont_1": {
                "accuracy": [
                    0.89125
                ],
                "flatness": [
                    0.6836839644693782
                ]
            },
            "cont_2": {
                "accuracy": [
                    0.9005
                ],
                "flatness": [
                    0.8548954284656674
                ]
            },
            "cont_3": {
                "accuracy": [
                    0.8993333333333333
                ],
                "flatness": [
                    0.6627131208302446
                ]
            },
            "cont_4": {
                "accuracy": [
                    0.90425
                ],
                "flatness": [
                    0.7232513132430192
                ]
            },
            "cont_5": {
                "accuracy": [
                    0.8989166666666667
                ],
                "flatness": [
                    0.7242050616482804
                ]
            }
        }
    }
}