{
    "random_1": {
        "training": {
            "loss": [
                0.5559147727337612
            ],
            "accuracy": [
                0.8099124203821656
            ]
        },
        "validation": {
            "random_1": {
                "accuracy": [
                    0.9612858280254777
                ],
                "flatness": [
                    0.5113187203089857
                ]
            }
        }
    },
    "random_2": {
        "training": {
            "loss": [
                0.5463020270986921
            ],
            "accuracy": [
                0.8125
            ]
        },
        "validation": {
            "random_2": {
                "accuracy": [
                    0.9566082802547771
                ],
                "flatness": [
                    0.538442052731502
                ]
            }
        }
    },
    "random_3": {
        "training": {
            "loss": [
                0.557646995517099
            ],
            "accuracy": [
                0.807921974522293
            ]
        },
        "validation": {
            "random_3": {
                "accuracy": [
                    0.9677547770700637
                ],
                "flatness": [
                    0.5242482524026524
                ]
            }
        }
    },
    "random_4": {
        "training": {
            "loss": [
                0.5666252552134217
            ],
            "accuracy": [
                0.8081210191082803
            ]
        },
        "validation": {
            "random_4": {
                "accuracy": [
                    0.9638734076433121
                ],
                "flatness": [
                    0.5303714513926391
                ]
            }
        }
    },
    "random_5": {
        "training": {
            "loss": [
                0.5547690795865029
            ],
            "accuracy": [
                0.8124004777070064
            ]
        },
        "validation": {
            "random_5": {
                "accuracy": [
                    0.9670581210191083
                ],
                "flatness": [
                    0.49445224917571684
                ]
            }
        }
    },
    "cont_1": {
        "training": {
            "loss": [
                0.5495487128853038
            ],
            "accuracy": [
                0.8150875796178344
            ]
        },
        "validation": {
            "cont_1": {
                "accuracy": [
                    0.9602906050955414
                ],
                "flatness": [
                    0.4541268519804705
                ]
            },
            "cont_2": {
                "accuracy": [
                    0.8926154458598726
                ],
                "flatness": [
                    0.6097338058302828
                ]
            },
            "cont_3": {
                "accuracy": [
                    0.8873407643312102
                ],
                "flatness": [
                    0.6129620917151465
                ]
            },
            "cont_4": {
                "accuracy": [
                    0.8890326433121019
                ],
                "flatness": [
                    0.5449216396213712
                ]
            },
            "cont_5": {
                "accuracy": [
                    0.89171974522293
                ],
                "flatness": [
                    0.5020145101818655
                ]
            }
        }
    },
    "cont_2": {
        "training": {
            "loss": [
                0.33317578341930537
            ],
            "accuracy": [
                0.8880374203821656
            ]
        },
        "validation": {
            "cont_1": {
                "accuracy": [
                    0.9312300955414012
                ],
                "flatness": [
                    0.5973701520494586
                ]
            },
            "cont_2": {
                "accuracy": [
                    0.96765525477707
                ],
                "flatness": [
                    0.5756908877401284
                ]
            },
            "cont_3": {
                "accuracy": [
                    0.9006767515923567
                ],
                "flatness": [
                    0.7093190611870908
                ]
            },
            "cont_4": {
                "accuracy": [
                    0.9029657643312102
                ],
                "flatness": [
                    0.6321616343254687
                ]
            },
            "cont_5": {
                "accuracy": [
                    0.9038614649681529
                ],
                "flatness": [
                    0.5648508046120175
                ]
            }
        }
    },
    "cont_3": {
        "training": {
            "loss": [
                0.2983746325514119
            ],
            "accuracy": [
                0.9026671974522293
            ]
        },
        "validation": {
            "cont_1": {
                "accuracy": [
                    0.9394904458598726
                ],
                "flatness": [
                    0.6322409959213208
                ]
            },
            "cont_2": {
                "accuracy": [
                    0.9573049363057324
                ],
                "flatness": [
                    0.7303217594855813
                ]
            },
            "cont_3": {
                "accuracy": [
                    0.9792993630573248
                ],
                "flatness": [
                    0.7298346047236668
                ]
            },
            "cont_4": {
                "accuracy": [
                    0.915406050955414
                ],
                "flatness": [
                    0.6675231029298363
                ]
            },
            "cont_5": {
                "accuracy": [
                    0.915406050955414
                ],
                "flatness": [
                    0.7284591776984077
                ]
            }
        }
    },
    "cont_4": {
        "training": {
            "loss": [
                0.25895615802354116
            ],
            "accuracy": [
                0.9137141719745223
            ]
        },
        "validation": {
            "cont_1": {
                "accuracy": [
                    0.9324243630573248
                ],
                "flatness": [
                    0.6764539983435671
                ]
            },
            "cont_2": {
                "accuracy": [
                    0.9422770700636943
                ],
                "flatness": [
                    0.6129185148002126
                ]
            },
            "cont_3": {
                "accuracy": [
                    0.9544187898089171
                ],
                "flatness": [
                    0.7320391041693026
                ]
            },
            "cont_4": {
                "accuracy": [
                    0.9759156050955414
                ],
                "flatness": [
                    0.6162882425798194
                ]
            },
            "cont_5": {
                "accuracy": [
                    0.9174960191082803
                ],
                "flatness": [
                    0.5825978971119881
                ]
            }
        }
    },
    "cont_5": {
        "training": {
            "loss": [
                0.22419040351156977
            ],
            "accuracy": [
                0.9262539808917197
            ]
        },
        "validation": {
            "cont_1": {
                "accuracy": [
                    0.9425756369426752
                ],
                "flatness": [
                    0.7843369249783502
                ]
            },