{
    "random_1": {
        "training": {
            "loss": [
                2.1692735147476196,
                1.0931651947895686
            ],
            "accuracy": [
                0.43975,
                0.6735833333333333
            ]
        },
        "validation": {
            "random_1": {
                "accuracy": [
                    0.8255
                ]
            }
        }
    },
    "random_2": {
        "training": {
            "loss": [
                2.146777943690618,
                1.0784571413199107
            ],
            "accuracy": [
                0.4415,
                0.67875
            ]
        },
        "validation": {
            "random_2": {
                "accuracy": [
                    0.8085833333333333
                ]
            }
        }
    },
    "random_3": {
        "training": {
            "loss": [
                2.1584967195192974,
                1.0713568399349849
            ],
            "accuracy": [
                0.43433333333333335,
                0.6805833333333333
            ]
        },
        "validation": {
            "random_3": {
                "accuracy": [
                    0.7696666666666667
                ]
            }
        }
    },
    "random_4": {
        "training": {
            "loss": [
                2.170558729807536,
                1.0735273549159368
            ],
            "accuracy": [
                0.4349166666666667,
                0.6829166666666666
            ]
        },
        "validation": {
            "random_4": {
                "accuracy": [
                    0.833
                ]
            }
        }
    },
    "random_5": {
        "training": {
            "loss": [
                2.1209703346888222,
                1.056995384156704
            ],
            "accuracy": [
                0.44508333333333333,
                0.6885
            ]
        },
        "validation": {
            "random_5": {
                "accuracy": [
                    0.8045833333333333
                ]
            }
        }
    },
    "cont_1": {
        "training": {
            "loss": [
                2.1581590667565664,
                1.073034485936165
            ],
            "accuracy": [
                0.4385,
                0.681
            ]
        },
        "validation": {
            "cont_1": {
                "accuracy": [
                    0.8175
                ]
            },
            "cont_2": {
                "accuracy": [
                    0.6554166666666666
                ]
            },
            "cont_3": {
                "accuracy": [
                    0.65225
                ]
            },
            "cont_4": {
                "accuracy": [
                    0.6485833333333333
                ]
            },
            "cont_5": {
                "accuracy": [
                    0.6546666666666666
                ]
            }
        }
    },
    "cont_2": {
        "training": {
            "loss": [
                1.2218337197701137,
                0.8178456260959307
            ],
            "accuracy": [
                0.643,
                0.7546666666666667
            ]
        },
        "validation": {
            "cont_1": {
                "accuracy": [
                    0.77525
                ]
            },
            "cont_2": {
                "accuracy": [
                    0.8721666666666666
                ]
            },
            "cont_3": {
                "accuracy": [
                    0.7011666666666667
                ]
            },
            "cont_4": {
                "accuracy": [
                    0.7025833333333333
                ]
            },
            "cont_5": {
                "accuracy": [
                    0.6963333333333334
                ]
            }
        }
    },
    "cont_3": {
        "training": {
            "loss": [
                1.088510979195436,
                0.7192927987774214
            ],
            "accuracy": [
                0.67825,
                0.7801666666666667
            ]
        },
        "validation": {
            "cont_1": {
                "accuracy": [
                    0.7629166666666667
                ]
            },
            "cont_2": {
                "accuracy": [
                    0.8009166666666667
                ]
            },
            "cont_3": {
                "accuracy": [
                    0.8806666666666667
                ]
            },
            "cont_4": {
                "accuracy": [
                    0.7125
                ]
            },
            "cont_5": {
                "accuracy": [
                    0.7205833333333334
                ]
            }
        }
    },
    "cont_4": {
        "training": {
            "loss": [
                1.0133906760215758,
                0.6624646587471167
            ],
            "accuracy": [
                0.70525,
                0.7963333333333333
            ]
        },
        "validation": {
            "cont_1": {
                "accuracy": [
                    0.78575
                ]
            },
            "cont_2": {
                "accuracy": [
                    0.8101666666666667
                ]
            },
            "cont_3": {
                "accuracy": [
                    0.8376666666666667
                ]
            },
            "cont_4": {
                "accuracy": [
                    0.90925
                ]
            },
            "cont_5": {
                "accuracy": [
                    0.7480833333333333
                ]
            }
        }
    },
    "cont_5": {
        "training": {
            "loss": [
                0.9494368220170339,
                0.6122135223398606
            ],
            "accuracy": [
                0.7194166666666667,
                0.8123333333333334
            ]
        },
        "validation": {
            "cont_1": {
                "accuracy": [
                    0.7709166666666667
                ]
            },
            "cont_2": {
                "accuracy": [
                    0.7918333333333333
                ]
            },
            "cont_3": {
                "accuracy": [
                    0.8048333333333333
                ]
            },
            "cont_4": {
                "accuracy": [
                    0.8325
                ]
            },
            "cont_5": {
                "accuracy": [
                    0.9085
                ]
            }
        }
    },
    "training_metrics": {
        "training": {},
        "validation": {
            "cont_1": {
                "accuracy": [
                    0.7709166666666667
                ],
                "flatness": [
                    0.17446762512160846
                ]
            },
            "cont_2": {
                "accuracy": [
                    0.7918333333333333
                ],
                "flatness": [
                    0.1860660913491897
                ]
            },
            "cont_3": {
                "accuracy": [
                    0.8048333333333333
                ],
                "flatness": [
                    0.2070822116380203
                ]
            },
            "cont_4": {
                "accuracy": [
                    0.8325
                ],
                "flatness": [
                    0.21761761761761758
                ]
            },
            "cont_5": {
                "accuracy": [
                    0.9085
                ],
                "flatness": [
                    0.18106769400110073
                ]
            }
        }
    }
}