{
    "random_1": {
        "training": {
            "loss": [
                0.6014046057363351
            ],
            "accuracy": [
                0.7955
            ]
        },
        "validation": {
            "random_1": {
                "accuracy": [
                    0.912
                ]
            }
        }
    },
    "random_2": {
        "training": {
            "loss": [
                0.5909670832405488
            ],
            "accuracy": [
                0.8000833333333334
            ]
        },
        "validation": {
            "random_2": {
                "accuracy": [
                    0.926
                ]
            }
        }
    },
    "random_3": {
        "training": {
            "loss": [
                0.5909333930313587
            ],
            "accuracy": [
                0.8030833333333334
            ]
        },
        "validation": {
            "random_3": {
                "accuracy": [
                    0.9165833333333333
                ]
            }
        }
    },
    "random_4": {
        "training": {
            "loss": [
                0.6048627317150433
            ],
            "accuracy": [
                0.7974166666666667
            ]
        },
        "validation": {
            "random_4": {
                "accuracy": [
                    0.9290833333333334
                ]
            }
        }
    },
    "random_5": {
        "training": {
            "loss": [
                0.5672478125641743
            ],
            "accuracy": [
                0.8104166666666667
            ]
        },
        "validation": {
            "random_5": {
                "accuracy": [
                    0.91525
                ]
            }
        }
    },
    "cont_1": {
        "training": {
            "loss": [
                0.5845061694681645
            ],
            "accuracy": [
                0.8020833333333334
            ]
        },
        "validation": {
            "cont_1": {
                "accuracy": [
                    0.9110833333333334
                ]
            },
            "cont_2": {
                "accuracy": [
                    0.865
                ]
            },
            "cont_3": {
                "accuracy": [
                    0.8651666666666666
                ]
            },
            "cont_4": {
                "accuracy": [
                    0.8729166666666667
                ]
            },
            "cont_5": {
                "accuracy": [
                    0.874
                ]
            }
        }
    },
    "cont_2": {
        "training": {
            "loss": [
                0.38130718873689573
            ],
            "accuracy": [
                0.86925
            ]
        },
        "validation": {
            "cont_1": {
                "accuracy": [
                    0.917
                ]
            },
            "cont_2": {
                "accuracy": [
                    0.938
                ]
            },
            "cont_3": {
                "accuracy": [
                    0.8956666666666667
                ]
            },
            "cont_4": {
                "accuracy": [
                    0.8953333333333333
                ]
            },
            "cont_5": {
                "accuracy": [
                    0.8975833333333333
                ]
            }
        }
    },
    "cont_3": {
        "training": {
            "loss": [
                0.33371597380191087
            ],
            "accuracy": [
                0.8916666666666667
            ]
        },
        "validation": {
            "cont_1": {
                "accuracy": [
                    0.9215
                ]
            },
            "cont_2": {
                "accuracy": [
                    0.92475
                ]
            },
            "cont_3": {
                "accuracy": [
                    0.9444166666666667
                ]
            },
            "cont_4": {
                "accuracy": [
                    0.8984166666666666
                ]
            },
            "cont_5": {
                "accuracy": [
                    0.9043333333333333
                ]
            }
        }
    },
    "cont_4": {
        "training": {
            "loss": [
                0.3056646924130619
            ],
            "accuracy": [
                0.8976666666666666
            ]
        },
        "validation": {
            "cont_1": {
                "accuracy": [
                    0.9144166666666667
                ]
            },
            "cont_2": {
                "accuracy": [
                    0.9218333333333333
                ]
            },
            "cont_3": {
                "accuracy": [
                    0.9278333333333333
                ]
            },
            "cont_4": {
                "accuracy": [
                    0.9415833333333333
                ]
            },
            "cont_5": {
                "accuracy": [
                    0.9024166666666666
                ]
            }
        }
    },
    "cont_5": {
        "training": {
            "loss": [
                0.279959320563823
            ],
            "accuracy": [
                0.9041666666666667
            ]
        },
        "validation": {
            "cont_1": {
                "accuracy": [
                    0.9218333333333333
                ]
            },
            "cont_2": {
                "accuracy": [
                    0.92425
                ]
            },
            "cont_3": {
                "accuracy": [
                    0.929
                ]
            },
            "cont_4": {
                "accuracy": [
                    0.9338333333333333
                ]
            },
            "cont_5": {
                "accuracy": [
                    0.953
                ]
            }
        }
    },
    "training_metrics": {
        "training": {},
        "validation": {
            "cont_1": {
                "accuracy": [
                    0.9218333333333333
                ],
                "flatness": [
                    0.366841439161092
                ]
            },
            "cont_2": {
                "accuracy": [
                    0.92425
                ],
                "flatness": [
                    0.3577675592823009
                ]
            },
            "cont_3": {
                "accuracy": [
                    0.929
                ],
                "flatness": [
                    0.3957660566917832
                ]
            },
            "cont_4": {
                "accuracy": [
                    0.9338333333333333
                ],
                "flatness": [
                    0.4006782081028021
                ]
            },
            "cont_5": {
                "accuracy": [
                    0.953
                ],
                "flatness": [
                    0.36498775795732774
                ]
            }
        }
    }
}