{
    "random_1": {
        "training": {
            "loss": [
                0.47890973276794907
            ],
            "accuracy": [
                0.851138178913738
            ]
        },
        "validation": {
            "random_1": {
                "accuracy": [
                    0.9490814696485623
                ],
                "flatness": [
                    0.2747310908899642
                ]
            }
        }
    },
    "random_2": {
        "training": {
            "loss": [
                1.3000280547637146
            ],
            "accuracy": [
                0.6338857827476039
            ]
        },
        "validation": {
            "random_2": {
                "accuracy": [
                    0.8763977635782748
                ],
                "flatness": [
                    0.29417293233082703
                ]
            }
        }
    },
    "random_3": {
        "training": {
            "loss": [
                1.2961963310409277
            ],
            "accuracy": [
                0.6412739616613419
            ]
        },
        "validation": {
            "random_3": {
                "accuracy": [
                    0.8829872204472844
                ],
                "flatness": [
                    0.32714764246947087
                ]
            }
        }
    },
    "random_4": {
        "training": {
            "loss": [
                1.3143671877658405
            ],
            "accuracy": [
                0.6319888178913738
            ]
        },
        "validation": {
            "random_4": {
                "accuracy": [
                    0.8703075079872205
                ],
                "flatness": [
                    0.3788172536423081
                ]
            }
        }
    },
    "random_5": {
        "training": {
            "loss": [
                1.274675412490345
            ],
            "accuracy": [
                0.6413738019169329
            ]
        },
        "validation": {
            "random_5": {
                "accuracy": [
                    0.891473642172524
                ],
                "flatness": [
                    0.33586417851943107
                ]
            }
        }
    },
    "cont_1": {
        "training": {
            "loss": [
                0.27511250651396885
            ],
            "accuracy": [
                0.9169329073482428
            ]
        },
        "validation": {
            "cont_1": {
                "accuracy": [
                    0.9113418530351438
                ],
                "flatness": [
                    0.2651053078439965
                ]
            },
            "cont_2": {
                "accuracy": [
                    0.6153154952076677
                ],
                "flatness": [
                    0.31837072042836284
                ]
            },
            "cont_3": {
                "accuracy": [
                    0.6154153354632588
                ],
                "flatness": [
                    0.3602115103828683
                ]
            },
            "cont_4": {
                "accuracy": [
                    0.6086261980830671
                ],
                "flatness": [
                    0.266673843503937
                ]
            },
            "cont_5": {
                "accuracy": [
                    0.6171126198083067
                ],
                "flatness": [
                    0.3323187995469989
                ]
            }
        }
    },
    "cont_2": {
        "training": {
            "loss": [
                1.4944979057144434
            ],
            "accuracy": [
                0.6000399361022364
            ]
        },
        "validation": {
            "cont_1": {
                "accuracy": [
                    0.8357627795527156
                ],
                "flatness": [
                    0.3937738920081233
                ]
            },
            "cont_2": {
                "accuracy": [
                    0.8377595846645367
                ],
                "flatness": [
                    0.3739512572994875
                ]
            },
            "cont_3": {
                "accuracy": [
                    0.669129392971246
                ],
                "flatness": [
                    0.41915472993136377
                ]
            },
            "cont_4": {
                "accuracy": [
                    0.6625399361022364
                ],
                "flatness": [
                    0.40475154460518387
                ]
            },
            "cont_5": {
                "accuracy": [
                    0.6693290734824281
                ],
                "flatness": [
                    0.44324936605011944
                ]
            }
        }
    },
    "cont_3": {
        "training": {
            "loss": [
                1.248686972612771
            ],
            "accuracy": [
                0.6512579872204473
            ]
        },
        "validation": {
            "cont_1": {
                "accuracy": [
                    0.8001198083067093
                ],
                "flatness": [
                    0.4679474981282755
                ]
            },
            "cont_2": {
                "accuracy": [
                    0.7725638977635783
                ],
                "flatness": [
                    0.45657631170845175
                ]
            },
            "cont_3": {
                "accuracy": [
                    0.860323482428115
                ],
                "flatness": [
                    0.43996895671347336
                ]
            },
            "cont_4": {
                "accuracy": [
                    0.6886980830670927
                ],
                "flatness": [
                    0.5206835314583937
                ]
            },
            "cont_5": {
                "accuracy": [
                    0.6866014376996805
                ],
                "flatness": [
                    0.4761905627453832
                ]
            }
        }
    },
    "cont_4": {
        "training": {
            "loss": [
                1.3392477385913983
            ],
            "accuracy": [
                0.6205071884984026
            ]
        },
        "validation": {
            "cont_1": {
                "accuracy": [
                    0.7474041533546326
                ],
                "flatness": [
                    0.4729912503339568
                ]
            },
            "cont_2": {
                "accuracy": [
                    0.7235423322683706
                ],
                "flatness": [
                    0.4769827169863391
                ]
            },
            "cont_3": {
                "accuracy": [
                    0.7643769968051118
                ],
                "flatness": [
                    0.42339423328108666
                ]
            },
            "cont_4": {
                "accuracy": [
                    0.8454472843450479
                ],
                "flatness": [
                    0.42946017359470956
                ]
            },
            "cont_5": {
                "accuracy": [
                    0.6824081469648562
                ],
                "flatness": [
                    0.46766825164594
                ]
            }
        }
    },
    "cont_5": {
        "training": {
            "loss": [
                1.4078006866260078
            ],
            "accuracy": [
                0.6080271565495208
            ]
        },
        "validation": {
            "cont_1": {
                "accuracy": [
                    0.7065694888178914
                ],
                "flatness": [
                    0.4591396425038859
                ]
            },