{
    "random_1": {
        "training": {
            "loss": [
                1.6003534546693166
            ],
            "accuracy": [
                0.4608333333333333
            ]
        },
        "validation": {
            "random_1": {
                "accuracy": [
                    0.787
                ]
            }
        }
    },
    "random_2": {
        "training": {
            "loss": [
                1.5784106049537658
            ],
            "accuracy": [
                0.46475
            ]
        },
        "validation": {
            "random_2": {
                "accuracy": [
                    0.7905833333333333
                ]
            }
        }
    },
    "random_3": {
        "training": {
            "loss": [
                1.5486670354207357
            ],
            "accuracy": [
                0.47433333333333333
            ]
        },
        "validation": {
            "random_3": {
                "accuracy": [
                    0.7894166666666667
                ]
            }
        }
    },
    "random_4": {
        "training": {
            "loss": [
                1.56972127755483
            ],
            "accuracy": [
                0.46608333333333335
            ]
        },
        "validation": {
            "random_4": {
                "accuracy": [
                    0.7926666666666666
                ]
            }
        }
    },
    "random_5": {
        "training": {
            "loss": [
                1.5639935698509215
            ],
            "accuracy": [
                0.4681666666666667
            ]
        },
        "validation": {
            "random_5": {
                "accuracy": [
                    0.8179166666666666
                ]
            }
        }
    },
    "cont_1": {
        "training": {
            "loss": [
                1.5978542585372926
            ],
            "accuracy": [
                0.45775
            ]
        },
        "validation": {
            "cont_1": {
                "accuracy": [
                    0.8004166666666667
                ]
            },
            "cont_2": {
                "accuracy": [
                    0.6378333333333334
                ]
            },
            "cont_3": {
                "accuracy": [
                    0.64
                ]
            },
            "cont_4": {
                "accuracy": [
                    0.6358333333333334
                ]
            },
            "cont_5": {
                "accuracy": [
                    0.6485833333333333
                ]
            }
        }
    },
    "cont_2": {
        "training": {
            "loss": [
                1.1199326623280843
            ],
            "accuracy": [
                0.6564166666666666
            ]
        },
        "validation": {
            "cont_1": {
                "accuracy": [
                    0.7714166666666666
                ]
            },
            "cont_2": {
                "accuracy": [
                    0.8589166666666667
                ]
            },
            "cont_3": {
                "accuracy": [
                    0.69825
                ]
            },
            "cont_4": {
                "accuracy": [
                    0.6920833333333334
                ]
            },
            "cont_5": {
                "accuracy": [
                    0.7038333333333333
                ]
            }
        }
    },
    "cont_3": {
        "training": {
            "loss": [
                0.963671626885732
            ],
            "accuracy": [
                0.6939166666666666
            ]
        },
        "validation": {
            "cont_1": {
                "accuracy": [
                    0.76675
                ]
            },
            "cont_2": {
                "accuracy": [
                    0.8156666666666667
                ]
            },
            "cont_3": {
                "accuracy": [
                    0.88475
                ]
            },
            "cont_4": {
                "accuracy": [
                    0.7231666666666666
                ]
            },
            "cont_5": {
                "accuracy": [
                    0.7285833333333334
                ]
            }
        }
    },
    "cont_4": {
        "training": {
            "loss": [
                0.8847886827786764
            ],
            "accuracy": [
                0.7211666666666666
            ]
        },
        "validation": {
            "cont_1": {
                "accuracy": [
                    0.7866666666666666
                ]
            },
            "cont_2": {
                "accuracy": [
                    0.82325
                ]
            },
            "cont_3": {
                "accuracy": [
                    0.8593333333333333
                ]
            },
            "cont_4": {
                "accuracy": [
                    0.91275
                ]
            },
            "cont_5": {
                "accuracy": [
                    0.7595
                ]
            }
        }
    },
    "cont_5": {
        "training": {
            "loss": [
                0.814284984668096
            ],
            "accuracy": [
                0.742
            ]
        },
        "validation": {
            "cont_1": {
                "accuracy": [
                    0.7725833333333333
                ]
            },
            "cont_2": {
                "accuracy": [
                    0.8048333333333333
                ]
            },
            "cont_3": {
                "accuracy": [
                    0.8225
                ]
            },
            "cont_4": {
                "accuracy": [
                    0.8483333333333334
                ]
            },
            "cont_5": {
                "accuracy": [
                    0.9015833333333333
                ]
            }
        }
    },
    "training_metrics": {
        "training": {},
        "validation": {
            "cont_1": {
                "accuracy": [
                    0.7725833333333333
                ],
                "flatness": [
                    0.4953902661950962
                ]
            },
            "cont_2": {
                "accuracy": [
                    0.8048333333333333
                ],
                "flatness": [
                    0.5276509247855609
                ]
            },
            "cont_3": {
                "accuracy": [
                    0.8225
                ],
                "flatness": [
                    0.5683090705487122
                ]
            },
            "cont_4": {
                "accuracy": [
                    0.8483333333333334
                ],
                "flatness": [
                    0.5234722365836004
                ]
            },
            "cont_5": {
                "accuracy": [
                    0.9015833333333333
                ],
                "flatness": [
                    0.43600196535335006
                ]
            }
        }
    }
}