{
    "random_1": {
        "training": {
            "loss": [
                2.16276918387413,
                1.2326795469125111
            ],
            "accuracy": [
                0.42875,
                0.6293333333333333
            ]
        },
        "validation": {
            "random_1": {
                "accuracy": [
                    0.7420833333333333
                ]
            }
        }
    },
    "random_2": {
        "training": {
            "loss": [
                2.1673268750508625,
                1.2225940345923105
            ],
            "accuracy": [
                0.42383333333333334,
                0.6366666666666667
            ]
        },
        "validation": {
            "random_2": {
                "accuracy": [
                    0.749
                ]
            }
        }
    },
    "random_3": {
        "training": {
            "loss": [
                2.1570053955713906,
                1.2007876146237055
            ],
            "accuracy": [
                0.435,
                0.6399166666666667
            ]
        },
        "validation": {
            "random_3": {
                "accuracy": [
                    0.7719166666666667
                ]
            }
        }
    },
    "random_4": {
        "training": {
            "loss": [
                2.1648141677379606,
                1.2261120788653692
            ],
            "accuracy": [
                0.428,
                0.6451666666666667
            ]
        },
        "validation": {
            "random_4": {
                "accuracy": [
                    0.7723333333333333
                ]
            }
        }
    },
    "random_5": {
        "training": {
            "loss": [
                2.164005381822586,
                1.2296814566850662
            ],
            "accuracy": [
                0.4355833333333333,
                0.6450833333333333
            ]
        },
        "validation": {
            "random_5": {
                "accuracy": [
                    0.7266666666666667
                ]
            }
        }
    },
    "cont_1": {
        "training": {
            "loss": [
                2.1651581540107725,
                1.2379816668430965
            ],
            "accuracy": [
                0.43125,
                0.6355
            ]
        },
        "validation": {
            "cont_1": {
                "accuracy": [
                    0.7613333333333333
                ]
            },
            "cont_2": {
                "accuracy": [
                    0.5875833333333333
                ]
            },
            "cont_3": {
                "accuracy": [
                    0.5973333333333334
                ]
            },
            "cont_4": {
                "accuracy": [
                    0.5949166666666666
                ]
            },
            "cont_5": {
                "accuracy": [
                    0.5965
                ]
            }
        }
    },
    "cont_2": {
        "training": {
            "loss": [
                1.4786281541188557,
                1.0856749668916066
            ],
            "accuracy": [
                0.5959166666666667,
                0.7055833333333333
            ]
        },
        "validation": {
            "cont_1": {
                "accuracy": [
                    0.70025
                ]
            },
            "cont_2": {
                "accuracy": [
                    0.8099166666666666
                ]
            },
            "cont_3": {
                "accuracy": [
                    0.6345
                ]
            },
            "cont_4": {
                "accuracy": [
                    0.6286666666666667
                ]
            },
            "cont_5": {
                "accuracy": [
                    0.6308333333333334
                ]
            }
        }
    },
    "cont_3": {
        "training": {
            "loss": [
                1.3276149418354035,
                0.9564537838300069
            ],
            "accuracy": [
                0.636,
                0.7393333333333333
            ]
        },
        "validation": {
            "cont_1": {
                "accuracy": [
                    0.69
                ]
            },
            "cont_2": {
                "accuracy": [
                    0.7200833333333333
                ]
            },
            "cont_3": {
                "accuracy": [
                    0.82225
                ]
            },
            "cont_4": {
                "accuracy": [
                    0.646
                ]
            },
            "cont_5": {
                "accuracy": [
                    0.65
                ]
            }
        }
    },
    "cont_4": {
        "training": {
            "loss": [
                1.2758722604910533,
                0.8948883955279986
            ],
            "accuracy": [
                0.6511666666666667,
                0.7576666666666667
            ]
        },
        "validation": {
            "cont_1": {
                "accuracy": [
                    0.6900833333333334
                ]
            },
            "cont_2": {
                "accuracy": [
                    0.7119166666666666
                ]
            },
            "cont_3": {
                "accuracy": [
                    0.7380833333333333
                ]
            },
            "cont_4": {
                "accuracy": [
                    0.8340833333333333
                ]
            },
            "cont_5": {
                "accuracy": [
                    0.6605
                ]
            }
        }
    },
    "cont_5": {
        "training": {
            "loss": [
                1.2328114346067112,
                0.8346167479157448
            ],
            "accuracy": [
                0.6648333333333334,
                0.7723333333333333
            ]
        },
        "validation": {
            "cont_1": {
                "accuracy": [
                    0.7188333333333333
                ]
            },
            "cont_2": {
                "accuracy": [
                    0.7386666666666667
                ]
            },
            "cont_3": {
                "accuracy": [
                    0.762
                ]
            },
            "cont_4": {
                "accuracy": [
                    0.78825
                ]
            },
            "cont_5": {
                "accuracy": [
                    0.8798333333333334
                ]
            }
        }
    },
    "training_metrics": {
        "training": {},
        "validation": {
            "cont_1": {
                "accuracy": [
                    0.7188333333333333
                ],
                "flatness": [
                    0.2246696035242291
                ]
            },
            "cont_2": {
                "accuracy": [
                    0.7386666666666667
                ],
                "flatness": [
                    0.09521660649819494
                ]
            },
            "cont_3": {
                "accuracy": [
                    0.762
                ],
                "flatness": [
                    0.08311461067366582
                ]
            },
            "cont_4": {
                "accuracy": [
                    0.78825
                ],
                "flatness": [
                    0.07062057299925999
                ]
            },
            "cont_5": {
                "accuracy": [
                    0.8798333333333334
                ],
                "flatness": [
                    0.10645955673422998
                ]
            }
        }
    }
}