{
    "random_1": {
        "training": {
            "loss": [
                0.26263752558860726
            ],
            "accuracy": [
                0.9119408945686901
            ]
        },
        "validation": {
            "random_1": {
                "accuracy": [
                    0.9711461661341853
                ],
                "flatness": [
                    0.6930438470237484
                ]
            }
        }
    },
    "random_2": {
        "training": {
            "loss": [
                0.3838135505470034
            ],
            "accuracy": [
                0.8719049520766773
            ]
        },
        "validation": {
            "random_2": {
                "accuracy": [
                    0.9598642172523961
                ],
                "flatness": [
                    0.5788986114000416
                ]
            }
        }
    },
    "random_3": {
        "training": {
            "loss": [
                0.3902185010119749
            ],
            "accuracy": [
                0.8697084664536742
            ]
        },
        "validation": {
            "random_3": {
                "accuracy": [
                    0.9562699680511182
                ],
                "flatness": [
                    0.6180426498225099
                ]
            }
        }
    },
    "random_4": {
        "training": {
            "loss": [
                0.38268225363934766
            ],
            "accuracy": [
                0.8708067092651757
            ]
        },
        "validation": {
            "random_4": {
                "accuracy": [
                    0.9591653354632588
                ],
                "flatness": [
                    0.642241334443635
                ]
            }
        }
    },
    "random_5": {
        "training": {
            "loss": [
                0.38435900256561395
            ],
            "accuracy": [
                0.8726038338658147
            ]
        },
        "validation": {
            "random_5": {
                "accuracy": [
                    0.946785143769968
                ],
                "flatness": [
                    0.6838520246757357
                ]
            }
        }
    },
    "cont_1": {
        "training": {
            "loss": [
                0.22070818385496116
            ],
            "accuracy": [
                0.9253194888178914
            ]
        },
        "validation": {
            "cont_1": {
                "accuracy": [
                    0.9499800319488818
                ],
                "flatness": [
                    0.5752588018917499
                ]
            },
            "cont_2": {
                "accuracy": [
                    0.8662140575079872
                ],
                "flatness": [
                    0.7222070942830798
                ]
            },
            "cont_3": {
                "accuracy": [
                    0.8625199680511182
                ],
                "flatness": [
                    0.5799231681907628
                ]
            },
            "cont_4": {
                "accuracy": [
                    0.8690095846645367
                ],
                "flatness": [
                    0.6493113798253677
                ]
            },
            "cont_5": {
                "accuracy": [
                    0.8682108626198083
                ],
                "flatness": [
                    0.49243689627414905
                ]
            }
        }
    },
    "cont_2": {
        "training": {
            "loss": [
                0.3621650271165295
            ],
            "accuracy": [
                0.880491214057508
            ]
        },
        "validation": {
            "cont_1": {
                "accuracy": [
                    0.9623602236421726
                ],
                "flatness": [
                    0.6323970328872289
                ]
            },
            "cont_2": {
                "accuracy": [
                    0.9624600638977636
                ],
                "flatness": [
                    0.6560742997925312
                ]
            },
            "cont_3": {
                "accuracy": [
                    0.9041533546325878
                ],
                "flatness": [
                    0.7281933248674912
                ]
            },
            "cont_4": {
                "accuracy": [
                    0.9127396166134185
                ],
                "flatness": [
                    0.7343961933931304
                ]
            },
            "cont_5": {
                "accuracy": [
                    0.915435303514377
                ],
                "flatness": [
                    0.7111114898025958
                ]
            }
        }
    },
    "cont_3": {
        "training": {
            "loss": [
                0.2936780752120212
            ],
            "accuracy": [
                0.8994608626198083
            ]
        },
        "validation": {
            "cont_1": {
                "accuracy": [
                    0.9457867412140575
                ],
                "flatness": [
                    0.655662804813681
                ]
            },
            "cont_2": {
                "accuracy": [
                    0.9419928115015974
                ],
                "flatness": [
                    0.7507770270270271
                ]
            },
            "cont_3": {
                "accuracy": [
                    0.9618610223642172
                ],
                "flatness": [
                    0.7669458428482459
                ]
            },
            "cont_4": {
                "accuracy": [
                    0.9114416932907349
                ],
                "flatness": [
                    0.7279418611019827
                ]
            },
            "cont_5": {
                "accuracy": [
                    0.9101437699680511
                ],
                "flatness": [
                    0.7673924967090828
                ]
            }
        }
    },
    "cont_4": {
        "training": {
            "loss": [
                0.2677426917817646
            ],
            "accuracy": [
                0.9134384984025559
            ]
        },
        "validation": {
            "cont_1": {
                "accuracy": [
                    0.9515774760383386
                ],
                "flatness": [
                    0.7752341045011019
                ]
            },
            "cont_2": {
                "accuracy": [
                    0.9480830670926518
                ],
                "flatness": [
                    0.8038424073294017
                ]
            },
            "cont_3": {
                "accuracy": [
                    0.9592651757188498
                ],
                "flatness": [
                    0.8132038405495422
                ]
            },
            "cont_4": {
                "accuracy": [
                    0.9730431309904153
                ],
                "flatness": [
                    0.7368555048224913
                ]
            },
            "cont_5": {
                "accuracy": [
                    0.9257188498402555
                ],
                "flatness": [
                    0.8249501186367558
                ]
            }
        }
    },
    "cont_5": {
        "training": {
            "loss": [
                0.24780649025314533
            ],
            "accuracy": [
                0.9169329073482428
            ]
        },
        "validation": {
            "cont_1": {
                "accuracy": [
                    0.9537739616613419
                ],
                "flatness": [
                    0.7816399298649639
                ]
            },