{
    "joint_training": {
        "training": {
            "loss": [
                0.3153753382265568
            ],
            "accuracy": [
                0.89375
            ]
        },
        "validation": {
            "cont_1": {
                "accuracy": [
                    0.9630984042553191
                ],
                "flatness": [
                    0.8627582091741814
                ]
            },
            "cont_2": {
                "accuracy": [
                    0.9584441489361702
                ],
                "flatness": [
                    0.7612392068908147
                ]
            },
            "cont_3": {
                "accuracy": [
                    0.9569481382978723
                ],
                "flatness": [
                    0.6942529160333648
                ]
            },
            "cont_4": {
                "accuracy": [
                    0.9579454787234043
                ],
                "flatness": [
                    0.8084507657805362
                ]
            },
            "cont_5": {
                "accuracy": [
                    0.9606050531914894
                ],
                "flatness": [
                    0.7571297171402473
                ]
            },
            "cont_6": {
                "accuracy": [
                    0.9609375
                ],
                "flatness": [
                    0.7626872064723488
                ]
            },
            "cont_7": {
                "accuracy": [
                    0.9589428191489362
                ],
                "flatness": [
                    0.7386606587369263
                ]
            },
            "cont_8": {
                "accuracy": [
                    0.9622672872340425
                ],
                "flatness": [
                    0.8457273789985782
                ]
            },
            "cont_9": {
                "accuracy": [
                    0.9624335106382979
                ],
                "flatness": [
                    0.717525073695471
                ]
            },
            "cont_10": {
                "accuracy": [
                    0.9574468085106383
                ],
                "flatness": [
                    0.713131093365407
                ]
            }
        }
    }
}