{
    "random_1": {
        "training": {
            "loss": [
                3.3471081982277955,
                2.5416109707606975
            ],
            "accuracy": [
                0.204519523326572,
                0.3512614097363083
            ]
        },
        "validation": {
            "random_1": {
                "accuracy": [
                    0.47927231237322515
                ]
            }
        }
    },
    "random_2": {
        "training": {
            "loss": [
                3.3666565649166067,
                2.550708148288437
            ],
            "accuracy": [
                0.2002091784989858,
                0.35379690669371194
            ]
        },
        "validation": {
            "random_2": {
                "accuracy": [
                    0.4795892494929006
                ]
            }
        }
    },
    "random_3": {
        "training": {
            "loss": [
                3.3484145850245417,
                2.5459165198324176
            ],
            "accuracy": [
                0.2056921906693712,
                0.35059584178498987
            ]
        },
        "validation": {
            "random_3": {
                "accuracy": [
                    0.48801977687626774
                ]
            }
        }
    },
    "random_4": {
        "training": {
            "loss": [
                3.3381870599354015,
                2.5363604320594795
            ],
            "accuracy": [
                0.2043927484787018,
                0.35164173427991885
            ]
        },
        "validation": {
            "random_4": {
                "accuracy": [
                    0.4742647058823529
                ]
            }
        }
    },
    "random_5": {
        "training": {
            "loss": [
                3.3400503311147554,
                2.5310087692423235
            ],
            "accuracy": [
                0.20759381338742394,
                0.3568711967545639
            ]
        },
        "validation": {
            "random_5": {
                "accuracy": [
                    0.4822198275862069
                ]
            }
        }
    },
    "cont_1": {
        "training": {
            "loss": [
                3.3483049735336228,
                2.5468519411029003
            ],
            "accuracy": [
                0.2029982251521298,
                0.35164173427991885
            ]
        },
        "validation": {
            "cont_1": {
                "accuracy": [
                    0.47023960446247465
                ]
            },
            "cont_2": {
                "accuracy": [
                    0.3442254056795132
                ]
            },
            "cont_3": {
                "accuracy": [
                    0.34441556795131845
                ]
            },
            "cont_4": {
                "accuracy": [
                    0.3431795131845842
                ]
            },
            "cont_5": {
                "accuracy": [
                    0.3492330121703854
                ]
            }
        }
    },
    "cont_2": {
        "training": {
            "loss": [
                2.623847946071238,
                2.322668845283574
            ],
            "accuracy": [
                0.34974011156186613,
                0.4163919878296146
            ]
        },
        "validation": {
            "cont_1": {
                "accuracy": [
                    0.4598757606490872
                ]
            },
            "cont_2": {
                "accuracy": [
                    0.5484279918864098
                ]
            },
            "cont_3": {
                "accuracy": [
                    0.39968940162271804
                ]
            },
            "cont_4": {
                "accuracy": [
                    0.40051343813387424
                ]
            },
            "cont_5": {
                "accuracy": [
                    0.40133747464503045
                ]
            }
        }
    },
    "cont_3": {
        "training": {
            "loss": [
                2.488936117889915,
                2.2037305943138943
            ],
            "accuracy": [
                0.3737322515212982,
                0.4424442190669371
            ]
        },
        "validation": {
            "cont_1": {
                "accuracy": [
                    0.4561042089249493
                ]
            },
            "cont_2": {
                "accuracy": [
                    0.48459685598377283
                ]
            },
            "cont_3": {
                "accuracy": [
                    0.5705818965517241
                ]
            },
            "cont_4": {
                "accuracy": [
                    0.4165504563894523
                ]
            },
            "cont_5": {
                "accuracy": [
                    0.41956135902636915
                ]
            }
        }
    },
    "cont_4": {
        "training": {
            "loss": [
                2.384571739039847,
                2.1087900035037954
            ],
            "accuracy": [
                0.39953093306288034,
                0.4624112576064909
            ]
        },
        "validation": {
            "cont_1": {
                "accuracy": [
                    0.45676977687626774
                ]
            },
            "cont_2": {
                "accuracy": [
                    0.4690352434077079
                ]
            },
            "cont_3": {
                "accuracy": [
                    0.49074543610547666
                ]
            },
            "cont_4": {
                "accuracy": [
                    0.5785053245436106
                ]
            },
            "cont_5": {
                "accuracy": [
                    0.42570993914807304
                ]
            }
        }
    },
    "cont_5": {
        "training": {
            "loss": [
                2.310357997431958,
                2.0349561657612996
            ],
            "accuracy": [
                0.41911764705882354,
                0.48009634888438135
            ]
        },
        "validation": {
            "cont_1": {
                "accuracy": [
                    0.4721095334685598
                ]
            },
            "cont_2": {
                "accuracy": [
                    0.48351926977687626
                ]
            },
            "cont_3": {
                "accuracy": [
                    0.4950557809330629
                ]
            },
            "cont_4": {
                "accuracy": [
                    0.5233582657200812
                ]
            },
            "cont_5": {
                "accuracy": [
                    0.6119421906693712
                ]
            }
        }
    },
    "training_metrics": {
        "training": {},
        "validation": {
            "cont_1": {
                "accuracy": [
                    0.4721095334685598
                ],
                "flatness": [
                    0.14642531653809848
                ]
            },
            "cont_2": {
                "accuracy": [
                    0.48351926977687626
                ],
                "flatness": [
                    0.1399670538632259
                ]
            },
            "cont_3": {
                "accuracy": [
                    0.4950557809330629
                ],
                "flatness": [
                    0.07358113788331457
                ]
            },
            "cont_4": {
                "accuracy": [
                    0.5233582657200812
                ],
                "flatness": [
                    0.13317257844599942
                ]
            },
            "cont_5": {
                "accuracy": [
                    0.6119421906693712
                ],