{
    "random_1": {
        "training": {
            "loss": [
                3.4175602886788017
            ],
            "accuracy": [
                0.20162271806482854
            ]
        },
        "validation": {
            "random_1": {
                "accuracy": [
                    0.42768128802640926
                ]
            }
        }
    },
    "random_2": {
        "training": {
            "loss": [
                3.4024619117953474
            ],
            "accuracy": [
                0.20640846857192793
            ]
        },
        "validation": {
            "random_2": {
                "accuracy": [
                    0.41963742395322656
                ]
            }
        }
    },
    "random_3": {
        "training": {
            "loss": [
                3.3787003558499333
            ],
            "accuracy": [
                0.20564148073324567
            ]
        },
        "validation": {
            "random_3": {
                "accuracy": [
                    0.42446754564499034
                ]
            }
        }
    },
    "random_4": {
        "training": {
            "loss": [
                3.4188978628502897
            ],
            "accuracy": [
                0.19866252534892448
            ]
        },
        "validation": {
            "random_4": {
                "accuracy": [
                    0.40268762678693804
                ]
            }
        }
    },
    "random_5": {
        "training": {
            "loss": [
                3.4044036552098413
            ],
            "accuracy": [
                0.2027256592322315
            ]
        },
        "validation": {
            "random_5": {
                "accuracy": [
                    0.43317697769971697
                ]
            }
        }
    },
    "cont_1": {
        "training": {
            "loss": [
                3.4061541634689236
            ],
            "accuracy": [
                0.20247844828795225
            ]
        },
        "validation": {
            "cont_1": {
                "accuracy": [
                    0.43676470588839805
                ]
            },
            "cont_2": {
                "accuracy": [
                    0.32384634888438135
                ]
            },
            "cont_3": {
                "accuracy": [
                    0.3166075050830841
                ]
            },
            "cont_4": {
                "accuracy": [
                    0.31966911764101374
                ]
            },
            "cont_5": {
                "accuracy": [
                    0.32358646045229256
                ]
            }
        }
    },
    "cont_2": {
        "training": {
            "loss": [
                2.6507202609315605
            ],
            "accuracy": [
                0.34057429006689705
            ]
        },
        "validation": {
            "cont_1": {
                "accuracy": [
                    0.41224011156186613
                ]
            },
            "cont_2": {
                "accuracy": [
                    0.523402636934971
                ]
            },
            "cont_3": {
                "accuracy": [
                    0.37962728194726164
                ]
            },
            "cont_4": {
                "accuracy": [
                    0.376255071006005
                ]
            },
            "cont_5": {
                "accuracy": [
                    0.37636916835095285
                ]
            }
        }
    },
    "cont_3": {
        "training": {
            "loss": [
                2.454532389829415
            ],
            "accuracy": [
                0.3798047667463701
            ]
        },
        "validation": {
            "cont_1": {
                "accuracy": [
                    0.4182555780993514
                ]
            },
            "cont_2": {
                "accuracy": [
                    0.4603511663286004
                ]
            },
            "cont_3": {
                "accuracy": [
                    0.5516734279797962
                ]
            },
            "cont_4": {
                "accuracy": [
                    0.3967355476733879
                ]
            },
            "cont_5": {
                "accuracy": [
                    0.4017494929006085
                ]
            }
        }
    },
    "cont_4": {
        "training": {
            "loss": [
                2.330976267252684
            ],
            "accuracy": [
                0.40656059838332703
            ]
        },
        "validation": {
            "cont_1": {
                "accuracy": [
                    0.43624492902422046
                ]
            },
            "cont_2": {
                "accuracy": [
                    0.462956389476513
                ]
            },
            "cont_3": {
                "accuracy": [
                    0.48630831643002026
                ]
            },
            "cont_4": {
                "accuracy": [
                    0.5778460953286405
                ]
            },
            "cont_5": {
                "accuracy": [
                    0.42733265719476626
                ]
            }
        }
    },
    "cont_5": {
        "training": {
            "loss": [
                2.2347727475978783
            ],
            "accuracy": [
                0.42491125761253595
            ]
        },
        "validation": {
            "cont_1": {
                "accuracy": [
                    0.4505514705942804
                ]
            },
            "cont_2": {
                "accuracy": [
                    0.4710256085253149
                ]
            },
            "cont_3": {
                "accuracy": [
                    0.482283215010142
                ]
            },
            "cont_4": {
                "accuracy": [
                    0.5094954361175669
                ]
            },
            "cont_5": {
                "accuracy": [
                    0.5995055781053965
                ]
            }
        }
    },
    "training_metrics": {
        "training": {},
        "validation": {
            "cont_1": {
                "accuracy": [
                    0.4505514705942804
                ],
                "flatness": [
                    0.39887519290943957
                ]
            },
            "cont_2": {
                "accuracy": [
                    0.4710256085253149
                ],
                "flatness": [
                    0.5330203140829418
                ]
            },
            "cont_3": {
                "accuracy": [
                    0.482283215010142
                ],
                "flatness": [
                    0.5839198836223034
                ]
            },
            "cont_4": {
                "accuracy": [
                    0.5094954361175669
                ],
                "flatness": [
                    0.44818057913549547
                ]
            },
            "cont_5": {
                "accuracy": [
                    0.5995055781053965
                ],
                "flatness": [
                    0.38596853855385793
                ]
            }
        }
    }
}