{
    "random_1": {
        "training": {
            "loss": [
                0.13885697427937707
            ],
            "accuracy": [
                0.9535742811501597
            ]
        },
        "validation": {
            "random_1": {
                "accuracy": [
                    0.9809305111821086
                ],
                "flatness": [
                    0.7066393129770994
                ]
            }
        }
    },
    "random_2": {
        "training": {
            "loss": [
                0.32769391465539366
            ],
            "accuracy": [
                0.897064696485623
            ]
        },
        "validation": {
            "random_2": {
                "accuracy": [
                    0.9759384984025559
                ],
                "flatness": [
                    0.6360063938618926
                ]
            }
        }
    },
    "random_3": {
        "training": {
            "loss": [
                0.342557842322527
            ],
            "accuracy": [
                0.8907747603833865
            ]
        },
        "validation": {
            "random_3": {
                "accuracy": [
                    0.9704472843450479
                ],
                "flatness": [
                    0.7034047067901235
                ]
            }
        }
    },
    "random_4": {
        "training": {
            "loss": [
                0.33875748951928303
            ],
            "accuracy": [
                0.8890774760383386
            ]
        },
        "validation": {
            "random_4": {
                "accuracy": [
                    0.9754392971246006
                ],
                "flatness": [
                    0.7570707523029683
                ]
            }
        }
    },
    "random_5": {
        "training": {
            "loss": [
                0.36341524477036424
            ],
            "accuracy": [
                0.8837859424920128
            ]
        },
        "validation": {
            "random_5": {
                "accuracy": [
                    0.9680511182108626
                ],
                "flatness": [
                    0.6835576526402639
                ]
            }
        }
    },
    "cont_1": {
        "training": {
            "loss": [
                0.09179754504047263
            ],
            "accuracy": [
                0.9692492012779552
            ]
        },
        "validation": {
            "cont_1": {
                "accuracy": [
                    0.9562699680511182
                ],
                "flatness": [
                    0.6172256734182502
                ]
            },
            "cont_2": {
                "accuracy": [
                    0.8633186900958466
                ],
                "flatness": [
                    0.716937232566208
                ]
            },
            "cont_3": {
                "accuracy": [
                    0.8648162939297125
                ],
                "flatness": [
                    0.7172766104825674
                ]
            },
            "cont_4": {
                "accuracy": [
                    0.8643170926517572
                ],
                "flatness": [
                    0.5753277694351392
                ]
            },
            "cont_5": {
                "accuracy": [
                    0.860223642172524
                ],
                "flatness": [
                    0.6682037778551532
                ]
            }
        }
    },
    "cont_2": {
        "training": {
            "loss": [
                0.3728241789788484
            ],
            "accuracy": [
                0.8789936102236422
            ]
        },
        "validation": {
            "cont_1": {
                "accuracy": [
                    0.9725439297124601
                ],
                "flatness": [
                    0.7601279386099989
                ]
            },
            "cont_2": {
                "accuracy": [
                    0.9649560702875399
                ],
                "flatness": [
                    0.6685456544231765
                ]
            },
            "cont_3": {
                "accuracy": [
                    0.919129392971246
                ],
                "flatness": [
                    0.695928606343689
                ]
            },
            "cont_4": {
                "accuracy": [
                    0.9105431309904153
                ],
                "flatness": [
                    0.6778234649122807
                ]
            },
            "cont_5": {
                "accuracy": [
                    0.9108426517571885
                ],
                "flatness": [
                    0.7059054039241477
                ]
            }
        }
    },
    "cont_3": {
        "training": {
            "loss": [
                0.3195394954432885
            ],
            "accuracy": [
                0.8945686900958466
            ]
        },
        "validation": {
            "cont_1": {
                "accuracy": [
                    0.9556709265175719
                ],
                "flatness": [
                    0.6828072764312578
                ]
            },
            "cont_2": {
                "accuracy": [
                    0.9447883386581469
                ],
                "flatness": [
                    0.7167197241889465
                ]
            },
            "cont_3": {
                "accuracy": [
                    0.9659544728434505
                ],
                "flatness": [
                    0.6599689922480619
                ]
            },
            "cont_4": {
                "accuracy": [
                    0.9120407348242812
                ],
                "flatness": [
                    0.7743623426382047
                ]
            },
            "cont_5": {
                "accuracy": [
                    0.9086461661341853
                ],
                "flatness": [
                    0.7228731732776618
                ]
            }
        }
    },
    "cont_4": {
        "training": {
            "loss": [
                0.38894763505592134
            ],
            "accuracy": [
                0.8704073482428115
            ]
        },
        "validation": {
            "cont_1": {
                "accuracy": [
                    0.9374001597444089
                ],
                "flatness": [
                    0.715909575034615
                ]
            },
            "cont_2": {
                "accuracy": [
                    0.9262180511182109
                ],
                "flatness": [
                    0.7258178829362941
                ]
            },
            "cont_3": {
                "accuracy": [
                    0.9376996805111821
                ],
                "flatness": [
                    0.7492154227001703
                ]
            },
            "cont_4": {
                "accuracy": [
                    0.9592651757188498
                ],
                "flatness": [
                    0.6678288925895087
                ]
            },
            "cont_5": {
                "accuracy": [
                    0.9070487220447284
                ],
                "flatness": [
                    0.7056280957622454
                ]
            }
        }
    },
    "cont_5": {
        "training": {
            "loss": [
                0.4273982384143927
            ],
            "accuracy": [
                0.8554313099041534
            ]
        },
        "validation": {
            "cont_1": {
                "accuracy": [
                    0.9160343450479234
                ],
                "flatness": [
                    0.6899645776566757
                ]
            },