{
    "joint_training": {
        "training": {
            "loss": [
                1.2853911422252655
            ],
            "accuracy": [
                0.64245
            ]
        },
        "validation": {
            "cont_1": {
                "accuracy": [
                    0.8176529255319149
                ],
                "flatness": [
                    0.5868315848357678
                ]
            },
            "cont_2": {
                "accuracy": [
                    0.8261303191489362
                ],
                "flatness": [
                    0.47104521906023666
                ]
            },
            "cont_3": {
                "accuracy": [
                    0.8282912234042553
                ],
                "flatness": [
                    0.5187968925197981
                ]
            },
            "cont_4": {
                "accuracy": [
                    0.8188164893617021
                ],
                "flatness": [
                    0.4548981062593624
                ]
            },
            "cont_5": {
                "accuracy": [
                    0.8178191489361702
                ],
                "flatness": [
                    0.5239651984417596
                ]
            },
            "cont_6": {
                "accuracy": [
                    0.8272938829787234
                ],
                "flatness": [
                    0.5587865591520671
                ]
            },
            "cont_7": {
                "accuracy": [
                    0.8216422872340425
                ],
                "flatness": [
                    0.4435916829716174
                ]
            },
            "cont_8": {
                "accuracy": [
                    0.8141622340425532
                ],
                "flatness": [
                    0.5512339450376837
                ]
            },
            "cont_9": {
                "accuracy": [
                    0.8223071808510638
                ],
                "flatness": [
                    0.5280393230309213
                ]
            },
            "cont_10": {
                "accuracy": [
                    0.8284574468085106
                ],
                "flatness": [
                    0.5832812379358628
                ]
            }
        }
    }
}