{
    "joint_training": {
        "training": {
            "loss": [
                1.2853911422252655
            ],
            "accuracy": [
                0.64245
            ]
        },
        "validation": {
            "cont_1": {
                "accuracy": [
                    0.822
                ],
                "flatness": [
                    0.6028700857984377
                ]
            },
            "cont_2": {
                "accuracy": [
                    0.8235
                ],
                "flatness": [
                    0.46675774134790526
                ]
            },
            "cont_3": {
                "accuracy": [
                    0.8224166666666667
                ],
                "flatness": [
                    0.5181696007167579
                ]
            },
            "cont_4": {
                "accuracy": [
                    0.8178333333333333
                ],
                "flatness": [
                    0.4579253054176097
                ]
            },
            "cont_5": {
                "accuracy": [
                    0.8254166666666667
                ],
                "flatness": [
                    0.5055261829485375
                ]
            }
        }
    }
}