{
    "random_1": {
        "training": {
            "loss": [
                0.6405190577208996
            ],
            "accuracy": [
                0.7835833333333333
            ]
        },
        "validation": {
            "random_1": {
                "accuracy": [
                    0.7898333333333334
                ]
            }
        }
    },
    "random_2": {
        "training": {
            "loss": [
                0.6485031069219113
            ],
            "accuracy": [
                0.7770833333333333
            ]
        },
        "validation": {
            "random_2": {
                "accuracy": [
                    0.8360833333333333
                ]
            }
        }
    },
    "random_3": {
        "training": {
            "loss": [
                0.6444252247611681
            ],
            "accuracy": [
                0.7775833333333333
            ]
        },
        "validation": {
            "random_3": {
                "accuracy": [
                    0.8958333333333334
                ]
            }
        }
    },
    "random_4": {
        "training": {
            "loss": [
                0.6286531071960926
            ],
            "accuracy": [
                0.784
            ]
        },
        "validation": {
            "random_4": {
                "accuracy": [
                    0.9116666666666666
                ]
            }
        }
    },
    "random_5": {
        "training": {
            "loss": [
                0.6426839778870345
            ],
            "accuracy": [
                0.78375
            ]
        },
        "validation": {
            "random_5": {
                "accuracy": [
                    0.8639166666666667
                ]
            }
        }
    },
    "cont_1": {
        "training": {
            "loss": [
                0.661953184992075
            ],
            "accuracy": [
                0.7714166666666666
            ]
        },
        "validation": {
            "cont_1": {
                "accuracy": [
                    0.8630833333333333
                ]
            },
            "cont_2": {
                "accuracy": [
                    0.8105833333333333
                ]
            },
            "cont_3": {
                "accuracy": [
                    0.8209166666666666
                ]
            },
            "cont_4": {
                "accuracy": [
                    0.8225833333333333
                ]
            },
            "cont_5": {
                "accuracy": [
                    0.8200833333333334
                ]
            }
        }
    },
    "cont_2": {
        "training": {
            "loss": [
                0.5167484745283921
            ],
            "accuracy": [
                0.8418333333333333
            ]
        },
        "validation": {
            "cont_1": {
                "accuracy": [
                    0.9079166666666667
                ]
            },
            "cont_2": {
                "accuracy": [
                    0.92675
                ]
            },
            "cont_3": {
                "accuracy": [
                    0.8845
                ]
            },
            "cont_4": {
                "accuracy": [
                    0.8884166666666666
                ]
            },
            "cont_5": {
                "accuracy": [
                    0.887
                ]
            }
        }
    },
    "cont_3": {
        "training": {
            "loss": [
                0.43493217648069066
            ],
            "accuracy": [
                0.8604166666666667
            ]
        },
        "validation": {
            "cont_1": {
                "accuracy": [
                    0.8598333333333333
                ]
            },
            "cont_2": {
                "accuracy": [
                    0.8685
                ]
            },
            "cont_3": {
                "accuracy": [
                    0.8891666666666667
                ]
            },
            "cont_4": {
                "accuracy": [
                    0.84925
                ]
            },
            "cont_5": {
                "accuracy": [
                    0.8531666666666666
                ]
            }
        }
    },
    "cont_4": {
        "training": {
            "loss": [
                0.4127618825485309
            ],
            "accuracy": [
                0.8730833333333333
            ]
        },
        "validation": {
            "cont_1": {
                "accuracy": [
                    0.9105833333333333
                ]
            },
            "cont_2": {
                "accuracy": [
                    0.916
                ]
            },
            "cont_3": {
                "accuracy": [
                    0.9279166666666666
                ]
            },
            "cont_4": {
                "accuracy": [
                    0.9423333333333334
                ]
            },
            "cont_5": {
                "accuracy": [
                    0.9028333333333334
                ]
            }
        }
    },
    "cont_5": {
        "training": {
            "loss": [
                0.3719318464448055
            ],
            "accuracy": [
                0.8810833333333333
            ]
        },
        "validation": {
            "cont_1": {
                "accuracy": [
                    0.873
                ]
            },
            "cont_2": {
                "accuracy": [
                    0.87675
                ]
            },
            "cont_3": {
                "accuracy": [
                    0.8866666666666667
                ]
            },
            "cont_4": {
                "accuracy": [
                    0.88775
                ]
            },
            "cont_5": {
                "accuracy": [
                    0.9105
                ]
            }
        }
    },
    "training_metrics": {
        "training": {},
        "validation": {
            "cont_1": {
                "accuracy": [
                    0.873
                ],
                "flatness": [
                    0.4394807178312333
                ]
            },
            "cont_2": {
                "accuracy": [
                    0.87675
                ],
                "flatness": [
                    0.31879098944967205
                ]
            },
            "cont_3": {
                "accuracy": [
                    0.8866666666666667
                ],
                "flatness": [
                    0.23890977443609024
                ]
            },
            "cont_4": {
                "accuracy": [
                    0.88775
                ],
                "flatness": [
                    0.2970055383460058
                ]
            },
            "cont_5": {
                "accuracy": [
                    0.9105
                ],
                "flatness": [
                    0.3968515467691744
                ]
            }
        }
    }
}