{
    "random_1": {
        "training": {
            "loss": [
                2.401884344629586
            ],
            "accuracy": [
                0.4016573482428115
            ]
        },
        "validation": {
            "random_1": {
                "accuracy": [
                    0.7699680511182109
                ],
                "flatness": [
                    0.3274790910269709
                ]
            }
        }
    },
    "random_2": {
        "training": {
            "loss": [
                2.351124514786961
            ],
            "accuracy": [
                0.41094249201277955
            ]
        },
        "validation": {
            "random_2": {
                "accuracy": [
                    0.7710662939297125
                ],
                "flatness": [
                    0.33537161724718373
                ]
            }
        }
    },
    "random_3": {
        "training": {
            "loss": [
                2.338909827863066
            ],
            "accuracy": [
                0.41493610223642174
            ]
        },
        "validation": {
            "random_3": {
                "accuracy": [
                    0.7524960063897763
                ],
                "flatness": [
                    0.3483199548892132
                ]
            }
        }
    },
    "random_4": {
        "training": {
            "loss": [
                2.326054809002069
            ],
            "accuracy": [
                0.41813099041533547
            ]
        },
        "validation": {
            "random_4": {
                "accuracy": [
                    0.7674720447284346
                ],
                "flatness": [
                    0.33058003772603095
                ]
            }
        }
    },
    "random_5": {
        "training": {
            "loss": [
                2.3323951664443214
            ],
            "accuracy": [
                0.4165335463258786
            ]
        },
        "validation": {
            "random_5": {
                "accuracy": [
                    0.7709664536741214
                ],
                "flatness": [
                    0.3083082426832427
                ]
            }
        }
    },
    "cont_1": {
        "training": {
            "loss": [
                2.3205855513533082
            ],
            "accuracy": [
                0.41863019169329074
            ]
        },
        "validation": {
            "cont_1": {
                "accuracy": [
                    0.7705670926517572
                ],
                "flatness": [
                    0.3644839984451931
                ]
            },
            "cont_2": {
                "accuracy": [
                    0.5954472843450479
                ],
                "flatness": [
                    0.40279594232059024
                ]
            },
            "cont_3": {
                "accuracy": [
                    0.595547124600639
                ],
                "flatness": [
                    0.37157271584241414
                ]
            },
            "cont_4": {
                "accuracy": [
                    0.5964456869009584
                ],
                "flatness": [
                    0.36380879645128894
                ]
            },
            "cont_5": {
                "accuracy": [
                    0.5933506389776357
                ],
                "flatness": [
                    0.29032685512367495
                ]
            }
        }
    },
    "cont_2": {
        "training": {
            "loss": [
                1.5187279431583782
            ],
            "accuracy": [
                0.5843650159744409
            ]
        },
        "validation": {
            "cont_1": {
                "accuracy": [
                    0.6977835463258786
                ],
                "flatness": [
                    0.4302126556016598
                ]
            },
            "cont_2": {
                "accuracy": [
                    0.8159944089456869
                ],
                "flatness": [
                    0.3547243974060933
                ]
            },
            "cont_3": {
                "accuracy": [
                    0.6494608626198083
                ],
                "flatness": [
                    0.49620484242890084
                ]
            },
            "cont_4": {
                "accuracy": [
                    0.6446685303514377
                ],
                "flatness": [
                    0.4202135279541583
                ]
            },
            "cont_5": {
                "accuracy": [
                    0.6388777955271565
                ],
                "flatness": [
                    0.4087367166744804
                ]
            }
        }
    },
    "cont_3": {
        "training": {
            "loss": [
                1.5071631390065812
            ],
            "accuracy": [
                0.5784744408945687
            ]
        },
        "validation": {
            "cont_1": {
                "accuracy": [
                    0.6663338658146964
                ],
                "flatness": [
                    0.5085546523823794
                ]
            },
            "cont_2": {
                "accuracy": [
                    0.7008785942492013
                ],
                "flatness": [
                    0.45116363960113953
                ]
            },
            "cont_3": {
                "accuracy": [
                    0.8117012779552716
                ],
                "flatness": [
                    0.4292681426814268
                ]
            },
            "cont_4": {
                "accuracy": [
                    0.6336861022364217
                ],
                "flatness": [
                    0.5581800456908776
                ]
            },
            "cont_5": {
                "accuracy": [
                    0.6287939297124601
                ],
                "flatness": [
                    0.41404910288980623
                ]
            }
        }
    },
    "cont_4": {
        "training": {
            "loss": [
                1.4065027198852442
            ],
            "accuracy": [
                0.6018370607028753
            ]
        },
        "validation": {
            "cont_1": {
                "accuracy": [
                    0.6742212460063898
                ],
                "flatness": [
                    0.4895694506145417
                ]
            },
            "cont_2": {
                "accuracy": [
                    0.6944888178913738
                ],
                "flatness": [
                    0.33522857964347325
                ]
            },
            "cont_3": {
                "accuracy": [
                    0.71875
                ],
                "flatness": [
                    0.4584239130434783
                ]
            },
            "cont_4": {
                "accuracy": [
                    0.8257787539936102
                ],
                "flatness": [
                    0.37322723975335503
                ]
            },
            "cont_5": {
                "accuracy": [
                    0.6505591054313099
                ],
                "flatness": [
                    0.4236139886433395
                ]
            }
        }
    },
    "cont_5": {
        "training": {
            "loss": [
                1.5648161229995874
            ],
            "accuracy": [
                0.5599041533546326
            ]
        },
        "validation": {
            "cont_1": {
                "accuracy": [
                    0.6499600638977636
                ],
                "flatness": [
                    0.34377112135176646
                ]
            },