{
    "random_1": {
        "training": {
            "loss": [
                0.17359682140699306
            ],
            "accuracy": [
                0.9414936102236422
            ]
        },
        "validation": {
            "random_1": {
                "accuracy": [
                    0.9812300319488818
                ],
                "flatness": [
                    0.7143855565730566
                ]
            }
        }
    },
    "random_2": {
        "training": {
            "loss": [
                0.3903377214238381
            ],
            "accuracy": [
                0.8725039936102237
            ]
        },
        "validation": {
            "random_2": {
                "accuracy": [
                    0.9614616613418531
                ],
                "flatness": [
                    0.6764602803738318
                ]
            }
        }
    },
    "random_3": {
        "training": {
            "loss": [
                0.38975034247095974
            ],
            "accuracy": [
                0.8739017571884984
            ]
        },
        "validation": {
            "random_3": {
                "accuracy": [
                    0.9607627795527156
                ],
                "flatness": [
                    0.6509313623610101
                ]
            }
        }
    },
    "random_4": {
        "training": {
            "loss": [
                0.39511972227797343
            ],
            "accuracy": [
                0.87310303514377
            ]
        },
        "validation": {
            "random_4": {
                "accuracy": [
                    0.9693490415335463
                ],
                "flatness": [
                    0.6953361571737563
                ]
            }
        }
    },
    "random_5": {
        "training": {
            "loss": [
                0.3840191593280616
            ],
            "accuracy": [
                0.8753993610223643
            ]
        },
        "validation": {
            "random_5": {
                "accuracy": [
                    0.9688498402555911
                ],
                "flatness": [
                    0.6251371856966199
                ]
            }
        }
    },
    "cont_1": {
        "training": {
            "loss": [
                0.12657046422121315
            ],
            "accuracy": [
                0.957867412140575
            ]
        },
        "validation": {
            "cont_1": {
                "accuracy": [
                    0.9698482428115016
                ],
                "flatness": [
                    0.6182507206094296
                ]
            },
            "cont_2": {
                "accuracy": [
                    0.8730031948881789
                ],
                "flatness": [
                    0.6206127058554438
                ]
            },
            "cont_3": {
                "accuracy": [
                    0.8726038338658147
                ],
                "flatness": [
                    0.622687356979405
                ]
            },
            "cont_4": {
                "accuracy": [
                    0.8674121405750799
                ],
                "flatness": [
                    0.6872093692449355
                ]
            },
            "cont_5": {
                "accuracy": [
                    0.8735023961661342
                ],
                "flatness": [
                    0.6104197622585439
                ]
            }
        }
    },
    "cont_2": {
        "training": {
            "loss": [
                0.3971370299712728
            ],
            "accuracy": [
                0.8730031948881789
            ]
        },
        "validation": {
            "cont_1": {
                "accuracy": [
                    0.9701477635782748
                ],
                "flatness": [
                    0.6697997066995987
                ]
            },
            "cont_2": {
                "accuracy": [
                    0.9758386581469649
                ],
                "flatness": [
                    0.7107268006957234
                ]
            },
            "cont_3": {
                "accuracy": [
                    0.9040535143769968
                ],
                "flatness": [
                    0.6820409994478188
                ]
            },
            "cont_4": {
                "accuracy": [
                    0.9104432907348243
                ],
                "flatness": [
                    0.6161147055598201
                ]
            },
            "cont_5": {
                "accuracy": [
                    0.9105431309904153
                ],
                "flatness": [
                    0.6297752192982456
                ]
            }
        }
    },
    "cont_3": {
        "training": {
            "loss": [
                0.3379636597209655
            ],
            "accuracy": [
                0.8865814696485623
            ]
        },
        "validation": {
            "cont_1": {
                "accuracy": [
                    0.9493809904153354
                ],
                "flatness": [
                    0.7042006257229994
                ]
            },
            "cont_2": {
                "accuracy": [
                    0.9450878594249201
                ],
                "flatness": [
                    0.5986959909148531
                ]
            },
            "cont_3": {
                "accuracy": [
                    0.9726437699680511
                ],
                "flatness": [
                    0.7269169575035928
                ]
            },
            "cont_4": {
                "accuracy": [
                    0.9089456869009584
                ],
                "flatness": [
                    0.6714939861599297
                ]
            },
            "cont_5": {
                "accuracy": [
                    0.9096445686900958
                ],
                "flatness": [
                    0.6413476841180991
                ]
            }
        }
    },
    "cont_4": {
        "training": {
            "loss": [
                0.30551973968363416
            ],
            "accuracy": [
                0.8980630990415336
            ]
        },
        "validation": {
            "cont_1": {
                "accuracy": [
                    0.9423921725239617
                ],
                "flatness": [
                    0.724345137196737
                ]
            },
            "cont_2": {
                "accuracy": [
                    0.9290135782747604
                ],
                "flatness": [
                    0.6828479312197743
                ]
            },
            "cont_3": {
                "accuracy": [
                    0.9413937699680511
                ],
                "flatness": [
                    0.6871460388164176
                ]
            },
            "cont_4": {
                "accuracy": [
                    0.9656549520766773
                ],
                "flatness": [
                    0.6567352925971879
                ]
            },
            "cont_5": {
                "accuracy": [
                    0.9016573482428115
                ],
                "flatness": [
                    0.7956268685638356
                ]
            }
        }
    },
    "cont_5": {
        "training": {
            "loss": [
                0.29247797106187373
            ],
            "accuracy": [
                0.9016573482428115
            ]
        },
        "validation": {
            "cont_1": {
                "accuracy": [
                    0.9496805111821086
                ],
                "flatness": [
                    0.8168865643397814
                ]
            },