{
    "random_1": {
        "training": {
            "loss": [
                0.3040174621448016
            ],
            "accuracy": [
                0.8966958598726115
            ]
        },
        "validation": {
            "random_1": {
                "accuracy": [
                    0.9613853503184714
                ]
            }
        }
    },
    "random_2": {
        "training": {
            "loss": [
                0.46764438300375727
            ],
            "accuracy": [
                0.8429538216560509
            ]
        },
        "validation": {
            "random_2": {
                "accuracy": [
                    0.9623805732484076
                ]
            }
        }
    },
    "random_3": {
        "training": {
            "loss": [
                0.4839160123448463
            ],
            "accuracy": [
                0.839171974522293
            ]
        },
        "validation": {
            "random_3": {
                "accuracy": [
                    0.9709394904458599
                ]
            }
        }
    },
    "random_4": {
        "training": {
            "loss": [
                0.4794201449888527
            ],
            "accuracy": [
                0.8409633757961783
            ]
        },
        "validation": {
            "random_4": {
                "accuracy": [
                    0.9669585987261147
                ]
            }
        }
    },
    "random_5": {
        "training": {
            "loss": [
                0.5073463893999719
            ],
            "accuracy": [
                0.830812101910828
            ]
        },
        "validation": {
            "random_5": {
                "accuracy": [
                    0.9633757961783439
                ]
            }
        }
    },
    "random_6": {
        "training": {
            "loss": [
                0.4703637806663088
            ],
            "accuracy": [
                0.8435509554140127
            ]
        },
        "validation": {
            "random_6": {
                "accuracy": [
                    0.947452229299363
                ]
            }
        }
    },
    "random_7": {
        "training": {
            "loss": [
                0.4815489560080941
            ],
            "accuracy": [
                0.839171974522293
            ]
        },
        "validation": {
            "random_7": {
                "accuracy": [
                    0.9635748407643312
                ]
            }
        }
    },
    "random_8": {
        "training": {
            "loss": [
                0.48005293005970634
            ],
            "accuracy": [
                0.8383757961783439
            ]
        },
        "validation": {
            "random_8": {
                "accuracy": [
                    0.9607882165605095
                ]
            }
        }
    },
    "random_9": {
        "training": {
            "loss": [
                0.4827697812371953
            ],
            "accuracy": [
                0.8381767515923567
            ]
        },
        "validation": {
            "random_9": {
                "accuracy": [
                    0.9492436305732485
                ]
            }
        }
    },
    "random_10": {
        "training": {
            "loss": [
                0.4908321191835555
            ],
            "accuracy": [
                0.8310111464968153
            ]
        },
        "validation": {
            "random_10": {
                "accuracy": [
                    0.9671576433121019
                ]
            }
        }
    },
    "cont_1": {
        "training": {
            "loss": [
                0.2351852547270572
            ],
            "accuracy": [
                0.9201831210191083
            ]
        },
        "validation": {
            "cont_1": {
                "accuracy": [
                    0.958797770700637
                ]
            },
            "cont_2": {
                "accuracy": [
                    0.8485270700636943
                ]
            },
            "cont_3": {
                "accuracy": [
                    0.8429538216560509
                ]
            },
            "cont_4": {
                "accuracy": [
                    0.8461385350318471
                ]
            },
            "cont_5": {
                "accuracy": [
                    0.8487261146496815
                ]
            },
            "cont_6": {
                "accuracy": [
                    0.8413614649681529
                ]
            },
            "cont_7": {
                "accuracy": [
                    0.8481289808917197
                ]
            },
            "cont_8": {
                "accuracy": [
                    0.839968152866242
                ]
            },
            "cont_9": {
                "accuracy": [
                    0.8447452229299363
                ]
            },
            "cont_10": {
                "accuracy": [
                    0.8519108280254777
                ]
            }
        }
    },
    "cont_2": {
        "training": {
            "loss": [
                0.4338019508275257
            ],
            "accuracy": [
                0.8542993630573248
            ]
        },
        "validation": {
            "cont_1": {
                "accuracy": [
                    0.9524283439490446
                ]
            },
            "cont_2": {
                "accuracy": [
                    0.95421974522293
                ]
            },
            "cont_3": {
                "accuracy": [
                    0.8927149681528662
                ]
            },
            "cont_4": {
                "accuracy": [
                    0.8875398089171974
                ]
            },
            "cont_5": {
                "accuracy": [
                    0.8855493630573248
                ]
            },
            "cont_6": {
                "accuracy": [
                    0.8869426751592356
                ]
            },
            "cont_7": {
                "accuracy": [
                    0.8805732484076433
                ]
            },
            "cont_8": {
                "accuracy": [
                    0.883359872611465
                ]
            },
            "cont_9": {
                "accuracy": [
                    0.8819665605095541
                ]
            },
            "cont_10": {
                "accuracy": [
                    0.8891321656050956
                ]
            }
        }
    },
    "cont_3": {
        "training": {
            "loss": [
                0.36156128380139163
            ],
            "accuracy": [
                0.8763933121019108
            ]
        },
        "validation": {
            "cont_1": {
                "accuracy": [
                    0.9494426751592356
                ]
            },
            "cont_2": {
                "accuracy": [
                    0.9506369426751592
                ]
            },
            "cont_3": {
                "accuracy": [
                    0.9749203821656051
                ]
            },
            "cont_4": {
                "accuracy": [
                    0.901671974522293
                ]
            },
            "cont_5": {
                "accuracy": [
                    0.9008757961783439
                ]
            },
            "cont_6": {
                "accuracy": [
                    0.9044585987261147
                ]
            },
            "cont_7": {
                "accuracy": [
                    0.9004777070063694
                ]
            },
            "cont_8": {
                "accuracy": [
                    0.9020700636942676
                ]
            },