{
    "joint_training": {
        "training": {
            "loss": [
                2.607309393308109
            ],
            "accuracy": [
                0.35009002840332726
            ]
        },
        "validation": {
            "cont_1": {
                "accuracy": [
                    0.5007606490872211
                ],
                "flatness": [
                    0.4220291239923566
                ]
            },
            "cont_2": {
                "accuracy": [
                    0.5022248986043021
                ],
                "flatness": [
                    0.5390854664376257
                ]
            },
            "cont_3": {
                "accuracy": [
                    0.4958291075232063
                ],
                "flatness": [
                    0.5990770578000445
                ]
            },
            "cont_4": {
                "accuracy": [
                    0.5025988843813387
                ],
                "flatness": [
                    0.46591442384984594
                ]
            },
            "cont_5": {
                "accuracy": [
                    0.5009317951499811
                ],
                "flatness": [
                    0.3994519937625204
                ]
            }
        }
    }
}