{
    "joint_training": {
        "training": {
            "loss": [
                0.32944977088868616
            ],
            "accuracy": [
                0.8889
            ]
        },
        "validation": {
            "cont_1": {
                "accuracy": [
                    0.9551196808510638
                ],
                "flatness": [
                    0.7931632086708614
                ]
            },
            "cont_2": {
                "accuracy": [
                    0.9596077127659575
                ],
                "flatness": [
                    0.8180197601261323
                ]
            },
            "cont_3": {
                "accuracy": [
                    0.9601063829787234
                ],
                "flatness": [
                    0.7932691849117498
                ]
            },
            "cont_4": {
                "accuracy": [
                    0.9596077127659575
                ],
                "flatness": [
                    0.7147246261791855
                ]
            },
            "cont_5": {
                "accuracy": [
                    0.9582779255319149
                ],
                "flatness": [
                    0.7862010632657437
                ]
            },
            "cont_6": {
                "accuracy": [
                    0.9601063829787234
                ],
                "flatness": [
                    0.7209773056290556
                ]
            },
            "cont_7": {
                "accuracy": [
                    0.9609375
                ],
                "flatness": [
                    0.7479674809806409
                ]
            },
            "cont_8": {
                "accuracy": [
                    0.9616023936170213
                ],
                "flatness": [
                    0.6906646054457941
                ]
            },
            "cont_9": {
                "accuracy": [
                    0.9554521276595744
                ],
                "flatness": [
                    0.7842801170515386
                ]
            },
            "cont_10": {
                "accuracy": [
                    0.9582779255319149
                ],
                "flatness": [
                    0.7340241331898942
                ]
            }
        }
    }
}