{
    "joint_training": {
        "training": {
            "loss": [
                2.6189000017141373
            ],
            "accuracy": [
                0.34837822073442887
            ]
        },
        "validation": {
            "cont_1": {
                "accuracy": [
                    0.507080375271685
                ],
                "flatness": [
                    0.6038369818132179
                ]
            },
            "cont_2": {
                "accuracy": [
                    0.5082910750628001
                ],
                "flatness": [
                    0.5870113203725124
                ]
            },
            "cont_3": {
                "accuracy": [
                    0.5036447768762677
                ],
                "flatness": [
                    0.5436102754630274
                ]
            },
            "cont_4": {
                "accuracy": [
                    0.5089756592533893
                ],
                "flatness": [
                    0.5201243614657486
                ]
            },
            "cont_5": {
                "accuracy": [
                    0.5032137424116444
                ],
                "flatness": [
                    0.6011863887810603
                ]
            }
        }
    }
}