{
    "random_1": {
        "training": {
            "loss": [
                2.120572302977244
            ],
            "accuracy": [
                0.45991666666666664
            ]
        },
        "validation": {
            "random_1": {
                "accuracy": [
                    0.8069166666666666
                ]
            }
        }
    },
    "random_2": {
        "training": {
            "loss": [
                2.1295971240997313
            ],
            "accuracy": [
                0.45725
            ]
        },
        "validation": {
            "random_2": {
                "accuracy": [
                    0.8140833333333334
                ]
            }
        }
    },
    "random_3": {
        "training": {
            "loss": [
                2.108250107447306
            ],
            "accuracy": [
                0.45758333333333334
            ]
        },
        "validation": {
            "random_3": {
                "accuracy": [
                    0.8071666666666667
                ]
            }
        }
    },
    "random_4": {
        "training": {
            "loss": [
                2.1235103861490887
            ],
            "accuracy": [
                0.4615
            ]
        },
        "validation": {
            "random_4": {
                "accuracy": [
                    0.80525
                ]
            }
        }
    },
    "random_5": {
        "training": {
            "loss": [
                2.1329547815322876
            ],
            "accuracy": [
                0.4615
            ]
        },
        "validation": {
            "random_5": {
                "accuracy": [
                    0.807
                ]
            }
        }
    },
    "cont_1": {
        "training": {
            "loss": [
                2.0915701508522035
            ],
            "accuracy": [
                0.46425
            ]
        },
        "validation": {
            "cont_1": {
                "accuracy": [
                    0.8123333333333334
                ]
            },
            "cont_2": {
                "accuracy": [
                    0.62975
                ]
            },
            "cont_3": {
                "accuracy": [
                    0.6398333333333334
                ]
            },
            "cont_4": {
                "accuracy": [
                    0.6249166666666667
                ]
            },
            "cont_5": {
                "accuracy": [
                    0.6328333333333334
                ]
            }
        }
    },
    "cont_2": {
        "training": {
            "loss": [
                1.2797758323351542
            ],
            "accuracy": [
                0.6363333333333333
            ]
        },
        "validation": {
            "cont_1": {
                "accuracy": [
                    0.7631666666666667
                ]
            },
            "cont_2": {
                "accuracy": [
                    0.8673333333333333
                ]
            },
            "cont_3": {
                "accuracy": [
                    0.6846666666666666
                ]
            },
            "cont_4": {
                "accuracy": [
                    0.6873333333333334
                ]
            },
            "cont_5": {
                "accuracy": [
                    0.6850833333333334
                ]
            }
        }
    },
    "cont_3": {
        "training": {
            "loss": [
                1.1292500387032827
            ],
            "accuracy": [
                0.6765833333333333
            ]
        },
        "validation": {
            "cont_1": {
                "accuracy": [
                    0.7665
                ]
            },
            "cont_2": {
                "accuracy": [
                    0.81775
                ]
            },
            "cont_3": {
                "accuracy": [
                    0.89075
                ]
            },
            "cont_4": {
                "accuracy": [
                    0.7105833333333333
                ]
            },
            "cont_5": {
                "accuracy": [
                    0.7153333333333334
                ]
            }
        }
    },
    "cont_4": {
        "training": {
            "loss": [
                1.0452758456071218
            ],
            "accuracy": [
                0.6971666666666667
            ]
        },
        "validation": {
            "cont_1": {
                "accuracy": [
                    0.7735
                ]
            },
            "cont_2": {
                "accuracy": [
                    0.8034166666666667
                ]
            },
            "cont_3": {
                "accuracy": [
                    0.8325
                ]
            },
            "cont_4": {
                "accuracy": [
                    0.90675
                ]
            },
            "cont_5": {
                "accuracy": [
                    0.734
                ]
            }
        }
    },
    "cont_5": {
        "training": {
            "loss": [
                0.9755046981573104
            ],
            "accuracy": [
                0.7120833333333333
            ]
        },
        "validation": {
            "cont_1": {
                "accuracy": [
                    0.78125
                ]
            },
            "cont_2": {
                "accuracy": [
                    0.8016666666666666
                ]
            },
            "cont_3": {
                "accuracy": [
                    0.8233333333333334
                ]
            },
            "cont_4": {
                "accuracy": [
                    0.8479166666666667
                ]
            },
            "cont_5": {
                "accuracy": [
                    0.9188333333333333
                ]
            }
        }
    },
    "training_metrics": {
        "training": {},
        "validation": {
            "cont_1": {
                "accuracy": [
                    0.78125
                ],
                "flatness": [
                    0.531157894736842
                ]
            },
            "cont_2": {
                "accuracy": [
                    0.8016666666666666
                ],
                "flatness": [
                    0.5348643177590546
                ]
            },
            "cont_3": {
                "accuracy": [
                    0.8233333333333334
                ],
                "flatness": [
                    0.5996963562753036
                ]
            },
            "cont_4": {
                "accuracy": [
                    0.8479166666666667
                ],
                "flatness": [
                    0.39784042415621357
                ]
            },
            "cont_5": {
                "accuracy": [
                    0.9188333333333333
                ],
                "flatness": [
                    0.5520444499603807
                ]
            }
        }
    }
}