{
    "random_1": {
        "training": {
            "loss": [
                0.36169845122060956
            ],
            "accuracy": [
                0.8843550955414012
            ]
        },
        "validation": {
            "random_1": {
                "accuracy": [
                    0.976015127388535
                ],
                "flatness": [
                    0.5034421843831858
                ]
            }
        }
    },
    "random_2": {
        "training": {
            "loss": [
                0.25003229024683593
            ],
            "accuracy": [
                0.919984076433121
            ]
        },
        "validation": {
            "random_2": {
                "accuracy": [
                    0.9712380573248408
                ],
                "flatness": [
                    0.44812327113377776
                ]
            }
        }
    },
    "random_3": {
        "training": {
            "loss": [
                0.6113198695668749
            ],
            "accuracy": [
                0.81140525477707
            ]
        },
        "validation": {
            "random_3": {
                "accuracy": [
                    0.9695461783439491
                ],
                "flatness": [
                    0.4183658390594836
                ]
            }
        }
    },
    "random_4": {
        "training": {
            "loss": [
                0.5530408972008213
            ],
            "accuracy": [
                0.8275278662420382
            ]
        },
        "validation": {
            "random_4": {
                "accuracy": [
                    0.9599920382165605
                ],
                "flatness": [
                    0.4105665564734783
                ]
            }
        }
    },
    "random_5": {
        "training": {
            "loss": [
                0.5162704007071295
            ],
            "accuracy": [
                0.8435509554140127
            ]
        },
        "validation": {
            "random_5": {
                "accuracy": [
                    0.9686504777070064
                ],
                "flatness": [
                    0.4554500164114093
                ]
            }
        }
    },
    "cont_1": {
        "training": {
            "loss": [
                0.27455727580436473
            ],
            "accuracy": [
                0.9129179936305732
            ]
        },
        "validation": {
            "cont_1": {
                "accuracy": [
                    0.9634753184713376
                ],
                "flatness": [
                    0.44107091252117436
                ]
            },
            "cont_2": {
                "accuracy": [
                    0.9116242038216561
                ],
                "flatness": [
                    0.3624197605200209
                ]
            },
            "cont_3": {
                "accuracy": [
                    0.8071257961783439
                ],
                "flatness": [
                    0.37996516687655424
                ]
            },
            "cont_4": {
                "accuracy": [
                    0.817078025477707
                ],
                "flatness": [
                    0.40296985433830557
                ]
            },
            "cont_5": {
                "accuracy": [
                    0.8363853503184714
                ],
                "flatness": [
                    0.3386970490465443
                ]
            }
        }
    },
    "cont_2": {
        "training": {
            "loss": [
                0.29680236457449616
            ],
            "accuracy": [
                0.9049562101910829
            ]
        },
        "validation": {
            "cont_1": {
                "accuracy": [
                    0.9479498407643312
                ],
                "flatness": [
                    0.4014832027678102
                ]
            },
            "cont_2": {
                "accuracy": [
                    0.9652667197452229
                ],
                "flatness": [
                    0.4341011965013015
                ]
            },
            "cont_3": {
                "accuracy": [
                    0.8111066878980892
                ],
                "flatness": [
                    0.4031914114103727
                ]
            },
            "cont_4": {
                "accuracy": [
                    0.8205613057324841
                ],
                "flatness": [
                    0.38792995850341544
                ]
            },
            "cont_5": {
                "accuracy": [
                    0.8285230891719745
                ],
                "flatness": [
                    0.3809489496233943
                ]
            }
        }
    },
    "cont_3": {
        "training": {
            "loss": [
                0.6364476299209959
            ],
            "accuracy": [
                0.8102109872611465
            ]
        },
        "validation": {
            "cont_1": {
                "accuracy": [
                    0.9342157643312102
                ],
                "flatness": [
                    0.3868552254312295
                ]
            },
            "cont_2": {
                "accuracy": [
                    0.9525278662420382
                ],
                "flatness": [
                    0.4420802429855561
                ]
            },
            "cont_3": {
                "accuracy": [
                    0.9541202229299363
                ],
                "flatness": [
                    0.4932554501667502
                ]
            },
            "cont_4": {
                "accuracy": [
                    0.8407643312101911
                ],
                "flatness": [
                    0.4648857721790784
                ]
            },
            "cont_5": {
                "accuracy": [
                    0.8453423566878981
                ],
                "flatness": [
                    0.4327943255824428
                ]
            }
        }
    },
    "cont_4": {
        "training": {
            "loss": [
                0.5985944550128499
            ],
            "accuracy": [
                0.8118033439490446
            ]
        },
        "validation": {
            "cont_1": {
                "accuracy": [
                    0.898984872611465
                ],
                "flatness": [
                    0.38324476917967454
                ]
            },
            "cont_2": {
                "accuracy": [
                    0.911922770700637
                ],
                "flatness": [
                    0.4225275571307513
                ]
            },
            "cont_3": {
                "accuracy": [
                    0.9049562101910829
                ],
                "flatness": [
                    0.4086869025065222
                ]
            },
            "cont_4": {
                "accuracy": [
                    0.966062898089172
                ],
                "flatness": [
                    0.33795353914616316
                ]
            },
            "cont_5": {
                "accuracy": [
                    0.8220541401273885
                ],
                "flatness": [
                    0.3947808724410886
                ]
            }
        }
    },
    "cont_5": {
        "training": {
            "loss": [
                0.572266963067328
            ],
            "accuracy": [
                0.819765127388535
            ]
        },
        "validation": {
            "cont_1": {
                "accuracy": [
                    0.9167993630573248
                ],
                "flatness": [
                    0.5577317633242697
                ]
            },