{
    "random_1": {
        "training": {
            "loss": [
                0.49953830456733705
            ],
            "accuracy": [
                0.8309166666666666
            ]
        },
        "validation": {
            "random_1": {
                "accuracy": [
                    0.9506666666666667
                ]
            }
        }
    },
    "random_2": {
        "training": {
            "loss": [
                0.5004583618243535
            ],
            "accuracy": [
                0.8339166666666666
            ]
        },
        "validation": {
            "random_2": {
                "accuracy": [
                    0.9559166666666666
                ]
            }
        }
    },
    "random_3": {
        "training": {
            "loss": [
                0.5081829152603944
            ],
            "accuracy": [
                0.82825
            ]
        },
        "validation": {
            "random_3": {
                "accuracy": [
                    0.9623333333333334
                ]
            }
        }
    },
    "random_4": {
        "training": {
            "loss": [
                0.5025525545477867
            ],
            "accuracy": [
                0.83475
            ]
        },
        "validation": {
            "random_4": {
                "accuracy": [
                    0.9456666666666667
                ]
            }
        }
    },
    "random_5": {
        "training": {
            "loss": [
                0.4973783076206843
            ],
            "accuracy": [
                0.833
            ]
        },
        "validation": {
            "random_5": {
                "accuracy": [
                    0.9446666666666667
                ]
            }
        }
    },
    "cont_1": {
        "training": {
            "loss": [
                0.5310133390824
            ],
            "accuracy": [
                0.81925
            ]
        },
        "validation": {
            "cont_1": {
                "accuracy": [
                    0.9539166666666666
                ]
            },
            "cont_2": {
                "accuracy": [
                    0.8976666666666666
                ]
            },
            "cont_3": {
                "accuracy": [
                    0.9003333333333333
                ]
            },
            "cont_4": {
                "accuracy": [
                    0.8996666666666666
                ]
            },
            "cont_5": {
                "accuracy": [
                    0.89875
                ]
            }
        }
    },
    "cont_2": {
        "training": {
            "loss": [
                0.3635875853697459
            ],
            "accuracy": [
                0.8873333333333333
            ]
        },
        "validation": {
            "cont_1": {
                "accuracy": [
                    0.94225
                ]
            },
            "cont_2": {
                "accuracy": [
                    0.9689166666666666
                ]
            },
            "cont_3": {
                "accuracy": [
                    0.9180833333333334
                ]
            },
            "cont_4": {
                "accuracy": [
                    0.9175
                ]
            },
            "cont_5": {
                "accuracy": [
                    0.9204166666666667
                ]
            }
        }
    },
    "cont_3": {
        "training": {
            "loss": [
                0.3013043017089367
            ],
            "accuracy": [
                0.903
            ]
        },
        "validation": {
            "cont_1": {
                "accuracy": [
                    0.9220833333333334
                ]
            },
            "cont_2": {
                "accuracy": [
                    0.9425833333333333
                ]
            },
            "cont_3": {
                "accuracy": [
                    0.95875
                ]
            },
            "cont_4": {
                "accuracy": [
                    0.90625
                ]
            },
            "cont_5": {
                "accuracy": [
                    0.9070833333333334
                ]
            }
        }
    },
    "cont_4": {
        "training": {
            "loss": [
                0.2799083499362071
            ],
            "accuracy": [
                0.91275
            ]
        },
        "validation": {
            "cont_1": {
                "accuracy": [
                    0.9400833333333334
                ]
            },
            "cont_2": {
                "accuracy": [
                    0.94275
                ]
            },
            "cont_3": {
                "accuracy": [
                    0.9589166666666666
                ]
            },
            "cont_4": {
                "accuracy": [
                    0.9729166666666667
                ]
            },
            "cont_5": {
                "accuracy": [
                    0.9264166666666667
                ]
            }
        }
    },
    "cont_5": {
        "training": {
            "loss": [
                0.2543941331555446
            ],
            "accuracy": [
                0.9175
            ]
        },
        "validation": {
            "cont_1": {
                "accuracy": [
                    0.94025
                ]
            },
            "cont_2": {
                "accuracy": [
                    0.9455833333333333
                ]
            },
            "cont_3": {
                "accuracy": [
                    0.9540833333333333
                ]
            },
            "cont_4": {
                "accuracy": [
                    0.95975
                ]
            },
            "cont_5": {
                "accuracy": [
                    0.9755833333333334
                ]
            }
        }
    },
    "training_metrics": {
        "training": {},
        "validation": {
            "cont_1": {
                "accuracy": [
                    0.94025
                ],
                "flatness": [
                    0.8314208147329237
                ]
            },
            "cont_2": {
                "accuracy": [
                    0.9455833333333333
                ],
                "flatness": [
                    0.7893345331249159
                ]
            },
            "cont_3": {
                "accuracy": [
                    0.9540833333333333
                ],
                "flatness": [
                    0.7555819630305566
                ]
            },
            "cont_4": {
                "accuracy": [
                    0.95975
                ],
                "flatness": [
                    0.8434899439272836
                ]
            },
            "cont_5": {
                "accuracy": [
                    0.9755833333333334
                ],
                "flatness": [
                    0.7122931399567509
                ]
            }
        }
    }
}