{
    "random_1": {
        "training": {
            "loss": [
                0.1615402729600478
            ],
            "accuracy": [
                0.9457603503184714
            ]
        },
        "validation": {
            "random_1": {
                "accuracy": [
                    0.9800955414012739
                ],
                "flatness": [
                    0.39134418178776437
                ]
            }
        }
    },
    "random_2": {
        "training": {
            "loss": [
                0.3881700436827863
            ],
            "accuracy": [
                0.8771894904458599
            ]
        },
        "validation": {
            "random_2": {
                "accuracy": [
                    0.9778065286624203
                ],
                "flatness": [
                    0.4503862597705754
                ]
            }
        }
    },
    "random_3": {
        "training": {
            "loss": [
                0.6838115730862708
            ],
            "accuracy": [
                0.8013535031847133
            ]
        },
        "validation": {
            "random_3": {
                "accuracy": [
                    0.9564092356687898
                ],
                "flatness": [
                    0.4486997932077819
                ]
            }
        }
    },
    "random_4": {
        "training": {
            "loss": [
                0.6526918906694764
            ],
            "accuracy": [
                0.799562101910828
            ]
        },
        "validation": {
            "random_4": {
                "accuracy": [
                    0.9621815286624203
                ],
                "flatness": [
                    0.47994776613514034
                ]
            }
        }
    },
    "random_5": {
        "training": {
            "loss": [
                0.5705929165053519
            ],
            "accuracy": [
                0.8296178343949044
            ]
        },
        "validation": {
            "random_5": {
                "accuracy": [
                    0.9674562101910829
                ],
                "flatness": [
                    0.4623513528955116
                ]
            }
        }
    },
    "cont_1": {
        "training": {
            "loss": [
                0.09787748415011224
            ],
            "accuracy": [
                0.9675557324840764
            ]
        },
        "validation": {
            "cont_1": {
                "accuracy": [
                    0.977109872611465
                ],
                "flatness": [
                    0.4761731009615442
                ]
            },
            "cont_2": {
                "accuracy": [
                    0.8540007961783439
                ],
                "flatness": [
                    0.44436982978183537
                ]
            },
            "cont_3": {
                "accuracy": [
                    0.7813495222929936
                ],
                "flatness": [
                    0.45074258051530797
                ]
            },
            "cont_4": {
                "accuracy": [
                    0.7740843949044586
                ],
                "flatness": [
                    0.5088168553289579
                ]
            },
            "cont_5": {
                "accuracy": [
                    0.8070262738853503
                ],
                "flatness": [
                    0.4321420646960439
                ]
            }
        }
    },
    "cont_2": {
        "training": {
            "loss": [
                0.6161224473813537
            ],
            "accuracy": [
                0.8182722929936306
            ]
        },
        "validation": {
            "cont_1": {
                "accuracy": [
                    0.9355095541401274
                ],
                "flatness": [
                    0.4489949470872575
                ]
            },
            "cont_2": {
                "accuracy": [
                    0.949343152866242
                ],
                "flatness": [
                    0.46302573731365737
                ]
            },
            "cont_3": {
                "accuracy": [
                    0.7795581210191083
                ],
                "flatness": [
                    0.48750574521203915
                ]
            },
            "cont_4": {
                "accuracy": [
                    0.7713972929936306
                ],
                "flatness": [
                    0.5143871773936459
                ]
            },
            "cont_5": {
                "accuracy": [
                    0.7974721337579618
                ],
                "flatness": [
                    0.4411890057399897
                ]
            }
        }
    },
    "cont_3": {
        "training": {
            "loss": [
                0.8374911429016454
            ],
            "accuracy": [
                0.7544785031847133
            ]
        },
        "validation": {
            "cont_1": {
                "accuracy": [
                    0.8845541401273885
                ],
                "flatness": [
                    0.44831908203453547
                ]
            },
            "cont_2": {
                "accuracy": [
                    0.8892316878980892
                ],
                "flatness": [
                    0.4648939572730809
                ]
            },
            "cont_3": {
                "accuracy": [
                    0.917296974522293
                ],
                "flatness": [
                    0.4470505588313589
                ]
            },
            "cont_4": {
                "accuracy": [
                    0.7646297770700637
                ],
                "flatness": [
                    0.4341868411264242
                ]
            },
            "cont_5": {
                "accuracy": [
                    0.7853304140127388
                ],
                "flatness": [
                    0.546644912873697
                ]
            }
        }
    },
    "cont_4": {
        "training": {
            "loss": [
                1.1164723334798388
            ],
            "accuracy": [
                0.6860071656050956
            ]
        },
        "validation": {
            "cont_1": {
                "accuracy": [
                    0.8251393312101911
                ],
                "flatness": [
                    0.4221351475828362
                ]
            },
            "cont_2": {
                "accuracy": [
                    0.8205613057324841
                ],
                "flatness": [
                    0.3728869021509979
                ]
            },
            "cont_3": {
                "accuracy": [
                    0.8273288216560509
                ],
                "flatness": [
                    0.4077505116526951
                ]
            },
            "cont_4": {
                "accuracy": [
                    0.8870421974522293
                ],
                "flatness": [
                    0.33956776635221236
                ]
            },
            "cont_5": {
                "accuracy": [
                    0.7539808917197452
                ],
                "flatness": [
                    0.3130778118558896
                ]
            }
        }
    },
    "cont_5": {
        "training": {
            "loss": [
                1.3688276770767893
            ],
            "accuracy": [
                0.6155453821656051
            ]
        },
        "validation": {
            "cont_1": {
                "accuracy": [
                    0.7550756369426752
                ],
                "flatness": [
                    0.4290753929074831
                ]
            },