{
    "random_1": {
        "training": {
            "loss": [
                2.2866767222127216
            ],
            "accuracy": [
                0.42761581469648563
            ]
        },
        "validation": {
            "random_1": {
                "accuracy": [
                    0.7970247603833865
                ],
                "flatness": [
                    0.3830162532882375
                ]
            }
        }
    },
    "random_2": {
        "training": {
            "loss": [
                2.2502453144365986
            ],
            "accuracy": [
                0.4386980830670926
            ]
        },
        "validation": {
            "random_2": {
                "accuracy": [
                    0.8008186900958466
                ],
                "flatness": [
                    0.2819380376511657
                ]
            }
        }
    },
    "random_3": {
        "training": {
            "loss": [
                2.2710787718669296
            ],
            "accuracy": [
                0.4303115015974441
            ]
        },
        "validation": {
            "random_3": {
                "accuracy": [
                    0.8066094249201278
                ],
                "flatness": [
                    0.3077600878821637
                ]
            }
        }
    },
    "random_4": {
        "training": {
            "loss": [
                2.2543462303499826
            ],
            "accuracy": [
                0.43300718849840253
            ]
        },
        "validation": {
            "random_4": {
                "accuracy": [
                    0.7879392971246006
                ],
                "flatness": [
                    0.3817315002534212
                ]
            }
        }
    },
    "random_5": {
        "training": {
            "loss": [
                2.243427204628722
            ],
            "accuracy": [
                0.4358027156549521
            ]
        },
        "validation": {
            "random_5": {
                "accuracy": [
                    0.8068091054313099
                ],
                "flatness": [
                    0.37425597079569356
                ]
            }
        }
    },
    "cont_1": {
        "training": {
            "loss": [
                2.228826987095915
            ],
            "accuracy": [
                0.4381988817891374
            ]
        },
        "validation": {
            "cont_1": {
                "accuracy": [
                    0.784944089456869
                ],
                "flatness": [
                    0.35432459933859073
                ]
            },
            "cont_2": {
                "accuracy": [
                    0.601138178913738
                ],
                "flatness": [
                    0.3317274954326524
                ]
            },
            "cont_3": {
                "accuracy": [
                    0.6009384984025559
                ],
                "flatness": [
                    0.41374086226948004
                ]
            },
            "cont_4": {
                "accuracy": [
                    0.6042332268370607
                ],
                "flatness": [
                    0.41504048248512887
                ]
            },
            "cont_5": {
                "accuracy": [
                    0.6010383386581469
                ],
                "flatness": [
                    0.3659032392026579
                ]
            }
        }
    },
    "cont_2": {
        "training": {
            "loss": [
                1.5987853171726385
            ],
            "accuracy": [
                0.5648961661341853
            ]
        },
        "validation": {
            "cont_1": {
                "accuracy": [
                    0.7751597444089456
                ],
                "flatness": [
                    0.3177268482740855
                ]
            },
            "cont_2": {
                "accuracy": [
                    0.6344848242811502
                ],
                "flatness": [
                    0.34199744295830053
                ]
            },
            "cont_3": {
                "accuracy": [
                    0.6127196485623003
                ],
                "flatness": [
                    0.330238715985009
                ]
            },
            "cont_4": {
                "accuracy": [
                    0.6118210862619808
                ],
                "flatness": [
                    0.30007751305483027
                ]
            },
            "cont_5": {
                "accuracy": [
                    0.6134185303514377
                ],
                "flatness": [
                    0.38590087890625
                ]
            }
        }
    },
    "cont_3": {
        "training": {
            "loss": [
                1.4645148637576606
            ],
            "accuracy": [
                0.5933506389776357
            ]
        },
        "validation": {
            "cont_1": {
                "accuracy": [
                    0.7638777955271565
                ],
                "flatness": [
                    0.21528721735720824
                ]
            },
            "cont_2": {
                "accuracy": [
                    0.6419728434504792
                ],
                "flatness": [
                    0.35747958786936235
                ]
            },
            "cont_3": {
                "accuracy": [
                    0.6675319488817891
                ],
                "flatness": [
                    0.36046963804965604
                ]
            },
            "cont_4": {
                "accuracy": [
                    0.621305910543131
                ],
                "flatness": [
                    0.34013538486260647
                ]
            },
            "cont_5": {
                "accuracy": [
                    0.6227036741214057
                ],
                "flatness": [
                    0.40523889690556364
                ]
            }
        }
    },
    "cont_4": {
        "training": {
            "loss": [
                1.4676925958916782
            ],
            "accuracy": [
                0.5934504792332268
            ]
        },
        "validation": {
            "cont_1": {
                "accuracy": [
                    0.7633785942492013
                ],
                "flatness": [
                    0.3367021972273084
                ]
            },
            "cont_2": {
                "accuracy": [
                    0.6445686900958466
                ],
                "flatness": [
                    0.36058511462205706
                ]
            },
            "cont_3": {
                "accuracy": [
                    0.6611421725239617
                ],
                "flatness": [
                    0.38581433101781937
                ]
            },
            "cont_4": {
                "accuracy": [
                    0.665435303514377
                ],
                "flatness": [
                    0.3721717929482371
                ]
            },
            "cont_5": {
                "accuracy": [
                    0.6272963258785943
                ],
                "flatness": [
                    0.3947994588572338
                ]
            }
        }
    },
    "cont_5": {
        "training": {
            "loss": [
                1.929156728065052
            ],
            "accuracy": [
                0.48003194888178913
            ]
        },
        "validation": {
            "cont_1": {
                "accuracy": [
                    0.6723242811501597
                ],
                "flatness": [
                    0.3419225200475201
                ]
            },