{
    "random_1": {
        "training": {
            "loss": [
                0.1468696517887683
            ],
            "accuracy": [
                0.9523761980830671
            ]
        },
        "validation": {
            "random_1": {
                "accuracy": [
                    0.988917731629393
                ],
                "flatness": [
                    0.6377315749621404
                ]
            }
        }
    },
    "random_2": {
        "training": {
            "loss": [
                0.3581974683478237
            ],
            "accuracy": [
                0.8835862619808307
            ]
        },
        "validation": {
            "random_2": {
                "accuracy": [
                    0.9638578274760383
                ],
                "flatness": [
                    0.7659648850217526
                ]
            }
        }
    },
    "random_3": {
        "training": {
            "loss": [
                0.3351474164154964
            ],
            "accuracy": [
                0.8912739616613419
            ]
        },
        "validation": {
            "random_3": {
                "accuracy": [
                    0.9731429712460063
                ],
                "flatness": [
                    0.6976428644711193
                ]
            }
        }
    },
    "random_4": {
        "training": {
            "loss": [
                0.3519451372063579
            ],
            "accuracy": [
                0.8865814696485623
            ]
        },
        "validation": {
            "random_4": {
                "accuracy": [
                    0.9657547923322684
                ],
                "flatness": [
                    0.6904411764705882
                ]
            }
        }
    },
    "random_5": {
        "training": {
            "loss": [
                0.346240958615471
            ],
            "accuracy": [
                0.8849840255591054
            ]
        },
        "validation": {
            "random_5": {
                "accuracy": [
                    0.9733426517571885
                ],
                "flatness": [
                    0.7257930300543645
                ]
            }
        }
    },
    "cont_1": {
        "training": {
            "loss": [
                0.09653717164618199
            ],
            "accuracy": [
                0.9680511182108626
            ]
        },
        "validation": {
            "cont_1": {
                "accuracy": [
                    0.9644568690095847
                ],
                "flatness": [
                    0.6919778726708075
                ]
            },
            "cont_2": {
                "accuracy": [
                    0.8746006389776357
                ],
                "flatness": [
                    0.7054559075342466
                ]
            },
            "cont_3": {
                "accuracy": [
                    0.8844848242811502
                ],
                "flatness": [
                    0.6553956428490799
                ]
            },
            "cont_4": {
                "accuracy": [
                    0.8667132587859425
                ],
                "flatness": [
                    0.675594689551895
                ]
            },
            "cont_5": {
                "accuracy": [
                    0.8745007987220448
                ],
                "flatness": [
                    0.6686850667884461
                ]
            }
        }
    },
    "cont_2": {
        "training": {
            "loss": [
                0.3500913905616576
            ],
            "accuracy": [
                0.8918730031948882
            ]
        },
        "validation": {
            "cont_1": {
                "accuracy": [
                    0.9755391373801917
                ],
                "flatness": [
                    0.6881210981475796
                ]
            },
            "cont_2": {
                "accuracy": [
                    0.9575678913738019
                ],
                "flatness": [
                    0.6565706130747576
                ]
            },
            "cont_3": {
                "accuracy": [
                    0.9178314696485623
                ],
                "flatness": [
                    0.7641568312846732
                ]
            },
            "cont_4": {
                "accuracy": [
                    0.9127396166134185
                ],
                "flatness": [
                    0.7294745405819295
                ]
            },
            "cont_5": {
                "accuracy": [
                    0.9149361022364217
                ],
                "flatness": [
                    0.7324196584460934
                ]
            }
        }
    },
    "cont_3": {
        "training": {
            "loss": [
                0.36671165225747676
            ],
            "accuracy": [
                0.880591054313099
            ]
        },
        "validation": {
            "cont_1": {
                "accuracy": [
                    0.9421924920127795
                ],
                "flatness": [
                    0.7891749231747378
                ]
            },
            "cont_2": {
                "accuracy": [
                    0.9262180511182109
                ],
                "flatness": [
                    0.7787464967122991
                ]
            },
            "cont_3": {
                "accuracy": [
                    0.9530750798722045
                ],
                "flatness": [
                    0.7961482558139534
                ]
            },
            "cont_4": {
                "accuracy": [
                    0.9023562300319489
                ],
                "flatness": [
                    0.8504211385262227
                ]
            },
            "cont_5": {
                "accuracy": [
                    0.9059504792332268
                ],
                "flatness": [
                    0.7179096870178533
                ]
            }
        }
    },
    "cont_4": {
        "training": {
            "loss": [
                0.35117041669524135
            ],
            "accuracy": [
                0.8822883386581469
            ]
        },
        "validation": {
            "cont_1": {
                "accuracy": [
                    0.9342052715654952
                ],
                "flatness": [
                    0.7227483434861601
                ]
            },
            "cont_2": {
                "accuracy": [
                    0.9158346645367412
                ],
                "flatness": [
                    0.6931006758966533
                ]
            },
            "cont_3": {
                "accuracy": [
                    0.9350039936102237
                ],
                "flatness": [
                    0.750539909236519
                ]
            },
            "cont_4": {
                "accuracy": [
                    0.957867412140575
                ],
                "flatness": [
                    0.7205949030644153
                ]
            },
            "cont_5": {
                "accuracy": [
                    0.9074480830670927
                ],
                "flatness": [
                    0.7526687479370667
                ]
            }
        }
    },
    "cont_5": {
        "training": {
            "loss": [
                0.3761686368253284
            ],
            "accuracy": [
                0.8726038338658147
            ]
        },
        "validation": {
            "cont_1": {
                "accuracy": [
                    0.9112420127795527
                ],
                "flatness": [
                    0.5358414594061576
                ]
            },