{
    "random_1": {
        "training": {
            "loss": [
                0.1920917619518034
            ],
            "accuracy": [
                0.934812898089172
            ]
        },
        "validation": {
            "random_1": {
                "accuracy": [
                    0.9865644904458599
                ],
                "flatness": [
                    0.6838757201880412
                ]
            }
        }
    },
    "random_2": {
        "training": {
            "loss": [
                0.1647116215840267
            ],
            "accuracy": [
                0.9422770700636943
            ]
        },
        "validation": {
            "random_2": {
                "accuracy": [
                    0.9858678343949044
                ],
                "flatness": [
                    0.6792476786282865
                ]
            }
        }
    },
    "random_3": {
        "training": {
            "loss": [
                0.14369502705136303
            ],
            "accuracy": [
                0.9519307324840764
            ]
        },
        "validation": {
            "random_3": {
                "accuracy": [
                    0.990843949044586
                ],
                "flatness": [
                    0.6292773205096964
                ]
            }
        }
    },
    "random_4": {
        "training": {
            "loss": [
                0.12560751545391266
            ],
            "accuracy": [
                0.9559116242038217
            ]
        },
        "validation": {
            "random_4": {
                "accuracy": [
                    0.9896496815286624
                ],
                "flatness": [
                    0.6834410208396535
                ]
            }
        }
    },
    "random_5": {
        "training": {
            "loss": [
                0.10965208653479246
            ],
            "accuracy": [
                0.9632762738853503
            ]
        },
        "validation": {
            "random_5": {
                "accuracy": [
                    0.9837778662420382
                ],
                "flatness": [
                    0.6725508350522819
                ]
            }
        }
    },
    "cont_1": {
        "training": {
            "loss": [
                0.18760946637411027
            ],
            "accuracy": [
                0.9344148089171974
            ]
        },
        "validation": {
            "cont_1": {
                "accuracy": [
                    0.9872611464968153
                ],
                "flatness": [
                    0.6927704139101889
                ]
            },
            "cont_2": {
                "accuracy": [
                    0.9478503184713376
                ],
                "flatness": [
                    0.7052141968165562
                ]
            },
            "cont_3": {
                "accuracy": [
                    0.9596934713375797
                ],
                "flatness": [
                    0.7357899515705213
                ]
            },
            "cont_4": {
                "accuracy": [
                    0.9609872611464968
                ],
                "flatness": [
                    0.5984649453167097
                ]
            },
            "cont_5": {
                "accuracy": [
                    0.9681528662420382
                ],
                "flatness": [
                    0.6456399057354582
                ]
            }
        }
    },
    "cont_2": {
        "training": {
            "loss": [
                0.15409625236205993
            ],
            "accuracy": [
                0.9438694267515924
            ]
        },
        "validation": {
            "cont_1": {
                "accuracy": [
                    0.9522292993630573
                ],
                "flatness": [
                    0.7315071073363856
                ]
            },
            "cont_2": {
                "accuracy": [
                    0.9741242038216561
                ],
                "flatness": [
                    0.6860328978843284
                ]
            },
            "cont_3": {
                "accuracy": [
                    0.9336186305732485
                ],
                "flatness": [
                    0.7195205738188398
                ]
            },
            "cont_4": {
                "accuracy": [
                    0.9358081210191083
                ],
                "flatness": [
                    0.7521490496092118
                ]
            },
            "cont_5": {
                "accuracy": [
                    0.9387937898089171
                ],
                "flatness": [
                    0.7039868030823089
                ]
            }
        }
    },
    "cont_3": {
        "training": {
            "loss": [
                0.3222956926722056
            ],
            "accuracy": [
                0.8931130573248408
            ]
        },
        "validation": {
            "cont_1": {
                "accuracy": [
                    0.943968949044586
                ],
                "flatness": [
                    0.503318661911964
                ]
            },
            "cont_2": {
                "accuracy": [
                    0.9546178343949044
                ],
                "flatness": [
                    0.5961973527404444
                ]
            },
            "cont_3": {
                "accuracy": [
                    0.9772093949044586
                ],
                "flatness": [
                    0.6444930751086472
                ]
            },
            "cont_4": {
                "accuracy": [
                    0.9355095541401274
                ],
                "flatness": [
                    0.5712545218340894
                ]
            },
            "cont_5": {
                "accuracy": [
                    0.9320262738853503
                ],
                "flatness": [
                    0.6340352376666989
                ]
            }
        }
    },
    "cont_4": {
        "training": {
            "loss": [
                0.21351438279079785
            ],
            "accuracy": [
                0.9242635350318471
            ]
        },
        "validation": {
            "cont_1": {
                "accuracy": [
                    0.9428742038216561
                ],
                "flatness": [
                    0.6264919783612558
                ]
            },
            "cont_2": {
                "accuracy": [
                    0.944765127388535
                ],
                "flatness": [
                    0.6721247236381828
                ]
            },
            "cont_3": {
                "accuracy": [
                    0.9532245222929936
                ],
                "flatness": [
                    0.5095779401993648
                ]
            },
            "cont_4": {
                "accuracy": [
                    0.9807921974522293
                ],
                "flatness": [
                    0.6377975652956951
                ]
            },
            "cont_5": {
                "accuracy": [
                    0.9325238853503185
                ],
                "flatness": [
                    0.6684228933277354
                ]
            }
        }
    },
    "cont_5": {
        "training": {
            "loss": [
                0.190864625867385
            ],
            "accuracy": [
                0.9349124203821656
            ]
        },
        "validation": {
            "cont_1": {
                "accuracy": [
                    0.9441679936305732
                ],
                "flatness": [
                    0.6951805106452836
                ]
            },