{
    "random_1": {
        "training": {
            "loss": [
                3.429456717102329
            ],
            "accuracy": [
                0.19824416835699799
            ]
        },
        "validation": {
            "random_1": {
                "accuracy": [
                    0.4198339249613803
                ]
            }
        }
    },
    "random_2": {
        "training": {
            "loss": [
                3.345119977335901
            ],
            "accuracy": [
                0.2113273326632459
            ]
        },
        "validation": {
            "random_2": {
                "accuracy": [
                    0.4555147059004882
                ]
            }
        }
    },
    "random_3": {
        "training": {
            "loss": [
                3.3662912280999624
            ],
            "accuracy": [
                0.21038919877691636
            ]
        },
        "validation": {
            "random_3": {
                "accuracy": [
                    0.4372147565922921
                ]
            }
        }
    },
    "random_4": {
        "training": {
            "loss": [
                3.396372172218307
            ],
            "accuracy": [
                0.20495689655776925
            ]
        },
        "validation": {
            "random_4": {
                "accuracy": [
                    0.4312436612696967
                ]
            }
        }
    },
    "random_5": {
        "training": {
            "loss": [
                3.3851353500726016
            ],
            "accuracy": [
                0.2045322008143816
            ]
        },
        "validation": {
            "random_5": {
                "accuracy": [
                    0.42693331644211047
                ]
            }
        }
    },
    "cont_1": {
        "training": {
            "loss": [
                3.4451842624807454
            ],
            "accuracy": [
                0.19845334686807398
            ]
        },
        "validation": {
            "cont_1": {
                "accuracy": [
                    0.4198656186733478
                ]
            },
            "cont_2": {
                "accuracy": [
                    0.3065922921013397
                ]
            },
            "cont_3": {
                "accuracy": [
                    0.306535243413753
                ]
            },
            "cont_4": {
                "accuracy": [
                    0.30697261664495024
                ]
            },
            "cont_5": {
                "accuracy": [
                    0.3103194726105878
                ]
            }
        }
    },
    "cont_2": {
        "training": {
            "loss": [
                2.6684851217221537
            ],
            "accuracy": [
                0.33190922922706023
            ]
        },
        "validation": {
            "cont_1": {
                "accuracy": [
                    0.4045892495049908
                ]
            },
            "cont_2": {
                "accuracy": [
                    0.5125190162271805
                ]
            },
            "cont_3": {
                "accuracy": [
                    0.36795131847050805
                ]
            },
            "cont_4": {
                "accuracy": [
                    0.3686422413974456
                ]
            },
            "cont_5": {
                "accuracy": [
                    0.3711080121643403
                ]
            }
        }
    },
    "cont_3": {
        "training": {
            "loss": [
                2.466174802238511
            ],
            "accuracy": [
                0.37226800203444266
            ]
        },
        "validation": {
            "cont_1": {
                "accuracy": [
                    0.4239604462535096
                ]
            },
            "cont_2": {
                "accuracy": [
                    0.4613590263752135
                ]
            },
            "cont_3": {
                "accuracy": [
                    0.5499112576427615
                ]
            },
            "cont_4": {
                "accuracy": [
                    0.4034736308497783
                ]
            },
            "cont_5": {
                "accuracy": [
                    0.4043103448336313
                ]
            }
        }
    },
    "cont_4": {
        "training": {
            "loss": [
                2.3486999139099045
            ],
            "accuracy": [
                0.4023516734279919
            ]
        },
        "validation": {
            "cont_1": {
                "accuracy": [
                    0.44344574037720175
                ]
            },
            "cont_2": {
                "accuracy": [
                    0.466030679537365
                ]
            },
            "cont_3": {
                "accuracy": [
                    0.4907327586327798
                ]
            },
            "cont_4": {
                "accuracy": [
                    0.5811866125881551
                ]
            },
            "cont_5": {
                "accuracy": [
                    0.43490745438523515
                ]
            }
        }
    },
    "cont_5": {
        "training": {
            "loss": [
                2.2490277023151
            ],
            "accuracy": [
                0.4223694219187839
            ]
        },
        "validation": {
            "cont_1": {
                "accuracy": [
                    0.4432936105537124
                ]
            },
            "cont_2": {
                "accuracy": [
                    0.459958164312293
                ]
            },
            "cont_3": {
                "accuracy": [
                    0.4760649087583801
                ]
            },
            "cont_4": {
                "accuracy": [
                    0.4988907200811359
                ]
            },
            "cont_5": {
                "accuracy": [
                    0.5855032961520897
                ]
            }
        }
    },
    "training_metrics": {
        "training": {},
        "validation": {
            "cont_1": {
                "accuracy": [
                    0.4432936105537124
                ],
                "flatness": [
                    0.6237109821248192
                ]
            },
            "cont_2": {
                "accuracy": [
                    0.459958164312293
                ],
                "flatness": [
                    0.6500524109422952
                ]
            },
            "cont_3": {
                "accuracy": [
                    0.4760649087583801
                ],
                "flatness": [
                    0.497953275923143
                ]
            },
            "cont_4": {
                "accuracy": [
                    0.4988907200811359
                ],
                "flatness": [
                    0.6268536755724783
                ]
            },
            "cont_5": {
                "accuracy": [
                    0.5855032961520897
                ],
                "flatness": [
                    0.4802002179153817
                ]
            }
        }
    }
}