{
    "random_1": {
        "training": {
            "loss": [
                0.4903895249068737
            ],
            "accuracy": [
                0.7753333333333333
            ]
        },
        "validation": {
            "random_1": {
                "accuracy": [
                    0.85625
                ]
            }
        }
    },
    "random_2": {
        "training": {
            "loss": [
                0.48356376283367475
            ],
            "accuracy": [
                0.779
            ]
        },
        "validation": {
            "random_2": {
                "accuracy": [
                    0.7364166666666667
                ]
            }
        }
    },
    "random_3": {
        "training": {
            "loss": [
                0.4821147888104121
            ],
            "accuracy": [
                0.7836666666666666
            ]
        },
        "validation": {
            "random_3": {
                "accuracy": [
                    0.8843333333333333
                ]
            }
        }
    },
    "random_4": {
        "training": {
            "loss": [
                0.4948832609007756
            ],
            "accuracy": [
                0.7768333333333334
            ]
        },
        "validation": {
            "random_4": {
                "accuracy": [
                    0.8669166666666667
                ]
            }
        }
    },
    "random_5": {
        "training": {
            "loss": [
                0.467294393102328
            ],
            "accuracy": [
                0.7868333333333334
            ]
        },
        "validation": {
            "random_5": {
                "accuracy": [
                    0.8883333333333333
                ]
            }
        }
    },
    "cont_1": {
        "training": {
            "loss": [
                0.4825143190920353
            ],
            "accuracy": [
                0.7814166666666666
            ]
        },
        "validation": {
            "cont_1": {
                "accuracy": [
                    0.87925
                ]
            },
            "cont_2": {
                "accuracy": [
                    0.83725
                ]
            },
            "cont_3": {
                "accuracy": [
                    0.8379166666666666
                ]
            },
            "cont_4": {
                "accuracy": [
                    0.8336666666666667
                ]
            },
            "cont_5": {
                "accuracy": [
                    0.8420833333333333
                ]
            }
        }
    },
    "cont_2": {
        "training": {
            "loss": [
                0.5182514686584473
            ],
            "accuracy": [
                0.8490833333333333
            ]
        },
        "validation": {
            "cont_1": {
                "accuracy": [
                    0.8998333333333334
                ]
            },
            "cont_2": {
                "accuracy": [
                    0.915
                ]
            },
            "cont_3": {
                "accuracy": [
                    0.8803333333333333
                ]
            },
            "cont_4": {
                "accuracy": [
                    0.8779166666666667
                ]
            },
            "cont_5": {
                "accuracy": [
                    0.8800833333333333
                ]
            }
        }
    },
    "cont_3": {
        "training": {
            "loss": [
                0.44414006535212197
            ],
            "accuracy": [
                0.8680833333333333
            ]
        },
        "validation": {
            "cont_1": {
                "accuracy": [
                    0.8991666666666667
                ]
            },
            "cont_2": {
                "accuracy": [
                    0.8996666666666666
                ]
            },
            "cont_3": {
                "accuracy": [
                    0.9145
                ]
            },
            "cont_4": {
                "accuracy": [
                    0.8768333333333334
                ]
            },
            "cont_5": {
                "accuracy": [
                    0.8791666666666667
                ]
            }
        }
    },
    "cont_4": {
        "training": {
            "loss": [
                0.40813496565818785
            ],
            "accuracy": [
                0.8758333333333334
            ]
        },
        "validation": {
            "cont_1": {
                "accuracy": [
                    0.8895833333333333
                ]
            },
            "cont_2": {
                "accuracy": [
                    0.8920833333333333
                ]
            },
            "cont_3": {
                "accuracy": [
                    0.8990833333333333
                ]
            },
            "cont_4": {
                "accuracy": [
                    0.90875
                ]
            },
            "cont_5": {
                "accuracy": [
                    0.8808333333333334
                ]
            }
        }
    },
    "cont_5": {
        "training": {
            "loss": [
                0.378871618822217
            ],
            "accuracy": [
                0.8886666666666667
            ]
        },
        "validation": {
            "cont_1": {
                "accuracy": [
                    0.87325
                ]
            },
            "cont_2": {
                "accuracy": [
                    0.8783333333333333
                ]
            },
            "cont_3": {
                "accuracy": [
                    0.87975
                ]
            },
            "cont_4": {
                "accuracy": [
                    0.8843333333333333
                ]
            },
            "cont_5": {
                "accuracy": [
                    0.9004166666666666
                ]
            }
        }
    },
    "training_metrics": {
        "training": {},
        "validation": {
            "cont_1": {
                "accuracy": [
                    0.87325
                ],
                "flatness": [
                    0.5391735852657696
                ]
            },
            "cont_2": {
                "accuracy": [
                    0.8783333333333333
                ],
                "flatness": [
                    0.5282732447817837
                ]
            },
            "cont_3": {
                "accuracy": [
                    0.87975
                ],
                "flatness": [
                    0.5298853841053329
                ]
            },
            "cont_4": {
                "accuracy": [
                    0.8843333333333333
                ],
                "flatness": [
                    0.581417263475311
                ]
            },
            "cont_5": {
                "accuracy": [
                    0.9004166666666666
                ],
                "flatness": [
                    0.5601110596945857
                ]
            }
        }
    }
}