{
    "random_1": {
        "training": {
            "loss": [
                0.6363797187010447
            ],
            "accuracy": [
                0.7830833333333334
            ]
        },
        "validation": {
            "random_1": {
                "accuracy": [
                    0.8585833333333334
                ]
            }
        }
    },
    "random_2": {
        "training": {
            "loss": [
                0.6496514567236106
            ],
            "accuracy": [
                0.7765833333333333
            ]
        },
        "validation": {
            "random_2": {
                "accuracy": [
                    0.8603333333333333
                ]
            }
        }
    },
    "random_3": {
        "training": {
            "loss": [
                0.6424566194415092
            ],
            "accuracy": [
                0.7789166666666667
            ]
        },
        "validation": {
            "random_3": {
                "accuracy": [
                    0.8633333333333333
                ]
            }
        }
    },
    "random_4": {
        "training": {
            "loss": [
                0.643992718398571
            ],
            "accuracy": [
                0.7828333333333334
            ]
        },
        "validation": {
            "random_4": {
                "accuracy": [
                    0.8585
                ]
            }
        }
    },
    "random_5": {
        "training": {
            "loss": [
                0.631272995484372
            ],
            "accuracy": [
                0.7830833333333334
            ]
        },
        "validation": {
            "random_5": {
                "accuracy": [
                    0.8705
                ]
            }
        }
    },
    "cont_1": {
        "training": {
            "loss": [
                0.6529509533494711
            ],
            "accuracy": [
                0.7724166666666666
            ]
        },
        "validation": {
            "cont_1": {
                "accuracy": [
                    0.895
                ]
            },
            "cont_2": {
                "accuracy": [
                    0.85075
                ]
            },
            "cont_3": {
                "accuracy": [
                    0.8489166666666667
                ]
            },
            "cont_4": {
                "accuracy": [
                    0.8531666666666666
                ]
            },
            "cont_5": {
                "accuracy": [
                    0.8464166666666667
                ]
            }
        }
    },
    "cont_2": {
        "training": {
            "loss": [
                0.05576839369535446
            ],
            "accuracy": [
                0.8435833333333334
            ]
        },
        "validation": {
            "cont_1": {
                "accuracy": [
                    0.8848333333333334
                ]
            },
            "cont_2": {
                "accuracy": [
                    0.91225
                ]
            },
            "cont_3": {
                "accuracy": [
                    0.8685
                ]
            },
            "cont_4": {
                "accuracy": [
                    0.869
                ]
            },
            "cont_5": {
                "accuracy": [
                    0.8644166666666667
                ]
            }
        }
    },
    "cont_3": {
        "training": {
            "loss": [
                0.3896433018508057
            ],
            "accuracy": [
                0.8545833333333334
            ]
        },
        "validation": {
            "cont_1": {
                "accuracy": [
                    0.84125
                ]
            },
            "cont_2": {
                "accuracy": [
                    0.8451666666666666
                ]
            },
            "cont_3": {
                "accuracy": [
                    0.8659166666666667
                ]
            },
            "cont_4": {
                "accuracy": [
                    0.834
                ]
            },
            "cont_5": {
                "accuracy": [
                    0.82675
                ]
            }
        }
    },
    "cont_4": {
        "training": {
            "loss": [
                0.3382102975919843
            ],
            "accuracy": [
                0.8750833333333333
            ]
        },
        "validation": {
            "cont_1": {
                "accuracy": [
                    0.9015833333333333
                ]
            },
            "cont_2": {
                "accuracy": [
                    0.9070833333333334
                ]
            },
            "cont_3": {
                "accuracy": [
                    0.917
                ]
            },
            "cont_4": {
                "accuracy": [
                    0.9394166666666667
                ]
            },
            "cont_5": {
                "accuracy": [
                    0.8916666666666667
                ]
            }
        }
    },
    "cont_5": {
        "training": {
            "loss": [
                0.3026362092594306
            ],
            "accuracy": [
                0.8744166666666666
            ]
        },
        "validation": {
            "cont_1": {
                "accuracy": [
                    0.8728333333333333
                ]
            },
            "cont_2": {
                "accuracy": [
                    0.8768333333333334
                ]
            },
            "cont_3": {
                "accuracy": [
                    0.88
                ]
            },
            "cont_4": {
                "accuracy": [
                    0.8879166666666667
                ]
            },
            "cont_5": {
                "accuracy": [
                    0.905
                ]
            }
        }
    },
    "training_metrics": {
        "training": {},
        "validation": {
            "cont_1": {
                "accuracy": [
                    0.8728333333333333
                ],
                "flatness": [
                    0.3960282604544586
                ]
            },
            "cont_2": {
                "accuracy": [
                    0.8768333333333334
                ],
                "flatness": [
                    0.6198441360957992
                ]
            },
            "cont_3": {
                "accuracy": [
                    0.88
                ],
                "flatness": [
                    0.4803030303030303
                ]
            },
            "cont_4": {
                "accuracy": [
                    0.8879166666666667
                ],
                "flatness": [
                    0.5922102299389957
                ]
            },
            "cont_5": {
                "accuracy": [
                    0.905
                ],
                "flatness": [
                    0.5136279926335174
                ]
            }
        }
    }
}