{
    "random_1": {
        "training": {
            "loss": [
                0.2214415985383565
            ],
            "accuracy": [
                0.9250395569620253
            ]
        },
        "validation": {
            "random_1": {
                "accuracy": [
                    0.9857594936708861
                ]
            }
        }
    },
    "random_2": {
        "training": {
            "loss": [
                0.18529789215779002
            ],
            "accuracy": [
                0.9365110759493671
            ]
        },
        "validation": {
            "random_2": {
                "accuracy": [
                    0.9912974683544303
                ]
            }
        }
    },
    "random_3": {
        "training": {
            "loss": [
                0.14705808187210107
            ],
            "accuracy": [
                0.9533227848101266
            ]
        },
        "validation": {
            "random_3": {
                "accuracy": [
                    0.991495253164557
                ]
            }
        }
    },
    "random_4": {
        "training": {
            "loss": [
                0.157018760808661
            ],
            "accuracy": [
                0.9454113924050633
            ]
        },
        "validation": {
            "random_4": {
                "accuracy": [
                    0.9883306962025317
                ]
            }
        }
    },
    "random_5": {
        "training": {
            "loss": [
                0.1453809028232022
            ],
            "accuracy": [
                0.9513449367088608
            ]
        },
        "validation": {
            "random_5": {
                "accuracy": [
                    0.9873417721518988
                ]
            }
        }
    },
    "random_6": {
        "training": {
            "loss": [
                0.14328096929607512
            ],
            "accuracy": [
                0.9491693037974683
            ]
        },
        "validation": {
            "random_6": {
                "accuracy": [
                    0.9916930379746836
                ]
            }
        }
    },
    "random_7": {
        "training": {
            "loss": [
                0.11165978431795971
            ],
            "accuracy": [
                0.9606408227848101
            ]
        },
        "validation": {
            "random_7": {
                "accuracy": [
                    0.9920886075949367
                ]
            }
        }
    },
    "random_8": {
        "training": {
            "loss": [
                0.09555211012499241
            ],
            "accuracy": [
                0.9655854430379747
            ]
        },
        "validation": {
            "random_8": {
                "accuracy": [
                    0.9881329113924051
                ]
            }
        }
    },
    "random_9": {
        "training": {
            "loss": [
                0.1040143863168321
            ],
            "accuracy": [
                0.9653876582278481
            ]
        },
        "validation": {
            "random_9": {
                "accuracy": [
                    0.9930775316455697
                ]
            }
        }
    },
    "random_10": {
        "training": {
            "loss": [
                0.0854067297510897
            ],
            "accuracy": [
                0.9713212025316456
            ]
        },
        "validation": {
            "random_10": {
                "accuracy": [
                    0.9841772151898734
                ]
            }
        }
    },
    "cont_1": {
        "training": {
            "loss": [
                0.20335847203018545
            ],
            "accuracy": [
                0.9323575949367089
            ]
        },
        "validation": {
            "cont_1": {
                "accuracy": [
                    0.9930775316455697
                ]
            },
            "cont_2": {
                "accuracy": [
                    0.9485759493670886
                ]
            },
            "cont_3": {
                "accuracy": [
                    0.9562895569620253
                ]
            },
            "cont_4": {
                "accuracy": [
                    0.9600474683544303
                ]
            },
            "cont_5": {
                "accuracy": [
                    0.9598496835443038
                ]
            },
            "cont_6": {
                "accuracy": [
                    0.9570806962025317
                ]
            },
            "cont_7": {
                "accuracy": [
                    0.9659810126582279
                ]
            },
            "cont_8": {
                "accuracy": [
                    0.9705300632911392
                ]
            },
            "cont_9": {
                "accuracy": [
                    0.9738924050632911
                ]
            },
            "cont_10": {
                "accuracy": [
                    0.975870253164557
                ]
            }
        }
    },
    "cont_2": {
        "training": {
            "loss": [
                0.16422602892676486
            ],
            "accuracy": [
                0.9418512658227848
            ]
        },
        "validation": {
            "cont_1": {
                "accuracy": [
                    0.9776503164556962
                ]
            },
            "cont_2": {
                "accuracy": [
                    0.9920886075949367
                ]
            },
            "cont_3": {
                "accuracy": [
                    0.9558939873417721
                ]
            },
            "cont_4": {
                "accuracy": [
                    0.9590585443037974
                ]
            },
            "cont_5": {
                "accuracy": [
                    0.953125
                ]
            },
            "cont_6": {
                "accuracy": [
                    0.9543117088607594
                ]
            },
            "cont_7": {
                "accuracy": [
                    0.9586629746835443
                ]
            },
            "cont_8": {
                "accuracy": [
                    0.9630142405063291
                ]
            },
            "cont_9": {
                "accuracy": [
                    0.9657832278481012
                ]
            },
            "cont_10": {
                "accuracy": [
                    0.9659810126582279
                ]
            }
        }
    },
    "cont_3": {
        "training": {
            "loss": [
                0.1490744826018433
            ],
            "accuracy": [
                0.9523338607594937
            ]
        },
        "validation": {
            "cont_1": {
                "accuracy": [
                    0.9721123417721519
                ]
            },
            "cont_2": {
                "accuracy": [
                    0.9804193037974683
                ]
            },
            "cont_3": {
                "accuracy": [
                    0.9893196202531646
                ]
            },
            "cont_4": {
                "accuracy": [
                    0.9570806962025317
                ]
            },
            "cont_5": {
                "accuracy": [
                    0.9517405063291139
                ]
            },
            "cont_6": {
                "accuracy": [
                    0.9533227848101266
                ]
            },
            "cont_7": {
                "accuracy": [
                    0.957871835443038
                ]
            },
            "cont_8": {
                "accuracy": [
                    0.9586629746835443
                ]
            },