{
    "random_1": {
        "training": {
            "loss": [
                0.1498843722072201
            ],
            "accuracy": [
                0.9493809904153354
            ]
        },
        "validation": {
            "random_1": {
                "accuracy": [
                    0.979632587859425
                ],
                "flatness": [
                    0.6497573124745208
                ]
            }
        }
    },
    "random_2": {
        "training": {
            "loss": [
                0.3633081745891906
            ],
            "accuracy": [
                0.8819888178913738
            ]
        },
        "validation": {
            "random_2": {
                "accuracy": [
                    0.9605630990415336
                ],
                "flatness": [
                    0.638866801787756
                ]
            }
        }
    },
    "random_3": {
        "training": {
            "loss": [
                0.3720444592233664
            ],
            "accuracy": [
                0.8800918530351438
            ]
        },
        "validation": {
            "random_3": {
                "accuracy": [
                    0.9628594249201278
                ],
                "flatness": [
                    0.5856173527581916
                ]
            }
        }
    },
    "random_4": {
        "training": {
            "loss": [
                0.38025735556698453
            ],
            "accuracy": [
                0.8736022364217252
            ]
        },
        "validation": {
            "random_4": {
                "accuracy": [
                    0.9619608626198083
                ],
                "flatness": [
                    0.5465723923196679
                ]
            }
        }
    },
    "random_5": {
        "training": {
            "loss": [
                0.36079727145977103
            ],
            "accuracy": [
                0.8797923322683706
            ]
        },
        "validation": {
            "random_5": {
                "accuracy": [
                    0.9710463258785943
                ],
                "flatness": [
                    0.644037888134896
                ]
            }
        }
    },
    "cont_1": {
        "training": {
            "loss": [
                0.1166308594052308
            ],
            "accuracy": [
                0.9599640575079872
            ]
        },
        "validation": {
            "cont_1": {
                "accuracy": [
                    0.9688498402555911
                ],
                "flatness": [
                    0.5366382419620775
                ]
            },
            "cont_2": {
                "accuracy": [
                    0.8749001597444089
                ],
                "flatness": [
                    0.7083397523679106
                ]
            },
            "cont_3": {
                "accuracy": [
                    0.8749001597444089
                ],
                "flatness": [
                    0.7125813077713111
                ]
            },
            "cont_4": {
                "accuracy": [
                    0.8722044728434505
                ],
                "flatness": [
                    0.5468363667582418
                ]
            },
            "cont_5": {
                "accuracy": [
                    0.8663138977635783
                ],
                "flatness": [
                    0.6272084245707041
                ]
            }
        }
    },
    "cont_2": {
        "training": {
            "loss": [
                0.35877512750058127
            ],
            "accuracy": [
                0.8887779552715654
            ]
        },
        "validation": {
            "cont_1": {
                "accuracy": [
                    0.9604632587859425
                ],
                "flatness": [
                    0.7328820166320167
                ]
            },
            "cont_2": {
                "accuracy": [
                    0.9455870607028753
                ],
                "flatness": [
                    0.7307794847428994
                ]
            },
            "cont_3": {
                "accuracy": [
                    0.8990615015974441
                ],
                "flatness": [
                    0.7110279011660189
                ]
            },
            "cont_4": {
                "accuracy": [
                    0.8946685303514377
                ],
                "flatness": [
                    0.8024969311460775
                ]
            },
            "cont_5": {
                "accuracy": [
                    0.8993610223642172
                ],
                "flatness": [
                    0.7987441718472469
                ]
            }
        }
    },
    "cont_3": {
        "training": {
            "loss": [
                0.3055296986938094
            ],
            "accuracy": [
                0.8980630990415336
            ]
        },
        "validation": {
            "cont_1": {
                "accuracy": [
                    0.9630591054313099
                ],
                "flatness": [
                    0.7390187642546133
                ]
            },
            "cont_2": {
                "accuracy": [
                    0.946785143769968
                ],
                "flatness": [
                    0.7585290783507329
                ]
            },
            "cont_3": {
                "accuracy": [
                    0.9681509584664537
                ],
                "flatness": [
                    0.8442720686810354
                ]
            },
            "cont_4": {
                "accuracy": [
                    0.9128394568690096
                ],
                "flatness": [
                    0.7552840971234824
                ]
            },
            "cont_5": {
                "accuracy": [
                    0.921026357827476
                ],
                "flatness": [
                    0.8363631436314364
                ]
            }
        }
    },
    "cont_4": {
        "training": {
            "loss": [
                0.28114748308762383
            ],
            "accuracy": [
                0.9037539936102237
            ]
        },
        "validation": {
            "cont_1": {
                "accuracy": [
                    0.9537739616613419
                ],
                "flatness": [
                    0.813380613419868
                ]
            },
            "cont_2": {
                "accuracy": [
                    0.9410942492012779
                ],
                "flatness": [
                    0.8403199925737322
                ]
            },
            "cont_3": {
                "accuracy": [
                    0.9536741214057508
                ],
                "flatness": [
                    0.8341505705611392
                ]
            },
            "cont_4": {
                "accuracy": [
                    0.9644568690095847
                ],
                "flatness": [
                    0.8473033126293995
                ]
            },
            "cont_5": {
                "accuracy": [
                    0.919029552715655
                ],
                "flatness": [
                    0.7914258555133079
                ]
            }
        }
    },
    "cont_5": {
        "training": {
            "loss": [
                0.34392835192691784
            ],
            "accuracy": [
                0.8845846645367412
            ]
        },
        "validation": {
            "cont_1": {
                "accuracy": [
                    0.9345047923322684
                ],
                "flatness": [
                    0.7066326121794871
                ]
            },