{
    "random_1": {
        "training": {
            "loss": [
                0.06427798584951859
            ],
            "accuracy": [
                0.9783041401273885
            ]
        },
        "validation": {
            "random_1": {
                "accuracy": [
                    0.9901472929936306
                ],
                "flatness": [
                    0.7097271090045576
                ]
            }
        }
    },
    "random_2": {
        "training": {
            "loss": [
                0.1929549599529072
            ],
            "accuracy": [
                0.9378980891719745
            ]
        },
        "validation": {
            "random_2": {
                "accuracy": [
                    0.9888535031847133
                ],
                "flatness": [
                    0.7271283730096672
                ]
            }
        }
    },
    "random_3": {
        "training": {
            "loss": [
                0.17307158564306369
            ],
            "accuracy": [
                0.9427746815286624
            ]
        },
        "validation": {
            "random_3": {
                "accuracy": [
                    0.9893511146496815
                ],
                "flatness": [
                    0.6958475012304846
                ]
            }
        }
    },
    "random_4": {
        "training": {
            "loss": [
                0.17000053675287657
            ],
            "accuracy": [
                0.9450636942675159
            ]
        },
        "validation": {
            "random_4": {
                "accuracy": [
                    0.9906449044585988
                ],
                "flatness": [
                    0.7273513169563605
                ]
            }
        }
    },
    "random_5": {
        "training": {
            "loss": [
                0.16297664667722905
            ],
            "accuracy": [
                0.9490445859872612
            ]
        },
        "validation": {
            "random_5": {
                "accuracy": [
                    0.9901472929936306
                ],
                "flatness": [
                    0.647315309275118
                ]
            }
        }
    },
    "cont_1": {
        "training": {
            "loss": [
                0.050236617342237486
            ],
            "accuracy": [
                0.9837778662420382
            ]
        },
        "validation": {
            "cont_1": {
                "accuracy": [
                    0.9873606687898089
                ],
                "flatness": [
                    0.7671177308221292
                ]
            },
            "cont_2": {
                "accuracy": [
                    0.931827229299363
                ],
                "flatness": [
                    0.8079723377659651
                ]
            },
            "cont_3": {
                "accuracy": [
                    0.9324243630573248
                ],
                "flatness": [
                    0.7563029693099044
                ]
            },
            "cont_4": {
                "accuracy": [
                    0.9388933121019108
                ],
                "flatness": [
                    0.735531853507428
                ]
            },
            "cont_5": {
                "accuracy": [
                    0.9437699044585988
                ],
                "flatness": [
                    0.7660848374433636
                ]
            }
        }
    },
    "cont_2": {
        "training": {
            "loss": [
                0.2577957296921949
            ],
            "accuracy": [
                0.9208797770700637
            ]
        },
        "validation": {
            "cont_1": {
                "accuracy": [
                    0.9798964968152867
                ],
                "flatness": [
                    0.7432624939033807
                ]
            },
            "cont_2": {
                "accuracy": [
                    0.977906050955414
                ],
                "flatness": [
                    0.7315934772528335
                ]
            },
            "cont_3": {
                "accuracy": [
                    0.9388933121019108
                ],
                "flatness": [
                    0.713398081725094
                ]
            },
            "cont_4": {
                "accuracy": [
                    0.9435708598726115
                ],
                "flatness": [
                    0.7623963726382883
                ]
            },
            "cont_5": {
                "accuracy": [
                    0.947452229299363
                ],
                "flatness": [
                    0.6822573530198146
                ]
            }
        }
    },
    "cont_3": {
        "training": {
            "loss": [
                0.2174140816661203
            ],
            "accuracy": [
                0.9284434713375797
            ]
        },
        "validation": {
            "cont_1": {
                "accuracy": [
                    0.9683519108280255
                ],
                "flatness": [
                    0.7303807820127043
                ]
            },
            "cont_2": {
                "accuracy": [
                    0.9638734076433121
                ],
                "flatness": [
                    0.7178879717077
                ]
            },
            "cont_3": {
                "accuracy": [
                    0.9803941082802548
                ],
                "flatness": [
                    0.6552291653117799
                ]
            },
            "cont_4": {
                "accuracy": [
                    0.9467555732484076
                ],
                "flatness": [
                    0.6115457805614296
                ]
            },
            "cont_5": {
                "accuracy": [
                    0.9457603503184714
                ],
                "flatness": [
                    0.7686441131733497
                ]
            }
        }
    },
    "cont_4": {
        "training": {
            "loss": [
                0.3077824577736627
            ],
            "accuracy": [
                0.8980891719745223
            ]
        },
        "validation": {
            "cont_1": {
                "accuracy": [
                    0.947452229299363
                ],
                "flatness": [
                    0.6688579319304778
                ]
            },
            "cont_2": {
                "accuracy": [
                    0.93640525477707
                ],
                "flatness": [
                    0.6602710171908421
                ]
            },
            "cont_3": {
                "accuracy": [
                    0.9445660828025477
                ],
                "flatness": [
                    0.6654014333308579
                ]
            },
            "cont_4": {
                "accuracy": [
                    0.9713375796178344
                ],
                "flatness": [
                    0.5625297139585019
                ]
            },
            "cont_5": {
                "accuracy": [
                    0.9234673566878981
                ],
                "flatness": [
                    0.5669444445251248
                ]
            }
        }
    },
    "cont_5": {
        "training": {
            "loss": [
                0.4088955467958359
            ],
            "accuracy": [
                0.8626592356687898
            ]
        },
        "validation": {
            "cont_1": {
                "accuracy": [
                    0.916202229299363
                ],
                "flatness": [
                    0.5394210302917797
                ]
            },