{
    "random_1": {
        "training": {
            "loss": [
                2.415776080386654
            ],
            "accuracy": [
                0.4046576433121019
            ]
        },
        "validation": {
            "random_1": {
                "accuracy": [
                    0.7917993630573248
                ],
                "flatness": [
                    0.35806498273255666
                ]
            }
        }
    },
    "random_2": {
        "training": {
            "loss": [
                2.3970982800623415
            ],
            "accuracy": [
                0.41182324840764334
            ]
        },
        "validation": {
            "random_2": {
                "accuracy": [
                    0.7962778662420382
                ],
                "flatness": [
                    0.3508511442152385
                ]
            }
        }
    },
    "random_3": {
        "training": {
            "loss": [
                2.4100079787005284
            ],
            "accuracy": [
                0.4049562101910828
            ]
        },
        "validation": {
            "random_3": {
                "accuracy": [
                    0.810609076433121
                ],
                "flatness": [
                    0.3394920201035202
                ]
            }
        }
    },
    "random_4": {
        "training": {
            "loss": [
                2.377430095794095
            ],
            "accuracy": [
                0.41520700636942676
            ]
        },
        "validation": {
            "random_4": {
                "accuracy": [
                    0.7981687898089171
                ],
                "flatness": [
                    0.34248316740900503
                ]
            }
        }
    },
    "random_5": {
        "training": {
            "loss": [
                2.4249217016681746
            ],
            "accuracy": [
                0.40734474522292996
            ]
        },
        "validation": {
            "random_5": {
                "accuracy": [
                    0.8093152866242038
                ],
                "flatness": [
                    0.34172405358376434
                ]
            }
        }
    },
    "cont_1": {
        "training": {
            "loss": [
                2.453772437800268
            ],
            "accuracy": [
                0.4055533439490446
            ]
        },
        "validation": {
            "cont_1": {
                "accuracy": [
                    0.8057324840764332
                ],
                "flatness": [
                    0.2754675149608389
                ]
            },
            "cont_2": {
                "accuracy": [
                    0.6040007961783439
                ],
                "flatness": [
                    0.3027339760358339
                ]
            },
            "cont_3": {
                "accuracy": [
                    0.6117635350318471
                ],
                "flatness": [
                    0.2829933301101608
                ]
            },
            "cont_4": {
                "accuracy": [
                    0.6129578025477707
                ],
                "flatness": [
                    0.3125852417183263
                ]
            },
            "cont_5": {
                "accuracy": [
                    0.6126592356687898
                ],
                "flatness": [
                    0.2870427224635013
                ]
            }
        }
    },
    "cont_2": {
        "training": {
            "loss": [
                1.347156708407554
            ],
            "accuracy": [
                0.6227109872611465
            ]
        },
        "validation": {
            "cont_1": {
                "accuracy": [
                    0.7666202229299363
                ],
                "flatness": [
                    0.3377752174963414
                ]
            },
            "cont_2": {
                "accuracy": [
                    0.8754976114649682
                ],
                "flatness": [
                    0.31303626242599475
                ]
            },
            "cont_3": {
                "accuracy": [
                    0.6722730891719745
                ],
                "flatness": [
                    0.35542894169103645
                ]
            },
            "cont_4": {
                "accuracy": [
                    0.6780453821656051
                ],
                "flatness": [
                    0.33200902751971323
                ]
            },
            "cont_5": {
                "accuracy": [
                    0.6746616242038217
                ],
                "flatness": [
                    0.38601526790425594
                ]
            }
        }
    },
    "cont_3": {
        "training": {
            "loss": [
                1.1521995041021116
            ],
            "accuracy": [
                0.67078025477707
            ]
        },
        "validation": {
            "cont_1": {
                "accuracy": [
                    0.7581608280254777
                ],
                "flatness": [
                    0.3895116831020722
                ]
            },
            "cont_2": {
                "accuracy": [
                    0.8091162420382165
                ],
                "flatness": [
                    0.3892653752458345
                ]
            },
            "cont_3": {
                "accuracy": [
                    0.8942078025477707
                ],
                "flatness": [
                    0.3680370065379156
                ]
            },
            "cont_4": {
                "accuracy": [
                    0.6967555732484076
                ],
                "flatness": [
                    0.4164390805056735
                ]
            },
            "cont_5": {
                "accuracy": [
                    0.6903861464968153
                ],
                "flatness": [
                    0.37105593250540025
                ]
            }
        }
    },
    "cont_4": {
        "training": {
            "loss": [
                1.0412480838739189
            ],
            "accuracy": [
                0.6945660828025477
            ]
        },
        "validation": {
            "cont_1": {
                "accuracy": [
                    0.7711982484076433
                ],
                "flatness": [
                    0.32645018712091883
                ]
            },
            "cont_2": {
                "accuracy": [
                    0.8095143312101911
                ],
                "flatness": [
                    0.3330025209294861
                ]
            },
            "cont_3": {
                "accuracy": [
                    0.8484275477707006
                ],
                "flatness": [
                    0.3705844581805366
                ]
            },
            "cont_4": {
                "accuracy": [
                    0.9203821656050956
                ],
                "flatness": [
                    0.28083612725628493
                ]
            },
            "cont_5": {
                "accuracy": [
                    0.7263136942675159
                ],
                "flatness": [
                    0.34452658283053833
                ]
            }
        }
    },
    "cont_5": {
        "training": {
            "loss": [
                0.9936881790495222
            ],
            "accuracy": [
                0.7128781847133758
            ]
        },
        "validation": {
            "cont_1": {
                "accuracy": [
                    0.7790605095541401
                ],
                "flatness": [
                    0.5071713729543106
                ]
            },