{
    "random_1": {
        "training": {
            "loss": [
                0.6140361152067306
            ],
            "accuracy": [
                0.7916003184713376
            ]
        },
        "validation": {
            "random_1": {
                "accuracy": [
                    0.9461584394904459
                ],
                "flatness": [
                    0.507933891683494
                ]
            }
        }
    },
    "random_2": {
        "training": {
            "loss": [
                0.640108328526187
            ],
            "accuracy": [
                0.7838375796178344
            ]
        },
        "validation": {
            "random_2": {
                "accuracy": [
                    0.9427746815286624
                ],
                "flatness": [
                    0.5020088678602809
                ]
            }
        }
    },
    "random_3": {
        "training": {
            "loss": [
                0.6149055629399172
            ],
            "accuracy": [
                0.7876194267515924
            ]
        },
        "validation": {
            "random_3": {
                "accuracy": [
                    0.9480493630573248
                ],
                "flatness": [
                    0.48145732770766025
                ]
            }
        }
    },
    "random_4": {
        "training": {
            "loss": [
                0.6267465162239257
            ],
            "accuracy": [
                0.7834394904458599
            ]
        },
        "validation": {
            "random_4": {
                "accuracy": [
                    0.948546974522293
                ],
                "flatness": [
                    0.4950005249966606
                ]
            }
        }
    },
    "random_5": {
        "training": {
            "loss": [
                0.6077751538176446
            ],
            "accuracy": [
                0.7886146496815286
            ]
        },
        "validation": {
            "random_5": {
                "accuracy": [
                    0.9448646496815286
                ],
                "flatness": [
                    0.4945731519372031
                ]
            }
        }
    },
    "cont_1": {
        "training": {
            "loss": [
                0.6128920161989844
            ],
            "accuracy": [
                0.7916998407643312
            ]
        },
        "validation": {
            "cont_1": {
                "accuracy": [
                    0.9285429936305732
                ],
                "flatness": [
                    0.5272457124335973
                ]
            },
            "cont_2": {
                "accuracy": [
                    0.8559912420382165
                ],
                "flatness": [
                    0.5984929086718223
                ]
            },
            "cont_3": {
                "accuracy": [
                    0.86046974522293
                ],
                "flatness": [
                    0.649036838623376
                ]
            },
            "cont_4": {
                "accuracy": [
                    0.8533041401273885
                ],
                "flatness": [
                    0.6419439594395822
                ]
            },
            "cont_5": {
                "accuracy": [
                    0.86046974522293
                ],
                "flatness": [
                    0.5758119372810833
                ]
            }
        }
    },
    "cont_2": {
        "training": {
            "loss": [
                0.38171436960340305
            ],
            "accuracy": [
                0.8732085987261147
            ]
        },
        "validation": {
            "cont_1": {
                "accuracy": [
                    0.9303343949044586
                ],
                "flatness": [
                    0.6241875269038584
                ]
            },
            "cont_2": {
                "accuracy": [
                    0.9691480891719745
                ],
                "flatness": [
                    0.6466294418249955
                ]
            },
            "cont_3": {
                "accuracy": [
                    0.9020700636942676
                ],
                "flatness": [
                    0.5678778687385153
                ]
            },
            "cont_4": {
                "accuracy": [
                    0.8950039808917197
                ],
                "flatness": [
                    0.5970207390180223
                ]
            },
            "cont_5": {
                "accuracy": [
                    0.8979896496815286
                ],
                "flatness": [
                    0.6836016299995948
                ]
            }
        }
    },
    "cont_3": {
        "training": {
            "loss": [
                0.3094976318964533
            ],
            "accuracy": [
                0.8926154458598726
            ]
        },
        "validation": {
            "cont_1": {
                "accuracy": [
                    0.9321257961783439
                ],
                "flatness": [
                    0.43687940502736955
                ]
            },
            "cont_2": {
                "accuracy": [
                    0.9482484076433121
                ],
                "flatness": [
                    0.4720875318790062
                ]
            },
            "cont_3": {
                "accuracy": [
                    0.975218949044586
                ],
                "flatness": [
                    0.42526507818378934
                ]
            },
            "cont_4": {
                "accuracy": [
                    0.9019705414012739
                ],
                "flatness": [
                    0.4561193870535279
                ]
            },
            "cont_5": {
                "accuracy": [
                    0.9038614649681529
                ],
                "flatness": [
                    0.4284568383603914
                ]
            }
        }
    },
    "cont_4": {
        "training": {
            "loss": [
                0.28929028527182377
            ],
            "accuracy": [
                0.9038614649681529
            ]
        },
        "validation": {
            "cont_1": {
                "accuracy": [
                    0.9284434713375797
                ],
                "flatness": [
                    0.5920948127596717
                ]
            },
            "cont_2": {
                "accuracy": [
                    0.9379976114649682
                ],
                "flatness": [
                    0.6277084885402446
                ]
            },
            "cont_3": {
                "accuracy": [
                    0.9544187898089171
                ],
                "flatness": [
                    0.6672909286745646
                ]
            },
            "cont_4": {
                "accuracy": [
                    0.974422770700637
                ],
                "flatness": [
                    0.5739776325961224
                ]
            },
            "cont_5": {
                "accuracy": [
                    0.9131170382165605
                ],
                "flatness": [
                    0.6982863773273187
                ]
            }
        }
    },
    "cont_5": {
        "training": {
            "loss": [
                0.266344210429556
            ],
            "accuracy": [
                0.910031847133758
            ]
        },
        "validation": {
            "cont_1": {
                "accuracy": [
                    0.9289410828025477
                ],
                "flatness": [
                    0.5371119036034903
                ]
            },