{
    "random_1": {
        "training": {
            "loss": [
                0.653863372494777
            ],
            "accuracy": [
                0.7749166666666667
            ]
        },
        "validation": {
            "random_1": {
                "accuracy": [
                    0.8905
                ]
            }
        }
    },
    "random_2": {
        "training": {
            "loss": [
                0.6375899371355772
            ],
            "accuracy": [
                0.7839166666666667
            ]
        },
        "validation": {
            "random_2": {
                "accuracy": [
                    0.83975
                ]
            }
        }
    },
    "random_3": {
        "training": {
            "loss": [
                0.6427969511151314
            ],
            "accuracy": [
                0.7853333333333333
            ]
        },
        "validation": {
            "random_3": {
                "accuracy": [
                    0.86925
                ]
            }
        }
    },
    "random_4": {
        "training": {
            "loss": [
                0.6593744048972925
            ],
            "accuracy": [
                0.7750833333333333
            ]
        },
        "validation": {
            "random_4": {
                "accuracy": [
                    0.8635
                ]
            }
        }
    },
    "random_5": {
        "training": {
            "loss": [
                0.6247519169151783
            ],
            "accuracy": [
                0.786
            ]
        },
        "validation": {
            "random_5": {
                "accuracy": [
                    0.8785833333333334
                ]
            }
        }
    },
    "cont_1": {
        "training": {
            "loss": [
                0.6419169285595417
            ],
            "accuracy": [
                0.77875
            ]
        },
        "validation": {
            "cont_1": {
                "accuracy": [
                    0.8765
                ]
            },
            "cont_2": {
                "accuracy": [
                    0.83675
                ]
            },
            "cont_3": {
                "accuracy": [
                    0.8343333333333334
                ]
            },
            "cont_4": {
                "accuracy": [
                    0.8363333333333334
                ]
            },
            "cont_5": {
                "accuracy": [
                    0.8355
                ]
            }
        }
    },
    "cont_2": {
        "training": {
            "loss": [
                0.0683250344991684
            ],
            "accuracy": [
                0.839
            ]
        },
        "validation": {
            "cont_1": {
                "accuracy": [
                    0.8520833333333333
                ]
            },
            "cont_2": {
                "accuracy": [
                    0.8765
                ]
            },
            "cont_3": {
                "accuracy": [
                    0.8365
                ]
            },
            "cont_4": {
                "accuracy": [
                    0.8386666666666667
                ]
            },
            "cont_5": {
                "accuracy": [
                    0.8390833333333333
                ]
            }
        }
    },
    "cont_3": {
        "training": {
            "loss": [
                0.39153814811011156
            ],
            "accuracy": [
                0.8609166666666667
            ]
        },
        "validation": {
            "cont_1": {
                "accuracy": [
                    0.8781666666666667
                ]
            },
            "cont_2": {
                "accuracy": [
                    0.88575
                ]
            },
            "cont_3": {
                "accuracy": [
                    0.9104166666666667
                ]
            },
            "cont_4": {
                "accuracy": [
                    0.8629166666666667
                ]
            },
            "cont_5": {
                "accuracy": [
                    0.86775
                ]
            }
        }
    },
    "cont_4": {
        "training": {
            "loss": [
                0.36610738110045593
            ],
            "accuracy": [
                0.8699166666666667
            ]
        },
        "validation": {
            "cont_1": {
                "accuracy": [
                    0.86025
                ]
            },
            "cont_2": {
                "accuracy": [
                    0.86925
                ]
            },
            "cont_3": {
                "accuracy": [
                    0.87475
                ]
            },
            "cont_4": {
                "accuracy": [
                    0.8938333333333334
                ]
            },
            "cont_5": {
                "accuracy": [
                    0.85725
                ]
            }
        }
    },
    "cont_5": {
        "training": {
            "loss": [
                0.28080159943426647
            ],
            "accuracy": [
                0.8731666666666666
            ]
        },
        "validation": {
            "cont_1": {
                "accuracy": [
                    0.8486666666666667
                ]
            },
            "cont_2": {
                "accuracy": [
                    0.8464166666666667
                ]
            },
            "cont_3": {
                "accuracy": [
                    0.8518333333333333
                ]
            },
            "cont_4": {
                "accuracy": [
                    0.8530833333333333
                ]
            },
            "cont_5": {
                "accuracy": [
                    0.882
                ]
            }
        }
    },
    "training_metrics": {
        "training": {},
        "validation": {
            "cont_1": {
                "accuracy": [
                    0.8486666666666667
                ],
                "flatness": [
                    0.4016103692065986
                ]
            },
            "cont_2": {
                "accuracy": [
                    0.8464166666666667
                ],
                "flatness": [
                    0.37294476715565616
                ]
            },
            "cont_3": {
                "accuracy": [
                    0.8518333333333333
                ],
                "flatness": [
                    0.43827039718254746
                ]
            },
            "cont_4": {
                "accuracy": [
                    0.8530833333333333
                ],
                "flatness": [
                    0.5005372667773763
                ]
            },
            "cont_5": {
                "accuracy": [
                    0.882
                ],
                "flatness": [
                    0.43386243386243384
                ]
            }
        }
    }
}