{
    "random_1": {
        "training": {
            "loss": [
                0.555047116519068
            ],
            "accuracy": [
                0.8115015974440895
            ]
        },
        "validation": {
            "random_1": {
                "accuracy": [
                    0.9634584664536742
                ],
                "flatness": [
                    0.5100440414507772
                ]
            }
        }
    },
    "random_2": {
        "training": {
            "loss": [
                0.5486428880224974
            ],
            "accuracy": [
                0.8094049520766773
            ]
        },
        "validation": {
            "random_2": {
                "accuracy": [
                    0.9475838658146964
                ],
                "flatness": [
                    0.6556560162258982
                ]
            }
        }
    },
    "random_3": {
        "training": {
            "loss": [
                0.5625123316273332
            ],
            "accuracy": [
                0.8095047923322684
            ]
        },
        "validation": {
            "random_3": {
                "accuracy": [
                    0.9441892971246006
                ],
                "flatness": [
                    0.5802348789256635
                ]
            }
        }
    },
    "random_4": {
        "training": {
            "loss": [
                0.5635818425601664
            ],
            "accuracy": [
                0.8093051118210862
            ]
        },
        "validation": {
            "random_4": {
                "accuracy": [
                    0.950479233226837
                ],
                "flatness": [
                    0.5975603991596639
                ]
            }
        }
    },
    "random_5": {
        "training": {
            "loss": [
                0.560326372044155
            ],
            "accuracy": [
                0.8108027156549521
            ]
        },
        "validation": {
            "random_5": {
                "accuracy": [
                    0.9517771565495208
                ],
                "flatness": [
                    0.6462006975768384
                ]
            }
        }
    },
    "cont_1": {
        "training": {
            "loss": [
                0.5609415530587156
            ],
            "accuracy": [
                0.8073083067092651
            ]
        },
        "validation": {
            "cont_1": {
                "accuracy": [
                    0.9505790734824281
                ],
                "flatness": [
                    0.43004214368238625
                ]
            },
            "cont_2": {
                "accuracy": [
                    0.8862819488817891
                ],
                "flatness": [
                    0.5438802523375015
                ]
            },
            "cont_3": {
                "accuracy": [
                    0.880591054313099
                ],
                "flatness": [
                    0.5529400510204082
                ]
            },
            "cont_4": {
                "accuracy": [
                    0.8789936102236422
                ],
                "flatness": [
                    0.4161808552930486
                ]
            },
            "cont_5": {
                "accuracy": [
                    0.8875798722044729
                ],
                "flatness": [
                    0.44208169291338584
                ]
            }
        }
    },
    "cont_2": {
        "training": {
            "loss": [
                0.3715981552585626
            ],
            "accuracy": [
                0.8759984025559105
            ]
        },
        "validation": {
            "cont_1": {
                "accuracy": [
                    0.9231230031948882
                ],
                "flatness": [
                    0.6645664341336796
                ]
            },
            "cont_2": {
                "accuracy": [
                    0.9617611821086262
                ],
                "flatness": [
                    0.6137015986712344
                ]
            },
            "cont_3": {
                "accuracy": [
                    0.8900758785942492
                ],
                "flatness": [
                    0.709209197980931
                ]
            },
            "cont_4": {
                "accuracy": [
                    0.8958666134185304
                ],
                "flatness": [
                    0.6128406051487796
                ]
            },
            "cont_5": {
                "accuracy": [
                    0.8929712460063898
                ],
                "flatness": [
                    0.6207331730769231
                ]
            }
        }
    },
    "cont_3": {
        "training": {
            "loss": [
                0.3451531268537235
            ],
            "accuracy": [
                0.8800918530351438
            ]
        },
        "validation": {
            "cont_1": {
                "accuracy": [
                    0.9232228434504792
                ],
                "flatness": [
                    0.6623790148156159
                ]
            },
            "cont_2": {
                "accuracy": [
                    0.9419928115015974
                ],
                "flatness": [
                    0.6724026232114468
                ]
            },
            "cont_3": {
                "accuracy": [
                    0.957667731629393
                ],
                "flatness": [
                    0.6446732954545455
                ]
            },
            "cont_4": {
                "accuracy": [
                    0.902555910543131
                ],
                "flatness": [
                    0.6435716261061948
                ]
            },
            "cont_5": {
                "accuracy": [
                    0.9026557507987221
                ],
                "flatness": [
                    0.6934831600486673
                ]
            }
        }
    },
    "cont_4": {
        "training": {
            "loss": [
                0.31121554610114127
            ],
            "accuracy": [
                0.8946685303514377
            ]
        },
        "validation": {
            "cont_1": {
                "accuracy": [
                    0.9143370607028753
                ],
                "flatness": [
                    0.6760789746669579
                ]
            },
            "cont_2": {
                "accuracy": [
                    0.9296126198083067
                ],
                "flatness": [
                    0.7832563634410912
                ]
            },
            "cont_3": {
                "accuracy": [
                    0.9343051118210862
                ],
                "flatness": [
                    0.6986308506091046
                ]
            },
            "cont_4": {
                "accuracy": [
                    0.9647563897763578
                ],
                "flatness": [
                    0.691155696988513
                ]
            },
            "cont_5": {
                "accuracy": [
                    0.9051517571884984
                ],
                "flatness": [
                    0.7213483068607986
                ]
            }
        }
    },
    "cont_5": {
        "training": {
            "loss": [
                0.2919003037741771
            ],
            "accuracy": [
                0.902555910543131
            ]
        },
        "validation": {
            "cont_1": {
                "accuracy": [
                    0.9354033546325878
                ],
                "flatness": [
                    0.7658794962109083
                ]
            },