{
    "random_1": {
        "training": {
            "loss": [
                0.3782453682422638
            ],
            "accuracy": [
                0.8315833333333333
            ]
        },
        "validation": {
            "random_1": {
                "accuracy": [
                    0.949
                ]
            }
        }
    },
    "random_2": {
        "training": {
            "loss": [
                0.3794096440076828
            ],
            "accuracy": [
                0.8315
            ]
        },
        "validation": {
            "random_2": {
                "accuracy": [
                    0.9586666666666667
                ]
            }
        }
    },
    "random_3": {
        "training": {
            "loss": [
                0.38746328697601956
            ],
            "accuracy": [
                0.828
            ]
        },
        "validation": {
            "random_3": {
                "accuracy": [
                    0.9453333333333334
                ]
            }
        }
    },
    "random_4": {
        "training": {
            "loss": [
                0.38252768381436664
            ],
            "accuracy": [
                0.8285
            ]
        },
        "validation": {
            "random_4": {
                "accuracy": [
                    0.9511666666666667
                ]
            }
        }
    },
    "random_5": {
        "training": {
            "loss": [
                0.3797643906871478
            ],
            "accuracy": [
                0.8316666666666667
            ]
        },
        "validation": {
            "random_5": {
                "accuracy": [
                    0.9520833333333333
                ]
            }
        }
    },
    "cont_1": {
        "training": {
            "loss": [
                0.3911838130354881
            ],
            "accuracy": [
                0.8273333333333334
            ]
        },
        "validation": {
            "cont_1": {
                "accuracy": [
                    0.9559166666666666
                ]
            },
            "cont_2": {
                "accuracy": [
                    0.8946666666666667
                ]
            },
            "cont_3": {
                "accuracy": [
                    0.8975833333333333
                ]
            },
            "cont_4": {
                "accuracy": [
                    0.8931666666666667
                ]
            },
            "cont_5": {
                "accuracy": [
                    0.8984166666666666
                ]
            }
        }
    },
    "cont_2": {
        "training": {
            "loss": [
                0.3605537977218628
            ],
            "accuracy": [
                0.9004166666666666
            ]
        },
        "validation": {
            "cont_1": {
                "accuracy": [
                    0.9523333333333334
                ]
            },
            "cont_2": {
                "accuracy": [
                    0.9658333333333333
                ]
            },
            "cont_3": {
                "accuracy": [
                    0.9180833333333334
                ]
            },
            "cont_4": {
                "accuracy": [
                    0.9224166666666667
                ]
            },
            "cont_5": {
                "accuracy": [
                    0.9170833333333334
                ]
            }
        }
    },
    "cont_3": {
        "training": {
            "loss": [
                0.30809132585922877
            ],
            "accuracy": [
                0.9066666666666666
            ]
        },
        "validation": {
            "cont_1": {
                "accuracy": [
                    0.9449166666666666
                ]
            },
            "cont_2": {
                "accuracy": [
                    0.9561666666666667
                ]
            },
            "cont_3": {
                "accuracy": [
                    0.969
                ]
            },
            "cont_4": {
                "accuracy": [
                    0.924
                ]
            },
            "cont_5": {
                "accuracy": [
                    0.9221666666666667
                ]
            }
        }
    },
    "cont_4": {
        "training": {
            "loss": [
                0.26891126799583437
            ],
            "accuracy": [
                0.9223333333333333
            ]
        },
        "validation": {
            "cont_1": {
                "accuracy": [
                    0.9524166666666667
                ]
            },
            "cont_2": {
                "accuracy": [
                    0.95925
                ]
            },
            "cont_3": {
                "accuracy": [
                    0.96825
                ]
            },
            "cont_4": {
                "accuracy": [
                    0.97775
                ]
            },
            "cont_5": {
                "accuracy": [
                    0.93975
                ]
            }
        }
    },
    "cont_5": {
        "training": {
            "loss": [
                0.246857707520326
            ],
            "accuracy": [
                0.9249166666666667
            ]
        },
        "validation": {
            "cont_1": {
                "accuracy": [
                    0.9401666666666667
                ]
            },
            "cont_2": {
                "accuracy": [
                    0.9486666666666667
                ]
            },
            "cont_3": {
                "accuracy": [
                    0.95425
                ]
            },
            "cont_4": {
                "accuracy": [
                    0.9630833333333333
                ]
            },
            "cont_5": {
                "accuracy": [
                    0.9720833333333333
                ]
            }
        }
    },
    "training_metrics": {
        "training": {},
        "validation": {
            "cont_1": {
                "accuracy": [
                    0.9401666666666667
                ],
                "flatness": [
                    0.849338489816102
                ]
            },
            "cont_2": {
                "accuracy": [
                    0.9486666666666667
                ],
                "flatness": [
                    0.86305340829234
                ]
            },
            "cont_3": {
                "accuracy": [
                    0.95425
                ],
                "flatness": [
                    0.850764585028198
                ]
            },
            "cont_4": {
                "accuracy": [
                    0.9630833333333333
                ],
                "flatness": [
                    0.8053902169111453
                ]
            },
            "cont_5": {
                "accuracy": [
                    0.9720833333333333
                ],
                "flatness": [
                    0.9013129695219618
                ]
            }
        }
    }
}