{
    "random_1": {
        "training": {
            "loss": [
                2.275852888425191,
                1.3496777106920879
            ],
            "accuracy": [
                0.407,
                0.6085833333333334
            ]
        },
        "validation": {
            "random_1": {
                "accuracy": [
                    0.7378333333333333
                ]
            }
        }
    },
    "random_2": {
        "training": {
            "loss": [
                2.3694065402348836,
                1.3772537013292312
            ],
            "accuracy": [
                0.389,
                0.6030833333333333
            ]
        },
        "validation": {
            "random_2": {
                "accuracy": [
                    0.7455
                ]
            }
        }
    },
    "random_3": {
        "training": {
            "loss": [
                2.2945207075277962,
                1.3210966094732284
            ],
            "accuracy": [
                0.39958333333333335,
                0.6165833333333334
            ]
        },
        "validation": {
            "random_3": {
                "accuracy": [
                    0.7040833333333333
                ]
            }
        }
    },
    "random_4": {
        "training": {
            "loss": [
                2.3259648809432982,
                1.3539066711266836
            ],
            "accuracy": [
                0.39658333333333334,
                0.61075
            ]
        },
        "validation": {
            "random_4": {
                "accuracy": [
                    0.744
                ]
            }
        }
    },
    "random_5": {
        "training": {
            "loss": [
                2.303215292374293,
                1.3489272518555324
            ],
            "accuracy": [
                0.40291666666666665,
                0.6146666666666667
            ]
        },
        "validation": {
            "random_5": {
                "accuracy": [
                    0.7181666666666666
                ]
            }
        }
    },
    "cont_1": {
        "training": {
            "loss": [
                2.309931867758433,
                1.3730336910088856
            ],
            "accuracy": [
                0.3978333333333333,
                0.603
            ]
        },
        "validation": {
            "cont_1": {
                "accuracy": [
                    0.7426666666666667
                ]
            },
            "cont_2": {
                "accuracy": [
                    0.5710833333333334
                ]
            },
            "cont_3": {
                "accuracy": [
                    0.5835
                ]
            },
            "cont_4": {
                "accuracy": [
                    0.5835
                ]
            },
            "cont_5": {
                "accuracy": [
                    0.5838333333333333
                ]
            }
        }
    },
    "cont_2": {
        "training": {
            "loss": [
                1.5400615691741308,
                1.0134444610873858
            ],
            "accuracy": [
                0.5723333333333334,
                0.7039166666666666
            ]
        },
        "validation": {
            "cont_1": {
                "accuracy": [
                    0.6800833333333334
                ]
            },
            "cont_2": {
                "accuracy": [
                    0.8143333333333334
                ]
            },
            "cont_3": {
                "accuracy": [
                    0.6289166666666667
                ]
            },
            "cont_4": {
                "accuracy": [
                    0.6253333333333333
                ]
            },
            "cont_5": {
                "accuracy": [
                    0.6354166666666666
                ]
            }
        }
    },
    "cont_3": {
        "training": {
            "loss": [
                1.3631556637287139,
                0.8723288648923239
            ],
            "accuracy": [
                0.6210833333333333,
                0.7334166666666667
            ]
        },
        "validation": {
            "cont_1": {
                "accuracy": [
                    0.65675
                ]
            },
            "cont_2": {
                "accuracy": [
                    0.689
                ]
            },
            "cont_3": {
                "accuracy": [
                    0.8066666666666666
                ]
            },
            "cont_4": {
                "accuracy": [
                    0.61925
                ]
            },
            "cont_5": {
                "accuracy": [
                    0.62
                ]
            }
        }
    },
    "cont_4": {
        "training": {
            "loss": [
                1.2909009574254353,
                0.8119827874898911
            ],
            "accuracy": [
                0.6403333333333333,
                0.75275
            ]
        },
        "validation": {
            "cont_1": {
                "accuracy": [
                    0.6569166666666667
                ]
            },
            "cont_2": {
                "accuracy": [
                    0.67725
                ]
            },
            "cont_3": {
                "accuracy": [
                    0.718
                ]
            },
            "cont_4": {
                "accuracy": [
                    0.8261666666666667
                ]
            },
            "cont_5": {
                "accuracy": [
                    0.6331666666666667
                ]
            }
        }
    },
    "cont_5": {
        "training": {
            "loss": [
                1.2304704207579296,
                0.7394285386006038
            ],
            "accuracy": [
                0.6556666666666666,
                0.7758333333333334
            ]
        },
        "validation": {
            "cont_1": {
                "accuracy": [
                    0.6725
                ]
            },
            "cont_2": {
                "accuracy": [
                    0.7015833333333333
                ]
            },
            "cont_3": {
                "accuracy": [
                    0.7170833333333333
                ]
            },
            "cont_4": {
                "accuracy": [
                    0.7451666666666666
                ]
            },
            "cont_5": {
                "accuracy": [
                    0.863
                ]
            }
        }
    },
    "training_metrics": {
        "training": {},
        "validation": {
            "cont_1": {
                "accuracy": [
                    0.6725
                ],
                "flatness": [
                    0.5742255266418835
                ]
            },
            "cont_2": {
                "accuracy": [
                    0.7015833333333333
                ],
                "flatness": [
                    0.770637842974225
                ]
            },
            "cont_3": {
                "accuracy": [
                    0.7170833333333333
                ],
                "flatness": [
                    0.705403834979663
                ]
            },
            "cont_4": {
                "accuracy": [
                    0.7451666666666666
                ],
                "flatness": [
                    0.7528517110266161
                ]
            },
            "cont_5": {
                "accuracy": [
                    0.863
                ],
                "flatness": [
                    0.6998841251448435
                ]
            }
        }
    }
}