{
    "random_1": {
        "training": {
            "loss": [
                0.653863372494777
            ],
            "accuracy": [
                0.7749166666666667
            ]
        },
        "validation": {
            "random_1": {
                "accuracy": [
                    0.8905
                ]
            }
        }
    },
    "random_2": {
        "training": {
            "loss": [
                0.6375899371355772
            ],
            "accuracy": [
                0.7839166666666667
            ]
        },
        "validation": {
            "random_2": {
                "accuracy": [
                    0.83975
                ]
            }
        }
    },
    "random_3": {
        "training": {
            "loss": [
                0.6427969511151314
            ],
            "accuracy": [
                0.7853333333333333
            ]
        },
        "validation": {
            "random_3": {
                "accuracy": [
                    0.86925
                ]
            }
        }
    },
    "random_4": {
        "training": {
            "loss": [
                0.6593744048972925
            ],
            "accuracy": [
                0.7750833333333333
            ]
        },
        "validation": {
            "random_4": {
                "accuracy": [
                    0.8635
                ]
            }
        }
    },
    "random_5": {
        "training": {
            "loss": [
                0.6247519169151783
            ],
            "accuracy": [
                0.786
            ]
        },
        "validation": {
            "random_5": {
                "accuracy": [
                    0.8785833333333334
                ]
            }
        }
    },
    "cont_1": {
        "training": {
            "loss": [
                0.6419169285595417
            ],
            "accuracy": [
                0.77875
            ]
        },
        "validation": {
            "cont_1": {
                "accuracy": [
                    0.8765
                ]
            },
            "cont_2": {
                "accuracy": [
                    0.83675
                ]
            },
            "cont_3": {
                "accuracy": [
                    0.8343333333333334
                ]
            },
            "cont_4": {
                "accuracy": [
                    0.8363333333333334
                ]
            },
            "cont_5": {
                "accuracy": [
                    0.8355
                ]
            }
        }
    },
    "cont_2": {
        "training": {
            "loss": [
                0.5052297971645991
            ],
            "accuracy": [
                0.8403333333333334
            ]
        },
        "validation": {
            "cont_1": {
                "accuracy": [
                    0.8650833333333333
                ]
            },
            "cont_2": {
                "accuracy": [
                    0.8844166666666666
                ]
            },
            "cont_3": {
                "accuracy": [
                    0.83875
                ]
            },
            "cont_4": {
                "accuracy": [
                    0.8416666666666667
                ]
            },
            "cont_5": {
                "accuracy": [
                    0.8494166666666667
                ]
            }
        }
    },
    "cont_3": {
        "training": {
            "loss": [
                0.45526090876261394
            ],
            "accuracy": [
                0.8608333333333333
            ]
        },
        "validation": {
            "cont_1": {
                "accuracy": [
                    0.8909166666666667
                ]
            },
            "cont_2": {
                "accuracy": [
                    0.89475
                ]
            },
            "cont_3": {
                "accuracy": [
                    0.9151666666666667
                ]
            },
            "cont_4": {
                "accuracy": [
                    0.8739166666666667
                ]
            },
            "cont_5": {
                "accuracy": [
                    0.8776666666666667
                ]
            }
        }
    },
    "cont_4": {
        "training": {
            "loss": [
                0.4168466121951739
            ],
            "accuracy": [
                0.8670833333333333
            ]
        },
        "validation": {
            "cont_1": {
                "accuracy": [
                    0.8958333333333334
                ]
            },
            "cont_2": {
                "accuracy": [
                    0.8985833333333333
                ]
            },
            "cont_3": {
                "accuracy": [
                    0.9056666666666666
                ]
            },
            "cont_4": {
                "accuracy": [
                    0.9214166666666667
                ]
            },
            "cont_5": {
                "accuracy": [
                    0.8813333333333333
                ]
            }
        }
    },
    "cont_5": {
        "training": {
            "loss": [
                0.38504537274936834
            ],
            "accuracy": [
                0.87425
            ]
        },
        "validation": {
            "cont_1": {
                "accuracy": [
                    0.8795
                ]
            },
            "cont_2": {
                "accuracy": [
                    0.8853333333333333
                ]
            },
            "cont_3": {
                "accuracy": [
                    0.8946666666666667
                ]
            },
            "cont_4": {
                "accuracy": [
                    0.8950833333333333
                ]
            },
            "cont_5": {
                "accuracy": [
                    0.9235
                ]
            }
        }
    },
    "training_metrics": {
        "training": {},
        "validation": {
            "cont_1": {
                "accuracy": [
                    0.8795
                ],
                "flatness": [
                    0.4703429979154823
                ]
            },
            "cont_2": {
                "accuracy": [
                    0.8853333333333333
                ],
                "flatness": [
                    0.44879518072289154
                ]
            },
            "cont_3": {
                "accuracy": [
                    0.8946666666666667
                ],
                "flatness": [
                    0.42567064083457523
                ]
            },
            "cont_4": {
                "accuracy": [
                    0.8950833333333333
                ],
                "flatness": [
                    0.4841262452285634
                ]
            },
            "cont_5": {
                "accuracy": [
                    0.9235
                ],
                "flatness": [
                    0.496300306803826
                ]
            }
        }
    }
}