{
    "random_1": {
        "training": {
            "loss": [
                0.29541152030729445
            ],
            "accuracy": [
                0.9004592651757188
            ]
        },
        "validation": {
            "random_1": {
                "accuracy": [
                    0.9671525559105432
                ],
                "flatness": [
                    0.6787401930422216
                ]
            }
        }
    },
    "random_2": {
        "training": {
            "loss": [
                0.39863017456124006
            ],
            "accuracy": [
                0.865814696485623
            ]
        },
        "validation": {
            "random_2": {
                "accuracy": [
                    0.9596645367412141
                ],
                "flatness": [
                    0.5375006502288805
                ]
            }
        }
    },
    "random_3": {
        "training": {
            "loss": [
                0.4069695320611183
            ],
            "accuracy": [
                0.8628194888178914
            ]
        },
        "validation": {
            "random_3": {
                "accuracy": [
                    0.9570686900958466
                ],
                "flatness": [
                    0.5699777018568746
                ]
            }
        }
    },
    "random_4": {
        "training": {
            "loss": [
                0.399832174515191
            ],
            "accuracy": [
                0.8649161341853036
            ]
        },
        "validation": {
            "random_4": {
                "accuracy": [
                    0.9465854632587859
                ],
                "flatness": [
                    0.581242089442042
                ]
            }
        }
    },
    "random_5": {
        "training": {
            "loss": [
                0.39469220371434866
            ],
            "accuracy": [
                0.8674121405750799
            ]
        },
        "validation": {
            "random_5": {
                "accuracy": [
                    0.9638578274760383
                ],
                "flatness": [
                    0.7043634762792624
                ]
            }
        }
    },
    "cont_1": {
        "training": {
            "loss": [
                0.2365927576584319
            ],
            "accuracy": [
                0.9167332268370607
            ]
        },
        "validation": {
            "cont_1": {
                "accuracy": [
                    0.9508785942492013
                ],
                "flatness": [
                    0.43442553023939523
                ]
            },
            "cont_2": {
                "accuracy": [
                    0.8691094249201278
                ],
                "flatness": [
                    0.5959764503159104
                ]
            },
            "cont_3": {
                "accuracy": [
                    0.8729033546325878
                ],
                "flatness": [
                    0.6056924110717146
                ]
            },
            "cont_4": {
                "accuracy": [
                    0.867611821086262
                ],
                "flatness": [
                    0.509435414269275
                ]
            },
            "cont_5": {
                "accuracy": [
                    0.8666134185303515
                ],
                "flatness": [
                    0.5014580933179723
                ]
            }
        }
    },
    "cont_2": {
        "training": {
            "loss": [
                0.36128266249744656
            ],
            "accuracy": [
                0.8821884984025559
            ]
        },
        "validation": {
            "cont_1": {
                "accuracy": [
                    0.9497803514376997
                ],
                "flatness": [
                    0.6500269368232944
                ]
            },
            "cont_2": {
                "accuracy": [
                    0.9472843450479234
                ],
                "flatness": [
                    0.7158621416526139
                ]
            },
            "cont_3": {
                "accuracy": [
                    0.898861821086262
                ],
                "flatness": [
                    0.69836582250361
                ]
            },
            "cont_4": {
                "accuracy": [
                    0.900658945686901
                ],
                "flatness": [
                    0.7995448121050881
                ]
            },
            "cont_5": {
                "accuracy": [
                    0.9005591054313099
                ],
                "flatness": [
                    0.7265451773835919
                ]
            }
        }
    },
    "cont_3": {
        "training": {
            "loss": [
                0.3075893845278234
            ],
            "accuracy": [
                0.8965654952076677
            ]
        },
        "validation": {
            "cont_1": {
                "accuracy": [
                    0.9493809904153354
                ],
                "flatness": [
                    0.7476088442528132
                ]
            },
            "cont_2": {
                "accuracy": [
                    0.9420926517571885
                ],
                "flatness": [
                    0.662172795676134
                ]
            },
            "cont_3": {
                "accuracy": [
                    0.9659544728434505
                ],
                "flatness": [
                    0.8045394056847546
                ]
            },
            "cont_4": {
                "accuracy": [
                    0.9104432907348243
                ],
                "flatness": [
                    0.7259513104507074
                ]
            },
            "cont_5": {
                "accuracy": [
                    0.9160343450479234
                ],
                "flatness": [
                    0.8417738419618528
                ]
            }
        }
    },
    "cont_4": {
        "training": {
            "loss": [
                0.2867467430310127
            ],
            "accuracy": [
                0.9033546325878594
            ]
        },
        "validation": {
            "cont_1": {
                "accuracy": [
                    0.9442891373801917
                ],
                "flatness": [
                    0.8474049746246564
                ]
            },
            "cont_2": {
                "accuracy": [
                    0.9426916932907349
                ],
                "flatness": [
                    0.8053318947256937
                ]
            },
            "cont_3": {
                "accuracy": [
                    0.9555710862619808
                ],
                "flatness": [
                    0.8044927384808276
                ]
            },
            "cont_4": {
                "accuracy": [
                    0.963158945686901
                ],
                "flatness": [
                    0.8642622058671089
                ]
            },
            "cont_5": {
                "accuracy": [
                    0.9235223642172524
                ],
                "flatness": [
                    0.7958236486486486
                ]
            }
        }
    },
    "cont_5": {
        "training": {
            "loss": [
                0.35836203799199184
            ],
            "accuracy": [
                0.8757987220447284
            ]
        },
        "validation": {
            "cont_1": {
                "accuracy": [
                    0.9260183706070287
                ],
                "flatness": [
                    0.5620923180592993
                ]
            },