{
    "random_1": {
        "training": {
            "loss": [
                0.14058052885201805
            ],
            "accuracy": [
                0.9518769968051118
            ]
        },
        "validation": {
            "random_1": {
                "accuracy": [
                    0.9863218849840255
                ],
                "flatness": [
                    0.7691137766980465
                ]
            }
        }
    },
    "random_2": {
        "training": {
            "loss": [
                0.3759243913328114
            ],
            "accuracy": [
                0.8795926517571885
            ]
        },
        "validation": {
            "random_2": {
                "accuracy": [
                    0.957667731629393
                ],
                "flatness": [
                    0.7274753701000833
                ]
            }
        }
    },
    "random_3": {
        "training": {
            "loss": [
                0.3600890026055871
            ],
            "accuracy": [
                0.8797923322683706
            ]
        },
        "validation": {
            "random_3": {
                "accuracy": [
                    0.9719448881789138
                ],
                "flatness": [
                    0.6526861838726246
                ]
            }
        }
    },
    "random_4": {
        "training": {
            "loss": [
                0.3607807070397721
            ],
            "accuracy": [
                0.8826876996805112
            ]
        },
        "validation": {
            "random_4": {
                "accuracy": [
                    0.9603634185303515
                ],
                "flatness": [
                    0.6998083220709013
                ]
            }
        }
    },
    "random_5": {
        "training": {
            "loss": [
                0.3670543709906717
            ],
            "accuracy": [
                0.880491214057508
            ]
        },
        "validation": {
            "random_5": {
                "accuracy": [
                    0.9693490415335463
                ],
                "flatness": [
                    0.64254622000206
                ]
            }
        }
    },
    "cont_1": {
        "training": {
            "loss": [
                0.09515504727955348
            ],
            "accuracy": [
                0.9684504792332268
            ]
        },
        "validation": {
            "cont_1": {
                "accuracy": [
                    0.9756389776357828
                ],
                "flatness": [
                    0.7156768061809251
                ]
            },
            "cont_2": {
                "accuracy": [
                    0.8870806709265175
                ],
                "flatness": [
                    0.7025766741699494
                ]
            },
            "cont_3": {
                "accuracy": [
                    0.8829872204472844
                ],
                "flatness": [
                    0.6947739993215739
                ]
            },
            "cont_4": {
                "accuracy": [
                    0.8870806709265175
                ],
                "flatness": [
                    0.6321208497467643
                ]
            },
            "cont_5": {
                "accuracy": [
                    0.8848841853035144
                ],
                "flatness": [
                    0.7043206307119485
                ]
            }
        }
    },
    "cont_2": {
        "training": {
            "loss": [
                0.35466919854259527
            ],
            "accuracy": [
                0.8891773162939297
            ]
        },
        "validation": {
            "cont_1": {
                "accuracy": [
                    0.9732428115015974
                ],
                "flatness": [
                    0.8051369511694707
                ]
            },
            "cont_2": {
                "accuracy": [
                    0.9554712460063898
                ],
                "flatness": [
                    0.7587878787878788
                ]
            },
            "cont_3": {
                "accuracy": [
                    0.9100439297124601
                ],
                "flatness": [
                    0.8067519199122326
                ]
            },
            "cont_4": {
                "accuracy": [
                    0.9108426517571885
                ],
                "flatness": [
                    0.741500876904527
                ]
            },
            "cont_5": {
                "accuracy": [
                    0.9103434504792333
                ],
                "flatness": [
                    0.8300867788988813
                ]
            }
        }
    },
    "cont_3": {
        "training": {
            "loss": [
                0.2936075283125186
            ],
            "accuracy": [
                0.9010583067092651
            ]
        },
        "validation": {
            "cont_1": {
                "accuracy": [
                    0.9597643769968051
                ],
                "flatness": [
                    0.7287351763237283
                ]
            },
            "cont_2": {
                "accuracy": [
                    0.9426916932907349
                ],
                "flatness": [
                    0.8132049618724846
                ]
            },
            "cont_3": {
                "accuracy": [
                    0.9592651757188498
                ],
                "flatness": [
                    0.7085501665278934
                ]
            },
            "cont_4": {
                "accuracy": [
                    0.9116413738019169
                ],
                "flatness": [
                    0.7444933468404338
                ]
            },
            "cont_5": {
                "accuracy": [
                    0.9072484025559105
                ],
                "flatness": [
                    0.7386259216463079
                ]
            }
        }
    },
    "cont_4": {
        "training": {
            "loss": [
                0.24905470722375778
            ],
            "accuracy": [
                0.9169329073482428
            ]
        },
        "validation": {
            "cont_1": {
                "accuracy": [
                    0.946785143769968
                ],
                "flatness": [
                    0.7698750395444479
                ]
            },
            "cont_2": {
                "accuracy": [
                    0.9270167731629393
                ],
                "flatness": [
                    0.7660662358642972
                ]
            },
            "cont_3": {
                "accuracy": [
                    0.9326078274760383
                ],
                "flatness": [
                    0.771735494058452
                ]
            },
            "cont_4": {
                "accuracy": [
                    0.9509784345047924
                ],
                "flatness": [
                    0.7761332020997374
                ]
            },
            "cont_5": {
                "accuracy": [
                    0.904452875399361
                ],
                "flatness": [
                    0.7717891047576995
                ]
            }
        }
    },
    "cont_5": {
        "training": {
            "loss": [
                0.24879071779382494
            ],
            "accuracy": [
                0.9144369009584664
            ]
        },
        "validation": {
            "cont_1": {
                "accuracy": [
                    0.9636581469648562
                ],
                "flatness": [
                    0.7580164732697886
                ]
            },