{
    "random_1": {
        "training": {
            "loss": [
                0.9740698974543867
            ],
            "accuracy": [
                0.7165535143769968
            ]
        },
        "validation": {
            "random_1": {
                "accuracy": [
                    0.9037539936102237
                ],
                "flatness": [
                    0.34642827551922223
                ]
            }
        }
    },
    "random_2": {
        "training": {
            "loss": [
                1.4078669616589532
            ],
            "accuracy": [
                0.6020367412140575
            ]
        },
        "validation": {
            "random_2": {
                "accuracy": [
                    0.8398562300319489
                ],
                "flatness": [
                    0.2823213861150736
                ]
            }
        }
    },
    "random_3": {
        "training": {
            "loss": [
                1.4266443953346521
            ],
            "accuracy": [
                0.5953474440894568
            ]
        },
        "validation": {
            "random_3": {
                "accuracy": [
                    0.8435503194888179
                ],
                "flatness": [
                    0.3774041306663511
                ]
            }
        }
    },
    "random_4": {
        "training": {
            "loss": [
                1.4008114132256553
            ],
            "accuracy": [
                0.6126198083067093
            ]
        },
        "validation": {
            "random_4": {
                "accuracy": [
                    0.8346645367412141
                ],
                "flatness": [
                    0.2826734449760765
                ]
            }
        }
    },
    "random_5": {
        "training": {
            "loss": [
                1.4274298400162888
            ],
            "accuracy": [
                0.5933506389776357
            ]
        },
        "validation": {
            "random_5": {
                "accuracy": [
                    0.8369608626198083
                ],
                "flatness": [
                    0.45014985685315523
                ]
            }
        }
    },
    "cont_1": {
        "training": {
            "loss": [
                0.8179871164286099
            ],
            "accuracy": [
                0.7597843450479234
            ]
        },
        "validation": {
            "cont_1": {
                "accuracy": [
                    0.8791932907348243
                ],
                "flatness": [
                    0.2325907052009993
                ]
            },
            "cont_2": {
                "accuracy": [
                    0.5984424920127795
                ],
                "flatness": [
                    0.31135510510510506
                ]
            },
            "cont_3": {
                "accuracy": [
                    0.5983426517571885
                ],
                "flatness": [
                    0.372774486901385
                ]
            },
            "cont_4": {
                "accuracy": [
                    0.6076277955271565
                ],
                "flatness": [
                    0.32657739073282943
                ]
            },
            "cont_5": {
                "accuracy": [
                    0.6023362619808307
                ],
                "flatness": [
                    0.3476048400464114
                ]
            }
        }
    },
    "cont_2": {
        "training": {
            "loss": [
                1.372247057600905
            ],
            "accuracy": [
                0.6188099041533547
            ]
        },
        "validation": {
            "cont_1": {
                "accuracy": [
                    0.8145966453674122
                ],
                "flatness": [
                    0.33615179556318175
                ]
            },
            "cont_2": {
                "accuracy": [
                    0.8638178913738019
                ],
                "flatness": [
                    0.3355380258899676
                ]
            },
            "cont_3": {
                "accuracy": [
                    0.6661341853035144
                ],
                "flatness": [
                    0.35800078687050363
                ]
            },
            "cont_4": {
                "accuracy": [
                    0.6731230031948882
                ],
                "flatness": [
                    0.4012894912488876
                ]
            },
            "cont_5": {
                "accuracy": [
                    0.672923322683706
                ],
                "flatness": [
                    0.29169603115727005
                ]
            }
        }
    },
    "cont_3": {
        "training": {
            "loss": [
                1.2344053988449109
            ],
            "accuracy": [
                0.6473642172523961
            ]
        },
        "validation": {
            "cont_1": {
                "accuracy": [
                    0.7747603833865815
                ],
                "flatness": [
                    0.40713192654639174
                ]
            },
            "cont_2": {
                "accuracy": [
                    0.7681709265175719
                ],
                "flatness": [
                    0.3859614634780348
                ]
            },
            "cont_3": {
                "accuracy": [
                    0.8646166134185304
                ],
                "flatness": [
                    0.5116519919168592
                ]
            },
            "cont_4": {
                "accuracy": [
                    0.6913937699680511
                ],
                "flatness": [
                    0.3870126353790614
                ]
            },
            "cont_5": {
                "accuracy": [
                    0.6833067092651757
                ],
                "flatness": [
                    0.5239342855055523
                ]
            }
        }
    },
    "cont_4": {
        "training": {
            "loss": [
                1.1275450890056622
            ],
            "accuracy": [
                0.678214856230032
            ]
        },
        "validation": {
            "cont_1": {
                "accuracy": [
                    0.7727635782747604
                ],
                "flatness": [
                    0.526468830749354
                ]
            },
            "cont_2": {
                "accuracy": [
                    0.7656749201277955
                ],
                "flatness": [
                    0.49103941191811185
                ]
            },
            "cont_3": {
                "accuracy": [
                    0.7939297124600639
                ],
                "flatness": [
                    0.4474872673541247
                ]
            },
            "cont_4": {
                "accuracy": [
                    0.8819888178913738
                ],
                "flatness": [
                    0.485408648403894
                ]
            },
            "cont_5": {
                "accuracy": [
                    0.696785143769968
                ],
                "flatness": [
                    0.4445640492907293
                ]
            }
        }
    },
    "cont_5": {
        "training": {
            "loss": [
                1.3544882534982297
            ],
            "accuracy": [
                0.6171126198083067
            ]
        },
        "validation": {
            "cont_1": {
                "accuracy": [
                    0.7339257188498403
                ],
                "flatness": [
                    0.34382737042579237
                ]
            },