{
    "random_1": {
        "training": {
            "loss": [
                0.5908030169650008
            ],
            "accuracy": [
                0.7957268370607029
            ]
        },
        "validation": {
            "random_1": {
                "accuracy": [
                    0.9565694888178914
                ],
                "flatness": [
                    0.6797157133910866
                ]
            }
        }
    },
    "random_2": {
        "training": {
            "loss": [
                0.5967977078625569
            ],
            "accuracy": [
                0.7947284345047924
            ]
        },
        "validation": {
            "random_2": {
                "accuracy": [
                    0.9452875399361023
                ],
                "flatness": [
                    0.6465046736375157
                ]
            }
        }
    },
    "random_3": {
        "training": {
            "loss": [
                0.5978019561963721
            ],
            "accuracy": [
                0.8000199680511182
            ]
        },
        "validation": {
            "random_3": {
                "accuracy": [
                    0.9513777955271565
                ],
                "flatness": [
                    0.570718333508238
                ]
            }
        }
    },
    "random_4": {
        "training": {
            "loss": [
                0.5965371548462981
            ],
            "accuracy": [
                0.7999201277955271
            ]
        },
        "validation": {
            "random_4": {
                "accuracy": [
                    0.9547723642172524
                ],
                "flatness": [
                    0.6586975844400292
                ]
            }
        }
    },
    "random_5": {
        "training": {
            "loss": [
                0.5900559889765593
            ],
            "accuracy": [
                0.8052116613418531
            ]
        },
        "validation": {
            "random_5": {
                "accuracy": [
                    0.9567691693290735
                ],
                "flatness": [
                    0.6685504278409684
                ]
            }
        }
    },
    "cont_1": {
        "training": {
            "loss": [
                0.5773035663480576
            ],
            "accuracy": [
                0.8030151757188498
            ]
        },
        "validation": {
            "cont_1": {
                "accuracy": [
                    0.9496805111821086
                ],
                "flatness": [
                    0.6247989381833474
                ]
            },
            "cont_2": {
                "accuracy": [
                    0.8737020766773163
                ],
                "flatness": [
                    0.6087154325219976
                ]
            },
            "cont_3": {
                "accuracy": [
                    0.8728035143769968
                ],
                "flatness": [
                    0.5370624571036376
                ]
            },
            "cont_4": {
                "accuracy": [
                    0.873202875399361
                ],
                "flatness": [
                    0.6327728390121198
                ]
            },
            "cont_5": {
                "accuracy": [
                    0.8758985623003195
                ],
                "flatness": [
                    0.6042901516015046
                ]
            }
        }
    },
    "cont_2": {
        "training": {
            "loss": [
                0.34834078585092254
            ],
            "accuracy": [
                0.8825878594249201
            ]
        },
        "validation": {
            "cont_1": {
                "accuracy": [
                    0.9691493610223643
                ],
                "flatness": [
                    0.5824211908931698
                ]
            },
            "cont_2": {
                "accuracy": [
                    0.9335063897763578
                ],
                "flatness": [
                    0.6433656417112299
                ]
            },
            "cont_3": {
                "accuracy": [
                    0.9052515974440895
                ],
                "flatness": [
                    0.6159803407962943
                ]
            },
            "cont_4": {
                "accuracy": [
                    0.9032547923322684
                ],
                "flatness": [
                    0.5349577207914226
                ]
            },
            "cont_5": {
                "accuracy": [
                    0.9023562300319489
                ],
                "flatness": [
                    0.5976107822527108
                ]
            }
        }
    },
    "cont_3": {
        "training": {
            "loss": [
                0.30883128370958773
            ],
            "accuracy": [
                0.8957667731629393
            ]
        },
        "validation": {
            "cont_1": {
                "accuracy": [
                    0.9693490415335463
                ],
                "flatness": [
                    0.6860676949222371
                ]
            },
            "cont_2": {
                "accuracy": [
                    0.926417731629393
                ],
                "flatness": [
                    0.5506762582174802
                ]
            },
            "cont_3": {
                "accuracy": [
                    0.9444888178913738
                ],
                "flatness": [
                    0.7014376321353065
                ]
            },
            "cont_4": {
                "accuracy": [
                    0.9064496805111821
                ],
                "flatness": [
                    0.6511496310166318
                ]
            },
            "cont_5": {
                "accuracy": [
                    0.9089456869009584
                ],
                "flatness": [
                    0.5973610500878734
                ]
            }
        }
    },
    "cont_4": {
        "training": {
            "loss": [
                0.2983139797854728
            ],
            "accuracy": [
                0.8974640575079872
            ]
        },
        "validation": {
            "cont_1": {
                "accuracy": [
                    0.9703474440894568
                ],
                "flatness": [
                    0.5804943924272045
                ]
            },
            "cont_2": {
                "accuracy": [
                    0.9258186900958466
                ],
                "flatness": [
                    0.5647450932815701
                ]
            },
            "cont_3": {
                "accuracy": [
                    0.9391972843450479
                ],
                "flatness": [
                    0.6149283778037631
                ]
            },
            "cont_4": {
                "accuracy": [
                    0.9460862619808307
                ],
                "flatness": [
                    0.5350991979738285
                ]
            },
            "cont_5": {
                "accuracy": [
                    0.9132388178913738
                ],
                "flatness": [
                    0.6182921996282934
                ]
            }
        }
    },
    "cont_5": {
        "training": {
            "loss": [
                0.28816054340082997
            ],
            "accuracy": [
                0.9048522364217252
            ]
        },
        "validation": {
            "cont_1": {
                "accuracy": [
                    0.9707468051118211
                ],
                "flatness": [
                    0.7021816826082484
                ]
            },