{
    "random_1": {
        "training": {
            "loss": [
                0.5596072771155034
            ],
            "accuracy": [
                0.8151956869009584
            ]
        },
        "validation": {
            "random_1": {
                "accuracy": [
                    0.9454872204472844
                ],
                "flatness": [
                    0.6071191921858501
                ]
            }
        }
    },
    "random_2": {
        "training": {
            "loss": [
                0.5402889247186268
            ],
            "accuracy": [
                0.8197883386581469
            ]
        },
        "validation": {
            "random_2": {
                "accuracy": [
                    0.9599640575079872
                ],
                "flatness": [
                    0.5468954758190329
                ]
            }
        }
    },
    "random_3": {
        "training": {
            "loss": [
                0.563258592003641
            ],
            "accuracy": [
                0.8128993610223643
            ]
        },
        "validation": {
            "random_3": {
                "accuracy": [
                    0.9489816293929713
                ],
                "flatness": [
                    0.661276301946344
                ]
            }
        }
    },
    "random_4": {
        "training": {
            "loss": [
                0.5539820386102786
            ],
            "accuracy": [
                0.8101038338658147
            ]
        },
        "validation": {
            "random_4": {
                "accuracy": [
                    0.9626597444089456
                ],
                "flatness": [
                    0.620026965359884
                ]
            }
        }
    },
    "random_5": {
        "training": {
            "loss": [
                0.587606678184229
            ],
            "accuracy": [
                0.801617412140575
            ]
        },
        "validation": {
            "random_5": {
                "accuracy": [
                    0.9367012779552716
                ],
                "flatness": [
                    0.5375413024941377
                ]
            }
        }
    },
    "cont_1": {
        "training": {
            "loss": [
                0.5656298150222141
            ],
            "accuracy": [
                0.8078075079872205
            ]
        },
        "validation": {
            "cont_1": {
                "accuracy": [
                    0.9421924920127795
                ],
                "flatness": [
                    0.5609423015788917
                ]
            },
            "cont_2": {
                "accuracy": [
                    0.8757987220447284
                ],
                "flatness": [
                    0.6159555973552212
                ]
            },
            "cont_3": {
                "accuracy": [
                    0.8722044728434505
                ],
                "flatness": [
                    0.6162545787545788
                ]
            },
            "cont_4": {
                "accuracy": [
                    0.8776956869009584
                ],
                "flatness": [
                    0.48600273006483913
                ]
            },
            "cont_5": {
                "accuracy": [
                    0.8704073482428115
                ],
                "flatness": [
                    0.6253806779077771
                ]
            }
        }
    },
    "cont_2": {
        "training": {
            "loss": [
                0.4388727777824996
            ],
            "accuracy": [
                0.8516373801916933
            ]
        },
        "validation": {
            "cont_1": {
                "accuracy": [
                    0.9073482428115016
                ],
                "flatness": [
                    0.7566261828785212
                ]
            },
            "cont_2": {
                "accuracy": [
                    0.9470846645367412
                ],
                "flatness": [
                    0.7182815464895635
                ]
            },
            "cont_3": {
                "accuracy": [
                    0.8845846645367412
                ],
                "flatness": [
                    0.7449647291196388
                ]
            },
            "cont_4": {
                "accuracy": [
                    0.8874800319488818
                ],
                "flatness": [
                    0.6905965237934526
                ]
            },
            "cont_5": {
                "accuracy": [
                    0.8795926517571885
                ],
                "flatness": [
                    0.7485265323496026
                ]
            }
        }
    },
    "cont_3": {
        "training": {
            "loss": [
                0.39575217533321044
            ],
            "accuracy": [
                0.8662140575079872
            ]
        },
        "validation": {
            "cont_1": {
                "accuracy": [
                    0.9024560702875399
                ],
                "flatness": [
                    0.6942858723310101
                ]
            },
            "cont_2": {
                "accuracy": [
                    0.9143370607028753
                ],
                "flatness": [
                    0.6874003603406859
                ]
            },
            "cont_3": {
                "accuracy": [
                    0.9512779552715654
                ],
                "flatness": [
                    0.6163583648194795
                ]
            },
            "cont_4": {
                "accuracy": [
                    0.8889776357827476
                ],
                "flatness": [
                    0.7397454795597483
                ]
            },
            "cont_5": {
                "accuracy": [
                    0.8795926517571885
                ],
                "flatness": [
                    0.664147985244041
                ]
            }
        }
    },
    "cont_4": {
        "training": {
            "loss": [
                0.45866469610422944
            ],
            "accuracy": [
                0.8473442492012779
            ]
        },
        "validation": {
            "cont_1": {
                "accuracy": [
                    0.8940694888178914
                ],
                "flatness": [
                    0.6516464265773311
                ]
            },
            "cont_2": {
                "accuracy": [
                    0.9036541533546326
                ],
                "flatness": [
                    0.6907717379295105
                ]
            },
            "cont_3": {
                "accuracy": [
                    0.9109424920127795
                ],
                "flatness": [
                    0.641720325515125
                ]
            },
            "cont_4": {
                "accuracy": [
                    0.9494808306709265
                ],
                "flatness": [
                    0.5961317034700316
                ]
            },
            "cont_5": {
                "accuracy": [
                    0.8848841853035144
                ],
                "flatness": [
                    0.6330277558388807
                ]
            }
        }
    },
    "cont_5": {
        "training": {
            "loss": [
                0.47016570512383893
            ],
            "accuracy": [
                0.8383586261980831
            ]
        },
        "validation": {
            "cont_1": {
                "accuracy": [
                    0.8760982428115016
                ],
                "flatness": [
                    0.609502849002849
                ]
            },