{
    "random_1": {
        "training": {
            "loss": [
                0.5604912238136218
            ],
            "accuracy": [
                0.8130971337579618
            ]
        },
        "validation": {
            "random_1": {
                "accuracy": [
                    0.9675557324840764
                ],
                "flatness": [
                    0.628678256581041
                ]
            }
        }
    },
    "random_2": {
        "training": {
            "loss": [
                0.5509906739565977
            ],
            "accuracy": [
                0.8156847133757962
            ]
        },
        "validation": {
            "random_2": {
                "accuracy": [
                    0.9657643312101911
                ],
                "flatness": [
                    0.5221738462225033
                ]
            }
        }
    },
    "random_3": {
        "training": {
            "loss": [
                0.5662421437965077
            ],
            "accuracy": [
                0.809812898089172
            ]
        },
        "validation": {
            "random_3": {
                "accuracy": [
                    0.9599920382165605
                ],
                "flatness": [
                    0.47615954830961404
                ]
            }
        }
    },
    "random_4": {
        "training": {
            "loss": [
                0.5526735237829244
            ],
            "accuracy": [
                0.8145899681528662
            ]
        },
        "validation": {
            "random_4": {
                "accuracy": [
                    0.9461584394904459
                ],
                "flatness": [
                    0.6187438206578876
                ]
            }
        }
    },
    "random_5": {
        "training": {
            "loss": [
                0.5501378451942638
            ],
            "accuracy": [
                0.8160828025477707
            ]
        },
        "validation": {
            "random_5": {
                "accuracy": [
                    0.9654657643312102
                ],
                "flatness": [
                    0.5892152879326851
                ]
            }
        }
    },
    "cont_1": {
        "training": {
            "loss": [
                0.550127486988997
            ],
            "accuracy": [
                0.817078025477707
            ]
        },
        "validation": {
            "cont_1": {
                "accuracy": [
                    0.9686504777070064
                ],
                "flatness": [
                    0.6721658280583382
                ]
            },
            "cont_2": {
                "accuracy": [
                    0.892515923566879
                ],
                "flatness": [
                    0.6136970350670027
                ]
            },
            "cont_3": {
                "accuracy": [
                    0.8995820063694268
                ],
                "flatness": [
                    0.6251601401413551
                ]
            },
            "cont_4": {
                "accuracy": [
                    0.9036624203821656
                ],
                "flatness": [
                    0.7304476885438491
                ]
            },
            "cont_5": {
                "accuracy": [
                    0.8968949044585988
                ],
                "flatness": [
                    0.676814248500482
                ]
            }
        }
    },
    "cont_2": {
        "training": {
            "loss": [
                0.34349738645135974
            ],
            "accuracy": [
                0.8809713375796179
            ]
        },
        "validation": {
            "cont_1": {
                "accuracy": [
                    0.9453622611464968
                ],
                "flatness": [
                    0.6626510692428371
                ]
            },
            "cont_2": {
                "accuracy": [
                    0.979796974522293
                ],
                "flatness": [
                    0.6360931956556135
                ]
            },
            "cont_3": {
                "accuracy": [
                    0.9105294585987261
                ],
                "flatness": [
                    0.707692644168463
                ]
            },
            "cont_4": {
                "accuracy": [
                    0.9078423566878981
                ],
                "flatness": [
                    0.6824646468958135
                ]
            },
            "cont_5": {
                "accuracy": [
                    0.9072452229299363
                ],
                "flatness": [
                    0.7369923771918474
                ]
            }
        }
    },
    "cont_3": {
        "training": {
            "loss": [
                0.294129826009843
            ],
            "accuracy": [
                0.8999800955414012
            ]
        },
        "validation": {
            "cont_1": {
                "accuracy": [
                    0.941281847133758
                ],
                "flatness": [
                    0.6710015329353702
                ]
            },
            "cont_2": {
                "accuracy": [
                    0.9522292993630573
                ],
                "flatness": [
                    0.7824976491938067
                ]
            },
            "cont_3": {
                "accuracy": [
                    0.9781050955414012
                ],
                "flatness": [
                    0.7774519241433538
                ]
            },
            "cont_4": {
                "accuracy": [
                    0.917296974522293
                ],
                "flatness": [
                    0.7363260824017868
                ]
            },
            "cont_5": {
                "accuracy": [
                    0.9171974522292994
                ],
                "flatness": [
                    0.718390842501281
                ]
            }
        }
    },
    "cont_4": {
        "training": {
            "loss": [
                0.25922508912671144
            ],
            "accuracy": [
                0.912718949044586
            ]
        },
        "validation": {
            "cont_1": {
                "accuracy": [
                    0.9408837579617835
                ],
                "flatness": [
                    0.748589750924523
                ]
            },
            "cont_2": {
                "accuracy": [
                    0.948546974522293
                ],
                "flatness": [
                    0.6622382235844729
                ]
            },
            "cont_3": {
                "accuracy": [
                    0.961484872611465
                ],
                "flatness": [
                    0.627244334279621
                ]
            },
            "cont_4": {
                "accuracy": [
                    0.9827826433121019
                ],
                "flatness": [
                    0.6388508869098712
                ]
            },
            "cont_5": {
                "accuracy": [
                    0.9231687898089171
                ],
                "flatness": [
                    0.731346485796238
                ]
            }
        }
    },
    "cont_5": {
        "training": {
            "loss": [
                0.248495970229814
            ],
            "accuracy": [
                0.9185907643312102
            ]
        },
        "validation": {
            "cont_1": {
                "accuracy": [
                    0.9394904458598726
                ],
                "flatness": [
                    0.6212643011646756
                ]
            },