{
    "random_1": {
        "training": {
            "loss": [
                0.5916903120117446
            ],
            "accuracy": [
                0.8041134185303515
            ]
        },
        "validation": {
            "random_1": {
                "accuracy": [
                    0.9525758785942492
                ],
                "flatness": [
                    0.5913242846661775
                ]
            }
        }
    },
    "random_2": {
        "training": {
            "loss": [
                0.5917115310748545
            ],
            "accuracy": [
                0.7976238019169329
            ]
        },
        "validation": {
            "random_2": {
                "accuracy": [
                    0.9403953674121406
                ],
                "flatness": [
                    0.6062526542095764
                ]
            }
        }
    },
    "random_3": {
        "training": {
            "loss": [
                0.5837893584332527
            ],
            "accuracy": [
                0.8046126198083067
            ]
        },
        "validation": {
            "random_3": {
                "accuracy": [
                    0.9449880191693291
                ],
                "flatness": [
                    0.5599029318541997
                ]
            }
        }
    },
    "random_4": {
        "training": {
            "loss": [
                0.5942155499570667
            ],
            "accuracy": [
                0.7987220447284346
            ]
        },
        "validation": {
            "random_4": {
                "accuracy": [
                    0.9367012779552716
                ],
                "flatness": [
                    0.6126052547431252
                ]
            }
        }
    },
    "random_5": {
        "training": {
            "loss": [
                0.5787589644519285
            ],
            "accuracy": [
                0.8026158146964856
            ]
        },
        "validation": {
            "random_5": {
                "accuracy": [
                    0.9451876996805112
                ],
                "flatness": [
                    0.5992526671596071
                ]
            }
        }
    },
    "cont_1": {
        "training": {
            "loss": [
                0.5843180333035061
            ],
            "accuracy": [
                0.7991214057507987
            ]
        },
        "validation": {
            "cont_1": {
                "accuracy": [
                    0.9471845047923323
                ],
                "flatness": [
                    0.6000513861073047
                ]
            },
            "cont_2": {
                "accuracy": [
                    0.8799920127795527
                ],
                "flatness": [
                    0.5737356761969593
                ]
            },
            "cont_3": {
                "accuracy": [
                    0.8817891373801917
                ],
                "flatness": [
                    0.4983653192934783
                ]
            },
            "cont_4": {
                "accuracy": [
                    0.8838857827476039
                ],
                "flatness": [
                    0.5146398113633797
                ]
            },
            "cont_5": {
                "accuracy": [
                    0.8861821086261981
                ],
                "flatness": [
                    0.4866381252816584
                ]
            }
        }
    },
    "cont_2": {
        "training": {
            "loss": [
                0.4247450378184882
            ],
            "accuracy": [
                0.8594249201277955
            ]
        },
        "validation": {
            "cont_1": {
                "accuracy": [
                    0.9323083067092651
                ],
                "flatness": [
                    0.6758259263225531
                ]
            },
            "cont_2": {
                "accuracy": [
                    0.9596645367412141
                ],
                "flatness": [
                    0.6724354972950478
                ]
            },
            "cont_3": {
                "accuracy": [
                    0.8991613418530351
                ],
                "flatness": [
                    0.747441289140573
                ]
            },
            "cont_4": {
                "accuracy": [
                    0.9026557507987221
                ],
                "flatness": [
                    0.7136060723371308
                ]
            },
            "cont_5": {
                "accuracy": [
                    0.9071485623003195
                ],
                "flatness": [
                    0.7109330288355712
                ]
            }
        }
    },
    "cont_3": {
        "training": {
            "loss": [
                0.38699928978190257
            ],
            "accuracy": [
                0.8699081469648562
            ]
        },
        "validation": {
            "cont_1": {
                "accuracy": [
                    0.9165335463258786
                ],
                "flatness": [
                    0.7850571895424837
                ]
            },
            "cont_2": {
                "accuracy": [
                    0.9241214057507987
                ],
                "flatness": [
                    0.7710025929127053
                ]
            },
            "cont_3": {
                "accuracy": [
                    0.9548722044728435
                ],
                "flatness": [
                    0.7009691290255123
                ]
            },
            "cont_4": {
                "accuracy": [
                    0.8979632587859425
                ],
                "flatness": [
                    0.825218201022904
                ]
            },
            "cont_5": {
                "accuracy": [
                    0.9008586261980831
                ],
                "flatness": [
                    0.7250027706971075
                ]
            }
        }
    },
    "cont_4": {
        "training": {
            "loss": [
                0.37826448025556797
            ],
            "accuracy": [
                0.8723043130990416
            ]
        },
        "validation": {
            "cont_1": {
                "accuracy": [
                    0.9103434504792333
                ],
                "flatness": [
                    0.7496312239526212
                ]
            },
            "cont_2": {
                "accuracy": [
                    0.9163338658146964
                ],
                "flatness": [
                    0.724908068206581
                ]
            },
            "cont_3": {
                "accuracy": [
                    0.9298123003194888
                ],
                "flatness": [
                    0.7761563137549662
                ]
            },
            "cont_4": {
                "accuracy": [
                    0.955970447284345
                ],
                "flatness": [
                    0.7449073107049611
                ]
            },
            "cont_5": {
                "accuracy": [
                    0.9045527156549521
                ],
                "flatness": [
                    0.7656581125827814
                ]
            }
        }
    },
    "cont_5": {
        "training": {
            "loss": [
                0.3856424491721601
            ],
            "accuracy": [
                0.8651158146964856
            ]
        },
        "validation": {
            "cont_1": {
                "accuracy": [
                    0.8998602236421726
                ],
                "flatness": [
                    0.5814705148119382
                ]
            },