{
    "joint_training": {
        "training": {
            "loss": [
                0.47500666393786667
            ],
            "accuracy": [
                0.84065
            ]
        },
        "validation": {
            "cont_1": {
                "accuracy": [
                    0.872
                ],
                "flatness": [
                    0.7154051987767585
                ]
            },
            "cont_2": {
                "accuracy": [
                    0.8766666666666667
                ],
                "flatness": [
                    0.8543726235741443
                ]
            },
            "cont_3": {
                "accuracy": [
                    0.87425
                ],
                "flatness": [
                    0.8445334095891717
                ]
            },
            "cont_4": {
                "accuracy": [
                    0.871
                ],
                "flatness": [
                    0.775928052047455
                ]
            },
            "cont_5": {
                "accuracy": [
                    0.8753333333333333
                ],
                "flatness": [
                    0.8002665651180504
                ]
            }
        }
    }
}