{
    "random_1": {
        "training": {
            "loss": [
                2.1220764803091683,
                1.0633202331463496
            ],
            "accuracy": [
                0.44258333333333333,
                0.6846666666666666
            ]
        },
        "validation": {
            "random_1": {
                "accuracy": [
                    0.7801666666666667
                ]
            }
        }
    },
    "random_2": {
        "training": {
            "loss": [
                2.1114407111803692,
                1.0554067643880845
            ],
            "accuracy": [
                0.4493333333333333,
                0.6865
            ]
        },
        "validation": {
            "random_2": {
                "accuracy": [
                    0.8100833333333334
                ]
            }
        }
    },
    "random_3": {
        "training": {
            "loss": [
                2.117554437001546,
                1.057558705151081
            ],
            "accuracy": [
                0.44733333333333336,
                0.6805833333333333
            ]
        },
        "validation": {
            "random_3": {
                "accuracy": [
                    0.8214166666666667
                ]
            }
        }
    },
    "random_4": {
        "training": {
            "loss": [
                2.134986663500468,
                1.0717707769473395
            ],
            "accuracy": [
                0.4424166666666667,
                0.6789166666666666
            ]
        },
        "validation": {
            "random_4": {
                "accuracy": [
                    0.82075
                ]
            }
        }
    },
    "random_5": {
        "training": {
            "loss": [
                2.1135527257919313,
                1.044121345579624
            ],
            "accuracy": [
                0.4454166666666667,
                0.68625
            ]
        },
        "validation": {
            "random_5": {
                "accuracy": [
                    0.8185833333333333
                ]
            }
        }
    },
    "cont_1": {
        "training": {
            "loss": [
                2.130505956729253,
                1.0746762818694116
            ],
            "accuracy": [
                0.44825,
                0.679
            ]
        },
        "validation": {
            "cont_1": {
                "accuracy": [
                    0.8245833333333333
                ]
            },
            "cont_2": {
                "accuracy": [
                    0.6626666666666666
                ]
            },
            "cont_3": {
                "accuracy": [
                    0.6593333333333333
                ]
            },
            "cont_4": {
                "accuracy": [
                    0.65975
                ]
            },
            "cont_5": {
                "accuracy": [
                    0.66025
                ]
            }
        }
    },
    "cont_2": {
        "training": {
            "loss": [
                1.2057474599083264,
                0.7465908501644929
            ],
            "accuracy": [
                0.6495,
                0.7545
            ]
        },
        "validation": {
            "cont_1": {
                "accuracy": [
                    0.7615
                ]
            },
            "cont_2": {
                "accuracy": [
                    0.8581666666666666
                ]
            },
            "cont_3": {
                "accuracy": [
                    0.6929166666666666
                ]
            },
            "cont_4": {
                "accuracy": [
                    0.6865
                ]
            },
            "cont_5": {
                "accuracy": [
                    0.6909166666666666
                ]
            }
        }
    },
    "cont_3": {
        "training": {
            "loss": [
                1.071504360059897,
                0.6922380191385746
            ],
            "accuracy": [
                0.68675,
                0.7785833333333333
            ]
        },
        "validation": {
            "cont_1": {
                "accuracy": [
                    0.77675
                ]
            },
            "cont_2": {
                "accuracy": [
                    0.8018333333333333
                ]
            },
            "cont_3": {
                "accuracy": [
                    0.881
                ]
            },
            "cont_4": {
                "accuracy": [
                    0.7135
                ]
            },
            "cont_5": {
                "accuracy": [
                    0.71525
                ]
            }
        }
    },
    "cont_4": {
        "training": {
            "loss": [
                1.0122213428815205,
                0.6504706950634718
            ],
            "accuracy": [
                0.707,
                0.7945833333333333
            ]
        },
        "validation": {
            "cont_1": {
                "accuracy": [
                    0.7725
                ]
            },
            "cont_2": {
                "accuracy": [
                    0.78575
                ]
            },
            "cont_3": {
                "accuracy": [
                    0.825
                ]
            },
            "cont_4": {
                "accuracy": [
                    0.89225
                ]
            },
            "cont_5": {
                "accuracy": [
                    0.7295
                ]
            }
        }
    },
    "cont_5": {
        "training": {
            "loss": [
                0.9470657803614935,
                0.5990911563237508
            ],
            "accuracy": [
                0.7191666666666666,
                0.8075833333333333
            ]
        },
        "validation": {
            "cont_1": {
                "accuracy": [
                    0.7716666666666666
                ]
            },
            "cont_2": {
                "accuracy": [
                    0.7894166666666667
                ]
            },
            "cont_3": {
                "accuracy": [
                    0.809
                ]
            },
            "cont_4": {
                "accuracy": [
                    0.83125
                ]
            },
            "cont_5": {
                "accuracy": [
                    0.9068333333333334
                ]
            }
        }
    },
    "training_metrics": {
        "training": {},
        "validation": {
            "cont_1": {
                "accuracy": [
                    0.7716666666666666
                ],
                "flatness": [
                    0.10431965442764582
                ]
            },
            "cont_2": {
                "accuracy": [
                    0.7894166666666667
                ],
                "flatness": [
                    0.18832471234033568
                ]
            },
            "cont_3": {
                "accuracy": [
                    0.809
                ],
                "flatness": [
                    0.14050267820354345
                ]
            },
            "cont_4": {
                "accuracy": [
                    0.83125
                ],
                "flatness": [
                    0.23097744360902256
                ]
            },
            "cont_5": {
                "accuracy": [
                    0.9068333333333334
                ],
                "flatness": [
                    0.1885682778900937
                ]
            }
        }
    }
}