{
    "random_1": {
        "training": {
            "loss": [
                0.7350565163762706
            ],
            "accuracy": [
                0.7527866242038217
            ]
        },
        "validation": {
            "random_1": {
                "accuracy": [
                    0.9534235668789809
                ]
            }
        }
    },
    "random_2": {
        "training": {
            "loss": [
                0.7375382131831661
            ],
            "accuracy": [
                0.7484076433121019
            ]
        },
        "validation": {
            "random_2": {
                "accuracy": [
                    0.945859872611465
                ]
            }
        }
    },
    "random_3": {
        "training": {
            "loss": [
                0.735492700509205
            ],
            "accuracy": [
                0.7549761146496815
            ]
        },
        "validation": {
            "random_3": {
                "accuracy": [
                    0.9583996815286624
                ]
            }
        }
    },
    "random_4": {
        "training": {
            "loss": [
                0.7426894182802006
            ],
            "accuracy": [
                0.7466162420382165
            ]
        },
        "validation": {
            "random_4": {
                "accuracy": [
                    0.9428742038216561
                ]
            }
        }
    },
    "random_5": {
        "training": {
            "loss": [
                0.7360004593802106
            ],
            "accuracy": [
                0.7424363057324841
            ]
        },
        "validation": {
            "random_5": {
                "accuracy": [
                    0.9430732484076433
                ]
            }
        }
    },
    "random_6": {
        "training": {
            "loss": [
                0.7613765204408366
            ],
            "accuracy": [
                0.7394506369426752
            ]
        },
        "validation": {
            "random_6": {
                "accuracy": [
                    0.9376990445859873
                ]
            }
        }
    },
    "random_7": {
        "training": {
            "loss": [
                0.719887496749307
            ],
            "accuracy": [
                0.758359872611465
            ]
        },
        "validation": {
            "random_7": {
                "accuracy": [
                    0.9486464968152867
                ]
            }
        }
    },
    "random_8": {
        "training": {
            "loss": [
                0.7627751169975396
            ],
            "accuracy": [
                0.7406449044585988
            ]
        },
        "validation": {
            "random_8": {
                "accuracy": [
                    0.9341162420382165
                ]
            }
        }
    },
    "random_9": {
        "training": {
            "loss": [
                0.7735425941883378
            ],
            "accuracy": [
                0.7334792993630573
            ]
        },
        "validation": {
            "random_9": {
                "accuracy": [
                    0.9426751592356688
                ]
            }
        }
    },
    "random_10": {
        "training": {
            "loss": [
                0.7744107045660353
            ],
            "accuracy": [
                0.7422372611464968
            ]
        },
        "validation": {
            "random_10": {
                "accuracy": [
                    0.9343152866242038
                ]
            }
        }
    },
    "cont_1": {
        "training": {
            "loss": [
                0.733470761187517
            ],
            "accuracy": [
                0.7521894904458599
            ]
        },
        "validation": {
            "cont_1": {
                "accuracy": [
                    0.9488455414012739
                ]
            },
            "cont_2": {
                "accuracy": [
                    0.8507165605095541
                ]
            },
            "cont_3": {
                "accuracy": [
                    0.8578821656050956
                ]
            },
            "cont_4": {
                "accuracy": [
                    0.8515127388535032
                ]
            },
            "cont_5": {
                "accuracy": [
                    0.8509156050955414
                ]
            },
            "cont_6": {
                "accuracy": [
                    0.8507165605095541
                ]
            },
            "cont_7": {
                "accuracy": [
                    0.8515127388535032
                ]
            },
            "cont_8": {
                "accuracy": [
                    0.8495222929936306
                ]
            },
            "cont_9": {
                "accuracy": [
                    0.8467356687898089
                ]
            },
            "cont_10": {
                "accuracy": [
                    0.8461385350318471
                ]
            }
        }
    },
    "cont_2": {
        "training": {
            "loss": [
                0.632213926998673
            ],
            "accuracy": [
                0.7814490445859873
            ]
        },
        "validation": {
            "cont_1": {
                "accuracy": [
                    0.875
                ]
            },
            "cont_2": {
                "accuracy": [
                    0.9323248407643312
                ]
            },
            "cont_3": {
                "accuracy": [
                    0.8513136942675159
                ]
            },
            "cont_4": {
                "accuracy": [
                    0.8441480891719745
                ]
            },
            "cont_5": {
                "accuracy": [
                    0.8429538216560509
                ]
            },
            "cont_6": {
                "accuracy": [
                    0.8389729299363057
                ]
            },
            "cont_7": {
                "accuracy": [
                    0.8419585987261147
                ]
            },
            "cont_8": {
                "accuracy": [
                    0.8324044585987261
                ]
            },
            "cont_9": {
                "accuracy": [
                    0.8375796178343949
                ]
            },
            "cont_10": {
                "accuracy": [
                    0.8381767515923567
                ]
            }
        }
    },
    "cont_3": {
        "training": {
            "loss": [
                0.4947492783046832
            ],
            "accuracy": [
                0.8278264331210191
            ]
        },
        "validation": {
            "cont_1": {
                "accuracy": [
                    0.8644506369426752
                ]
            },
            "cont_2": {
                "accuracy": [
                    0.8913216560509554
                ]
            },
            "cont_3": {
                "accuracy": [
                    0.9414808917197452
                ]
            },
            "cont_4": {
                "accuracy": [
                    0.8578821656050956
                ]
            },
            "cont_5": {
                "accuracy": [
                    0.8511146496815286
                ]
            },
            "cont_6": {
                "accuracy": [
                    0.8546974522292994
                ]
            },
            "cont_7": {
                "accuracy": [
                    0.8533041401273885
                ]
            },
            "cont_8": {
                "accuracy": [
                    0.8417595541401274
                ]
            },
            "cont_9": {
                "accuracy": [
                    0.8461385350318471
                ]
            },