{
    "joint_training": {
        "training": {
            "loss": [
                1.5079250839471816,
                0.9925089434802532
            ],
            "accuracy": [
                0.5772166666666667,
                0.7048666666666666
            ]
        },
        "validation": {
            "cont_1": {
                "accuracy": [
                    0.6649166666666667
                ],
                "flatness": [
                    0.25692442661987713
                ]
            },
            "cont_2": {
                "accuracy": [
                    0.6639166666666667
                ],
                "flatness": [
                    0.2101167315175097
                ]
            },
            "cont_3": {
                "accuracy": [
                    0.6704166666666667
                ],
                "flatness": [
                    0.1772529521441889
                ]
            },
            "cont_4": {
                "accuracy": [
                    0.6686666666666666
                ],
                "flatness": [
                    0.10443668993020935
                ]
            },
            "cont_5": {
                "accuracy": [
                    0.6689166666666667
                ],
                "flatness": [
                    0.20406129313566707
                ]
            }
        }
    }
}