{
    "random_1": {
        "training": {
            "loss": [
                2.314749098623903
            ],
            "accuracy": [
                0.4189297124600639
            ]
        },
        "validation": {
            "random_1": {
                "accuracy": [
                    0.7947284345047924
                ],
                "flatness": [
                    0.23175172738693467
                ]
            }
        }
    },
    "random_2": {
        "training": {
            "loss": [
                2.3333580200664534
            ],
            "accuracy": [
                0.41403753993610226
            ]
        },
        "validation": {
            "random_2": {
                "accuracy": [
                    0.7913338658146964
                ],
                "flatness": [
                    0.3438122949785516
                ]
            }
        }
    },
    "random_3": {
        "training": {
            "loss": [
                2.3209667032519086
            ],
            "accuracy": [
                0.4233226837060703
            ]
        },
        "validation": {
            "random_3": {
                "accuracy": [
                    0.7828474440894568
                ],
                "flatness": [
                    0.1736449432470348
                ]
            }
        }
    },
    "random_4": {
        "training": {
            "loss": [
                2.3276211773625577
            ],
            "accuracy": [
                0.4200279552715655
            ]
        },
        "validation": {
            "random_4": {
                "accuracy": [
                    0.764776357827476
                ],
                "flatness": [
                    0.3212744778067885
                ]
            }
        }
    },
    "random_5": {
        "training": {
            "loss": [
                2.351212893240749
            ],
            "accuracy": [
                0.4108426517571885
            ]
        },
        "validation": {
            "random_5": {
                "accuracy": [
                    0.7850439297124601
                ],
                "flatness": [
                    0.2873545402518123
                ]
            }
        }
    },
    "cont_1": {
        "training": {
            "loss": [
                2.319273311490068
            ],
            "accuracy": [
                0.41623402555910544
            ]
        },
        "validation": {
            "cont_1": {
                "accuracy": [
                    0.799720447284345
                ],
                "flatness": [
                    0.2784176029962547
                ]
            },
            "cont_2": {
                "accuracy": [
                    0.5964456869009584
                ],
                "flatness": [
                    0.29962650652828926
                ]
            },
            "cont_3": {
                "accuracy": [
                    0.6018370607028753
                ],
                "flatness": [
                    0.3631459439283345
                ]
            },
            "cont_4": {
                "accuracy": [
                    0.5961461661341853
                ],
                "flatness": [
                    0.27782615977223246
                ]
            },
            "cont_5": {
                "accuracy": [
                    0.6017372204472844
                ],
                "flatness": [
                    0.30770283723245395
                ]
            }
        }
    },
    "cont_2": {
        "training": {
            "loss": [
                1.9604199241144589
            ],
            "accuracy": [
                0.48761980830670926
            ]
        },
        "validation": {
            "cont_1": {
                "accuracy": [
                    0.707667731629393
                ],
                "flatness": [
                    0.23404345372460494
                ]
            },
            "cont_2": {
                "accuracy": [
                    0.5935503194888179
                ],
                "flatness": [
                    0.23099873843566027
                ]
            },
            "cont_3": {
                "accuracy": [
                    0.5732827476038339
                ],
                "flatness": [
                    0.22690047021943577
                ]
            },
            "cont_4": {
                "accuracy": [
                    0.5663937699680511
                ],
                "flatness": [
                    0.15586550326106116
                ]
            },
            "cont_5": {
                "accuracy": [
                    0.5705870607028753
                ],
                "flatness": [
                    0.2902712160979878
                ]
            }
        }
    },
    "cont_3": {
        "training": {
            "loss": [
                2.1816230402967802
            ],
            "accuracy": [
                0.44788338658146964
            ]
        },
        "validation": {
            "cont_1": {
                "accuracy": [
                    0.5861621405750799
                ],
                "flatness": [
                    0.18926077329245444
                ]
            },
            "cont_2": {
                "accuracy": [
                    0.5100838658146964
                ],
                "flatness": [
                    0.11869984341358386
                ]
            },
            "cont_3": {
                "accuracy": [
                    0.4972044728434505
                ],
                "flatness": [
                    0.1622351907630522
                ]
            },
            "cont_4": {
                "accuracy": [
                    0.4784345047923323
                ],
                "flatness": [
                    0.1849293092654424
                ]
            },
            "cont_5": {
                "accuracy": [
                    0.4830271565495208
                ],
                "flatness": [
                    0.13869238321620503
                ]
            }
        }
    },
    "cont_4": {
        "training": {
            "loss": [
                2.1380501155274363
            ],
            "accuracy": [
                0.45067891373801916
            ]
        },
        "validation": {
            "cont_1": {
                "accuracy": [
                    0.5859624600638977
                ],
                "flatness": [
                    0.13899407905946498
                ]
            },
            "cont_2": {
                "accuracy": [
                    0.5066892971246006
                ],
                "flatness": [
                    0.11448399014778325
                ]
            },
            "cont_3": {
                "accuracy": [
                    0.490814696485623
                ],
                "flatness": [
                    0.07879119202603743
                ]
            },
            "cont_4": {
                "accuracy": [
                    0.4820287539936102
                ],
                "flatness": [
                    0.19408528376139186
                ]
            },
            "cont_5": {
                "accuracy": [
                    0.4810303514376997
                ],
                "flatness": [
                    0.1372379618098796
                ]
            }
        }
    },
    "cont_5": {
        "training": {
            "loss": [
                5.5615351542878075
            ],
            "accuracy": [
                0.012380191693290734
            ]
        },
        "validation": {
            "cont_1": {
                "accuracy": [
                    0.017472044728434506
                ],
                "flatness": [
                    0.5030357142857143
                ]
            },