{
    "random_1": {
        "training": {
            "loss": [
                1.6574789355198543,
                0.9369572349786759
            ],
            "accuracy": [
                0.42025,
                0.6355833333333333
            ]
        },
        "validation": {
            "random_1": {
                "accuracy": [
                    0.7686666666666667
                ]
            }
        }
    },
    "random_2": {
        "training": {
            "loss": [
                1.623369954109192,
                0.9293657534917196
            ],
            "accuracy": [
                0.4310833333333333,
                0.63425
            ]
        },
        "validation": {
            "random_2": {
                "accuracy": [
                    0.73125
                ]
            }
        }
    },
    "random_3": {
        "training": {
            "loss": [
                1.6350590819517772,
                0.9200458767811457
            ],
            "accuracy": [
                0.42341666666666666,
                0.6404166666666666
            ]
        },
        "validation": {
            "random_3": {
                "accuracy": [
                    0.7615
                ]
            }
        }
    },
    "random_4": {
        "training": {
            "loss": [
                1.645173446257909,
                0.9171340837478638
            ],
            "accuracy": [
                0.4255833333333333,
                0.6391666666666667
            ]
        },
        "validation": {
            "random_4": {
                "accuracy": [
                    0.5575833333333333
                ]
            }
        }
    },
    "random_5": {
        "training": {
            "loss": [
                1.6065586847464244,
                0.9001388504107793
            ],
            "accuracy": [
                0.44025,
                0.64775
            ]
        },
        "validation": {
            "random_5": {
                "accuracy": [
                    0.7275833333333334
                ]
            }
        }
    },
    "cont_1": {
        "training": {
            "loss": [
                1.624145784298579,
                0.9175141666531563
            ],
            "accuracy": [
                0.42816666666666664,
                0.63775
            ]
        },
        "validation": {
            "cont_1": {
                "accuracy": [
                    0.6505833333333333
                ]
            },
            "cont_2": {
                "accuracy": [
                    0.5204166666666666
                ]
            },
            "cont_3": {
                "accuracy": [
                    0.51625
                ]
            },
            "cont_4": {
                "accuracy": [
                    0.5245833333333333
                ]
            },
            "cont_5": {
                "accuracy": [
                    0.5301666666666667
                ]
            }
        }
    },
    "cont_2": {
        "training": {
            "loss": [
                1.4262058980464936,
                1.0829880413214366
            ],
            "accuracy": [
                0.6060833333333333,
                0.7245833333333334
            ]
        },
        "validation": {
            "cont_1": {
                "accuracy": [
                    0.7384166666666667
                ]
            },
            "cont_2": {
                "accuracy": [
                    0.8275833333333333
                ]
            },
            "cont_3": {
                "accuracy": [
                    0.6510833333333333
                ]
            },
            "cont_4": {
                "accuracy": [
                    0.6495
                ]
            },
            "cont_5": {
                "accuracy": [
                    0.6518333333333334
                ]
            }
        }
    },
    "cont_3": {
        "training": {
            "loss": [
                1.2047273076375327,
                0.8932366714874903
            ],
            "accuracy": [
                0.64675,
                0.7624166666666666
            ]
        },
        "validation": {
            "cont_1": {
                "accuracy": [
                    0.7355
                ]
            },
            "cont_2": {
                "accuracy": [
                    0.7670833333333333
                ]
            },
            "cont_3": {
                "accuracy": [
                    0.8503333333333334
                ]
            },
            "cont_4": {
                "accuracy": [
                    0.6803333333333333
                ]
            },
            "cont_5": {
                "accuracy": [
                    0.6819166666666666
                ]
            }
        }
    },
    "cont_4": {
        "training": {
            "loss": [
                1.109813864827156,
                0.8254897664785386
            ],
            "accuracy": [
                0.6708333333333333,
                0.7820833333333334
            ]
        },
        "validation": {
            "cont_1": {
                "accuracy": [
                    0.6729166666666667
                ]
            },
            "cont_2": {
                "accuracy": [
                    0.6925
                ]
            },
            "cont_3": {
                "accuracy": [
                    0.7270833333333333
                ]
            },
            "cont_4": {
                "accuracy": [
                    0.7990833333333334
                ]
            },
            "cont_5": {
                "accuracy": [
                    0.6408333333333334
                ]
            }
        }
    },
    "cont_5": {
        "training": {
            "loss": [
                1.0759716896216074,
                0.7963015429973602
            ],
            "accuracy": [
                0.6849166666666666,
                0.8014166666666667
            ]
        },
        "validation": {
            "cont_1": {
                "accuracy": [
                    0.6739166666666667
                ]
            },
            "cont_2": {
                "accuracy": [
                    0.6935833333333333
                ]
            },
            "cont_3": {
                "accuracy": [
                    0.7019166666666666
                ]
            },
            "cont_4": {
                "accuracy": [
                    0.7399166666666667
                ]
            },
            "cont_5": {
                "accuracy": [
                    0.8143333333333334
                ]
            }
        }
    },
    "training_metrics": {
        "training": {},
        "validation": {
            "cont_1": {
                "accuracy": [
                    0.6739166666666667
                ],
                "flatness": [
                    0.17855817979473226
                ]
            },
            "cont_2": {
                "accuracy": [
                    0.6935833333333333
                ],
                "flatness": [
                    0.18046377508110054
                ]
            },
            "cont_3": {
                "accuracy": [
                    0.7019166666666666
                ],
                "flatness": [
                    0.1510150777632673
                ]
            },
            "cont_4": {
                "accuracy": [
                    0.7399166666666667
                ],
                "flatness": [
                    0.20678004279761236
                ]
            },
            "cont_5": {
                "accuracy": [
                    0.8143333333333334
                ],
                "flatness": [
                    0.2265656979124028
                ]
            }
        }
    }
}