{
    "random_1": {
        "training": {
            "loss": [
                0.5596072771155034
            ],
            "accuracy": [
                0.8151956869009584
            ]
        },
        "validation": {
            "random_1": {
                "accuracy": [
                    0.9454872204472844
                ],
                "flatness": [
                    0.6071191921858501
                ]
            }
        }
    },
    "random_2": {
        "training": {
            "loss": [
                0.5402889247186268
            ],
            "accuracy": [
                0.8197883386581469
            ]
        },
        "validation": {
            "random_2": {
                "accuracy": [
                    0.9599640575079872
                ],
                "flatness": [
                    0.5468954758190329
                ]
            }
        }
    },
    "random_3": {
        "training": {
            "loss": [
                0.563258592003641
            ],
            "accuracy": [
                0.8128993610223643
            ]
        },
        "validation": {
            "random_3": {
                "accuracy": [
                    0.9489816293929713
                ],
                "flatness": [
                    0.661276301946344
                ]
            }
        }
    },
    "random_4": {
        "training": {
            "loss": [
                0.5539820386102786
            ],
            "accuracy": [
                0.8101038338658147
            ]
        },
        "validation": {
            "random_4": {
                "accuracy": [
                    0.9626597444089456
                ],
                "flatness": [
                    0.620026965359884
                ]
            }
        }
    },
    "random_5": {
        "training": {
            "loss": [
                0.587606678184229
            ],
            "accuracy": [
                0.801617412140575
            ]
        },
        "validation": {
            "random_5": {
                "accuracy": [
                    0.9367012779552716
                ],
                "flatness": [
                    0.5375413024941377
                ]
            }
        }
    },
    "cont_1": {
        "training": {
            "loss": [
                0.5656298150222141
            ],
            "accuracy": [
                0.8078075079872205
            ]
        },
        "validation": {
            "cont_1": {
                "accuracy": [
                    0.9421924920127795
                ],
                "flatness": [
                    0.5609423015788917
                ]
            },
            "cont_2": {
                "accuracy": [
                    0.8757987220447284
                ],
                "flatness": [
                    0.6159555973552212
                ]
            },
            "cont_3": {
                "accuracy": [
                    0.8722044728434505
                ],
                "flatness": [
                    0.6162545787545788
                ]
            },
            "cont_4": {
                "accuracy": [
                    0.8776956869009584
                ],
                "flatness": [
                    0.48600273006483913
                ]
            },
            "cont_5": {
                "accuracy": [
                    0.8704073482428115
                ],
                "flatness": [
                    0.6253806779077771
                ]
            }
        }
    },
    "cont_2": {
        "training": {
            "loss": [
                0.4017946293559699
            ],
            "accuracy": [
                0.860323482428115
            ]
        },
        "validation": {
            "cont_1": {
                "accuracy": [
                    0.9261182108626198
                ],
                "flatness": [
                    0.7166168068132815
                ]
            },
            "cont_2": {
                "accuracy": [
                    0.9583666134185304
                ],
                "flatness": [
                    0.6468525367225753
                ]
            },
            "cont_3": {
                "accuracy": [
                    0.893370607028754
                ],
                "flatness": [
                    0.6969741841752347
                ]
            },
            "cont_4": {
                "accuracy": [
                    0.8945686900958466
                ],
                "flatness": [
                    0.6691859654017858
                ]
            },
            "cont_5": {
                "accuracy": [
                    0.8899760383386581
                ],
                "flatness": [
                    0.7268454117119139
                ]
            }
        }
    },
    "cont_3": {
        "training": {
            "loss": [
                0.3362029385500061
            ],
            "accuracy": [
                0.8893769968051118
            ]
        },
        "validation": {
            "cont_1": {
                "accuracy": [
                    0.9195287539936102
                ],
                "flatness": [
                    0.705396986970684
                ]
            },
            "cont_2": {
                "accuracy": [
                    0.9334065495207667
                ],
                "flatness": [
                    0.7365493635682961
                ]
            },
            "cont_3": {
                "accuracy": [
                    0.9567691693290735
                ],
                "flatness": [
                    0.608125717416258
                ]
            },
            "cont_4": {
                "accuracy": [
                    0.9011581469648562
                ],
                "flatness": [
                    0.7769949313095502
                ]
            },
            "cont_5": {
                "accuracy": [
                    0.895367412140575
                ],
                "flatness": [
                    0.6980374665477254
                ]
            }
        }
    },
    "cont_4": {
        "training": {
            "loss": [
                0.40478378774735113
            ],
            "accuracy": [
                0.8632188498402555
            ]
        },
        "validation": {
            "cont_1": {
                "accuracy": [
                    0.9140375399361023
                ],
                "flatness": [
                    0.710703167667941
                ]
            },
            "cont_2": {
                "accuracy": [
                    0.9196285942492013
                ],
                "flatness": [
                    0.7556549234610792
                ]
            },
            "cont_3": {
                "accuracy": [
                    0.9354033546325878
                ],
                "flatness": [
                    0.6587649428967872
                ]
            },
            "cont_4": {
                "accuracy": [
                    0.9605630990415336
                ],
                "flatness": [
                    0.6516766708242386
                ]
            },
            "cont_5": {
                "accuracy": [
                    0.8944688498402555
                ],
                "flatness": [
                    0.7076912880901888
                ]
            }
        }
    },
    "cont_5": {
        "training": {
            "loss": [
                0.4177886793217339
            ],
            "accuracy": [
                0.8557308306709265
            ]
        },
        "validation": {
            "cont_1": {
                "accuracy": [
                    0.904452875399361
                ],
                "flatness": [
                    0.7182346285461971
                ]
            },