{
    "random_1": {
        "training": {
            "loss": [
                3.4175602886788017
            ],
            "accuracy": [
                0.20162271806482854
            ]
        },
        "validation": {
            "random_1": {
                "accuracy": [
                    0.42768128802640926
                ]
            }
        }
    },
    "random_2": {
        "training": {
            "loss": [
                3.4024619117953474
            ],
            "accuracy": [
                0.20640846857192793
            ]
        },
        "validation": {
            "random_2": {
                "accuracy": [
                    0.41963742395322656
                ]
            }
        }
    },
    "random_3": {
        "training": {
            "loss": [
                3.3787003558499333
            ],
            "accuracy": [
                0.20564148073324567
            ]
        },
        "validation": {
            "random_3": {
                "accuracy": [
                    0.42446754564499034
                ]
            }
        }
    },
    "random_4": {
        "training": {
            "loss": [
                3.4188978628502897
            ],
            "accuracy": [
                0.19866252534892448
            ]
        },
        "validation": {
            "random_4": {
                "accuracy": [
                    0.40268762678693804
                ]
            }
        }
    },
    "random_5": {
        "training": {
            "loss": [
                3.4044036552098413
            ],
            "accuracy": [
                0.2027256592322315
            ]
        },
        "validation": {
            "random_5": {
                "accuracy": [
                    0.43317697769971697
                ]
            }
        }
    },
    "cont_1": {
        "training": {
            "loss": [
                3.4061541634689236
            ],
            "accuracy": [
                0.20247844828795225
            ]
        },
        "validation": {
            "cont_1": {
                "accuracy": [
                    0.43676470588839805
                ]
            },
            "cont_2": {
                "accuracy": [
                    0.32384634888438135
                ]
            },
            "cont_3": {
                "accuracy": [
                    0.3166075050830841
                ]
            },
            "cont_4": {
                "accuracy": [
                    0.31966911764101374
                ]
            },
            "cont_5": {
                "accuracy": [
                    0.32358646045229256
                ]
            }
        }
    },
    "cont_2": {
        "training": {
            "loss": [
                -37865.16449455364
            ],
            "accuracy": [
                0.04293230223199296
            ]
        },
        "validation": {
            "cont_1": {
                "accuracy": [
                    0.00893762677484787
                ]
            },
            "cont_2": {
                "accuracy": [
                    0.008322768763433122
                ]
            },
            "cont_3": {
                "accuracy": [
                    0.00871577079107505
                ]
            },
            "cont_4": {
                "accuracy": [
                    0.008335446247464504
                ]
            },
            "cont_5": {
                "accuracy": [
                    0.007764959432048682
                ]
            }
        }
    },
    "cont_3": {
        "training": {
            "loss": [
                -1351.1823787500603
            ],
            "accuracy": [
                0.012804259634888439
            ]
        },
        "validation": {
            "cont_1": {
                "accuracy": [
                    0.011219574036511156
                ]
            },
            "cont_2": {
                "accuracy": [
                    0.010268762677484788
                ]
            },
            "cont_3": {
                "accuracy": [
                    0.010604716025096408
                ]
            },
            "cont_4": {
                "accuracy": [
                    0.010585699797160243
                ]
            },
            "cont_5": {
                "accuracy": [
                    0.009698275862068966
                ]
            }
        }
    },
    "cont_4": {
        "training": {
            "loss": [
                -1547.3536204513139
            ],
            "accuracy": [
                0.011504817444219067
            ]
        },
        "validation": {
            "cont_1": {
                "accuracy": [
                    0.011536511156186613
                ]
            },
            "cont_2": {
                "accuracy": [
                    0.010636409737063953
                ]
            },
            "cont_3": {
                "accuracy": [
                    0.01017368154158215
                ]
            },
            "cont_4": {
                "accuracy": [
                    0.011948529411764705
                ]
            },
            "cont_5": {
                "accuracy": [
                    0.011650608520025413
                ]
            }
        }
    },
    "cont_5": {
        "training": {
            "loss": [
                -929.7826363334308
            ],
            "accuracy": [
                0.010205375253549696
            ]
        },
        "validation": {
            "cont_1": {
                "accuracy": [
                    0.011853448275862068
                ]
            },
            "cont_2": {
                "accuracy": [
                    0.011473123732251522
                ]
            },
            "cont_3": {
                "accuracy": [
                    0.01169497971602434
                ]
            },
            "cont_4": {
                "accuracy": [
                    0.010078600405679513
                ]
            },
            "cont_5": {
                "accuracy": [
                    0.012392241379310345
                ]
            }
        }
    },
    "training_metrics": {
        "training": {},
        "validation": {
            "cont_1": {
                "accuracy": [
                    0.011853448275862068
                ],
                "flatness": [
                    0.7243342516069788
                ]
            },
            "cont_2": {
                "accuracy": [
                    0.011473123732251522
                ],
                "flatness": [
                    0.6480768396782686
                ]
            },
            "cont_3": {
                "accuracy": [
                    0.01169497971602434
                ],
                "flatness": [
                    0.7869310388543918
                ]
            },
            "cont_4": {
                "accuracy": [
                    0.010078600405679513
                ],
                "flatness": [
                    0.8429578806937297
                ]
            },
            "cont_5": {
                "accuracy": [
                    0.012392241379310345
                ],
                "flatness": [
                    0.7222758991549714
                ]
            }
        }
    }
}