{
    "random_1": {
        "training": {
            "loss": [
                0.5120175574629452
            ],
            "accuracy": [
                0.8433506389776357
            ]
        },
        "validation": {
            "random_1": {
                "accuracy": [
                    0.957867412140575
                ],
                "flatness": [
                    0.27323066499895765
                ]
            }
        }
    },
    "random_2": {
        "training": {
            "loss": [
                1.2959254111725682
            ],
            "accuracy": [
                0.6338857827476039
            ]
        },
        "validation": {
            "random_2": {
                "accuracy": [
                    0.8729033546325878
                ],
                "flatness": [
                    0.3729919650005719
                ]
            }
        }
    },
    "random_3": {
        "training": {
            "loss": [
                1.3100743779359154
            ],
            "accuracy": [
                0.6311900958466453
            ]
        },
        "validation": {
            "random_3": {
                "accuracy": [
                    0.8672124600638977
                ],
                "flatness": [
                    0.37634051922634126
                ]
            }
        }
    },
    "random_4": {
        "training": {
            "loss": [
                1.3388420501456093
            ],
            "accuracy": [
                0.6274960063897763
            ]
        },
        "validation": {
            "random_4": {
                "accuracy": [
                    0.8832867412140575
                ],
                "flatness": [
                    0.41194684638860635
                ]
            }
        }
    },
    "random_5": {
        "training": {
            "loss": [
                1.3050238667204739
            ],
            "accuracy": [
                0.6337859424920128
            ]
        },
        "validation": {
            "random_5": {
                "accuracy": [
                    0.8824880191693291
                ],
                "flatness": [
                    0.32711138137798396
                ]
            }
        }
    },
    "cont_1": {
        "training": {
            "loss": [
                0.2865958305569693
            ],
            "accuracy": [
                0.9102436102236422
            ]
        },
        "validation": {
            "cont_1": {
                "accuracy": [
                    0.9073482428115016
                ],
                "flatness": [
                    0.3306338028169014
                ]
            },
            "cont_2": {
                "accuracy": [
                    0.6211062300319489
                ],
                "flatness": [
                    0.4320667899051599
                ]
            },
            "cont_3": {
                "accuracy": [
                    0.6150159744408946
                ],
                "flatness": [
                    0.440791396103896
                ]
            },
            "cont_4": {
                "accuracy": [
                    0.6058306709265175
                ],
                "flatness": [
                    0.4284535678971655
                ]
            },
            "cont_5": {
                "accuracy": [
                    0.6115215654952076
                ],
                "flatness": [
                    0.422869387755102
                ]
            }
        }
    },
    "cont_2": {
        "training": {
            "loss": [
                1.4120699709977587
            ],
            "accuracy": [
                0.6178115015974441
            ]
        },
        "validation": {
            "cont_1": {
                "accuracy": [
                    0.8134984025559105
                ],
                "flatness": [
                    0.43048063942071674
                ]
            },
            "cont_2": {
                "accuracy": [
                    0.8595247603833865
                ],
                "flatness": [
                    0.4476492623998142
                ]
            },
            "cont_3": {
                "accuracy": [
                    0.6568490415335463
                ],
                "flatness": [
                    0.4469134746922025
                ]
            },
            "cont_4": {
                "accuracy": [
                    0.6514576677316294
                ],
                "flatness": [
                    0.4724980842911878
                ]
            },
            "cont_5": {
                "accuracy": [
                    0.6683306709265175
                ],
                "flatness": [
                    0.4377744995518375
                ]
            }
        }
    },
    "cont_3": {
        "training": {
            "loss": [
                1.2811694097595092
            ],
            "accuracy": [
                0.6349840255591054
            ]
        },
        "validation": {
            "cont_1": {
                "accuracy": [
                    0.7711661341853036
                ],
                "flatness": [
                    0.3999118008803728
                ]
            },
            "cont_2": {
                "accuracy": [
                    0.7694688498402555
                ],
                "flatness": [
                    0.4292226222914234
                ]
            },
            "cont_3": {
                "accuracy": [
                    0.8595247603833865
                ],
                "flatness": [
                    0.4317429434312928
                ]
            },
            "cont_4": {
                "accuracy": [
                    0.6682308306709265
                ],
                "flatness": [
                    0.41796466457492903
                ]
            },
            "cont_5": {
                "accuracy": [
                    0.6734225239616614
                ],
                "flatness": [
                    0.49479058561897704
                ]
            }
        }
    },
    "cont_4": {
        "training": {
            "loss": [
                1.4314525772969182
            ],
            "accuracy": [
                0.6022364217252396
            ]
        },
        "validation": {
            "cont_1": {
                "accuracy": [
                    0.729632587859425
                ],
                "flatness": [
                    0.44194974685276406
                ]
            },
            "cont_2": {
                "accuracy": [
                    0.7152555910543131
                ],
                "flatness": [
                    0.40058888190954767
                ]
            },
            "cont_3": {
                "accuracy": [
                    0.7411142172523961
                ],
                "flatness": [
                    0.42113532264583053
                ]
            },
            "cont_4": {
                "accuracy": [
                    0.8475439297124601
                ],
                "flatness": [
                    0.3641035457651078
                ]
            },
            "cont_5": {
                "accuracy": [
                    0.6705271565495208
                ],
                "flatness": [
                    0.34575174955330557
                ]
            }
        }
    },
    "cont_5": {
        "training": {
            "loss": [
                1.5967150970388906
            ],
            "accuracy": [
                0.5582068690095847
            ]
        },
        "validation": {
            "cont_1": {
                "accuracy": [
                    0.6799121405750799
                ],
                "flatness": [
                    0.39756975036710723
                ]
            },