{
    "random_1": {
        "training": {
            "loss": [
                0.30601942914116914
            ],
            "accuracy": [
                0.8960987261146497
            ]
        },
        "validation": {
            "random_1": {
                "accuracy": [
                    0.9769108280254777
                ]
            }
        }
    },
    "random_2": {
        "training": {
            "loss": [
                0.49408763542676426
            ],
            "accuracy": [
                0.8373805732484076
            ]
        },
        "validation": {
            "random_2": {
                "accuracy": [
                    0.9554140127388535
                ]
            }
        }
    },
    "random_3": {
        "training": {
            "loss": [
                0.4901072046938975
            ],
            "accuracy": [
                0.835390127388535
            ]
        },
        "validation": {
            "random_3": {
                "accuracy": [
                    0.9476512738853503
                ]
            }
        }
    },
    "random_4": {
        "training": {
            "loss": [
                0.4827240668949048
            ],
            "accuracy": [
                0.8401671974522293
            ]
        },
        "validation": {
            "random_4": {
                "accuracy": [
                    0.9488455414012739
                ]
            }
        }
    },
    "random_5": {
        "training": {
            "loss": [
                0.47400795312444116
            ],
            "accuracy": [
                0.8385748407643312
            ]
        },
        "validation": {
            "random_5": {
                "accuracy": [
                    0.9353105095541401
                ]
            }
        }
    },
    "random_6": {
        "training": {
            "loss": [
                0.48989815027660627
            ],
            "accuracy": [
                0.8332006369426752
            ]
        },
        "validation": {
            "random_6": {
                "accuracy": [
                    0.9438694267515924
                ]
            }
        }
    },
    "random_7": {
        "training": {
            "loss": [
                0.49191918447139155
            ],
            "accuracy": [
                0.8324044585987261
            ]
        },
        "validation": {
            "random_7": {
                "accuracy": [
                    0.9516321656050956
                ]
            }
        }
    },
    "random_8": {
        "training": {
            "loss": [
                0.48170038706557766
            ],
            "accuracy": [
                0.8367834394904459
            ]
        },
        "validation": {
            "random_8": {
                "accuracy": [
                    0.9552149681528662
                ]
            }
        }
    },
    "random_9": {
        "training": {
            "loss": [
                0.4768604432131834
            ],
            "accuracy": [
                0.8413614649681529
            ]
        },
        "validation": {
            "random_9": {
                "accuracy": [
                    0.946656050955414
                ]
            }
        }
    },
    "random_10": {
        "training": {
            "loss": [
                0.49519973423830266
            ],
            "accuracy": [
                0.8361863057324841
            ]
        },
        "validation": {
            "random_10": {
                "accuracy": [
                    0.9345143312101911
                ]
            }
        }
    },
    "cont_1": {
        "training": {
            "loss": [
                0.24173521739282425
            ],
            "accuracy": [
                0.9203821656050956
            ]
        },
        "validation": {
            "cont_1": {
                "accuracy": [
                    0.9615843949044586
                ]
            },
            "cont_2": {
                "accuracy": [
                    0.8455414012738853
                ]
            },
            "cont_3": {
                "accuracy": [
                    0.8507165605095541
                ]
            },
            "cont_4": {
                "accuracy": [
                    0.8541003184713376
                ]
            },
            "cont_5": {
                "accuracy": [
                    0.8457404458598726
                ]
            },
            "cont_6": {
                "accuracy": [
                    0.8375796178343949
                ]
            },
            "cont_7": {
                "accuracy": [
                    0.8497213375796179
                ]
            },
            "cont_8": {
                "accuracy": [
                    0.8459394904458599
                ]
            },
            "cont_9": {
                "accuracy": [
                    0.8477308917197452
                ]
            },
            "cont_10": {
                "accuracy": [
                    0.8471337579617835
                ]
            }
        }
    },
    "cont_2": {
        "training": {
            "loss": [
                0.4606641208764854
            ],
            "accuracy": [
                0.8497213375796179
            ]
        },
        "validation": {
            "cont_1": {
                "accuracy": [
                    0.9424761146496815
                ]
            },
            "cont_2": {
                "accuracy": [
                    0.9492436305732485
                ]
            },
            "cont_3": {
                "accuracy": [
                    0.8710191082802548
                ]
            },
            "cont_4": {
                "accuracy": [
                    0.8799761146496815
                ]
            },
            "cont_5": {
                "accuracy": [
                    0.8746019108280255
                ]
            },
            "cont_6": {
                "accuracy": [
                    0.8702229299363057
                ]
            },
            "cont_7": {
                "accuracy": [
                    0.871218152866242
                ]
            },
            "cont_8": {
                "accuracy": [
                    0.8742038216560509
                ]
            },
            "cont_9": {
                "accuracy": [
                    0.8789808917197452
                ]
            },
            "cont_10": {
                "accuracy": [
                    0.8740047770700637
                ]
            }
        }
    },
    "cont_3": {
        "training": {
            "loss": [
                0.39424854673587595
            ],
            "accuracy": [
                0.8732085987261147
            ]
        },
        "validation": {
            "cont_1": {
                "accuracy": [
                    0.9476512738853503
                ]
            },
            "cont_2": {
                "accuracy": [
                    0.9418789808917197
                ]
            },
            "cont_3": {
                "accuracy": [
                    0.9665605095541401
                ]
            },
            "cont_4": {
                "accuracy": [
                    0.8996815286624203
                ]
            },
            "cont_5": {
                "accuracy": [
                    0.8955015923566879
                ]
            },
            "cont_6": {
                "accuracy": [
                    0.8951035031847133
                ]
            },
            "cont_7": {
                "accuracy": [
                    0.8931130573248408
                ]
            },
            "cont_8": {
                "accuracy": [
                    0.893312101910828
                ]
            },