{
    "random_1": {
        "training": {
            "loss": [
                0.5027267032365004
            ],
            "accuracy": [
                0.8326666666666667
            ]
        },
        "validation": {
            "random_1": {
                "accuracy": [
                    0.9444166666666667
                ]
            }
        }
    },
    "random_2": {
        "training": {
            "loss": [
                0.5023285208046436
            ],
            "accuracy": [
                0.8326666666666667
            ]
        },
        "validation": {
            "random_2": {
                "accuracy": [
                    0.9509166666666666
                ]
            }
        }
    },
    "random_3": {
        "training": {
            "loss": [
                0.5219581600228945
            ],
            "accuracy": [
                0.8254166666666667
            ]
        },
        "validation": {
            "random_3": {
                "accuracy": [
                    0.9435
                ]
            }
        }
    },
    "random_4": {
        "training": {
            "loss": [
                0.5039054841697216
            ],
            "accuracy": [
                0.8324166666666667
            ]
        },
        "validation": {
            "random_4": {
                "accuracy": [
                    0.951
                ]
            }
        }
    },
    "random_5": {
        "training": {
            "loss": [
                0.506366968870163
            ],
            "accuracy": [
                0.8315833333333333
            ]
        },
        "validation": {
            "random_5": {
                "accuracy": [
                    0.9611666666666666
                ]
            }
        }
    },
    "cont_1": {
        "training": {
            "loss": [
                0.5202022320330143
            ],
            "accuracy": [
                0.8245
            ]
        },
        "validation": {
            "cont_1": {
                "accuracy": [
                    0.9495
                ]
            },
            "cont_2": {
                "accuracy": [
                    0.8961666666666667
                ]
            },
            "cont_3": {
                "accuracy": [
                    0.8933333333333333
                ]
            },
            "cont_4": {
                "accuracy": [
                    0.8945
                ]
            },
            "cont_5": {
                "accuracy": [
                    0.8944166666666666
                ]
            }
        }
    },
    "cont_2": {
        "training": {
            "loss": [
                -1907.633159192105
            ],
            "accuracy": [
                0.6393333333333333
            ]
        },
        "validation": {
            "cont_1": {
                "accuracy": [
                    0.28025
                ]
            },
            "cont_2": {
                "accuracy": [
                    0.3006666666666667
                ]
            },
            "cont_3": {
                "accuracy": [
                    0.2778333333333333
                ]
            },
            "cont_4": {
                "accuracy": [
                    0.2778333333333333
                ]
            },
            "cont_5": {
                "accuracy": [
                    0.28841666666666665
                ]
            }
        }
    },
    "cont_3": {
        "training": {
            "loss": [
                -369.5768466024399
            ],
            "accuracy": [
                0.4984166666666667
            ]
        },
        "validation": {
            "cont_1": {
                "accuracy": [
                    0.4728333333333333
                ]
            },
            "cont_2": {
                "accuracy": [
                    0.48833333333333334
                ]
            },
            "cont_3": {
                "accuracy": [
                    0.5349166666666667
                ]
            },
            "cont_4": {
                "accuracy": [
                    0.4706666666666667
                ]
            },
            "cont_5": {
                "accuracy": [
                    0.4880833333333333
                ]
            }
        }
    },
    "cont_4": {
        "training": {
            "loss": [
                -28.87725766992569
            ],
            "accuracy": [
                0.5545833333333333
            ]
        },
        "validation": {
            "cont_1": {
                "accuracy": [
                    0.5788333333333333
                ]
            },
            "cont_2": {
                "accuracy": [
                    0.5903333333333334
                ]
            },
            "cont_3": {
                "accuracy": [
                    0.5925833333333334
                ]
            },
            "cont_4": {
                "accuracy": [
                    0.6565833333333333
                ]
            },
            "cont_5": {
                "accuracy": [
                    0.5814166666666667
                ]
            }
        }
    },
    "cont_5": {
        "training": {
            "loss": [
                -11.251129214684168
            ],
            "accuracy": [
                0.60125
            ]
        },
        "validation": {
            "cont_1": {
                "accuracy": [
                    0.62125
                ]
            },
            "cont_2": {
                "accuracy": [
                    0.62675
                ]
            },
            "cont_3": {
                "accuracy": [
                    0.6303333333333333
                ]
            },
            "cont_4": {
                "accuracy": [
                    0.6473333333333333
                ]
            },
            "cont_5": {
                "accuracy": [
                    0.6955833333333333
                ]
            }
        }
    },
    "training_metrics": {
        "training": {},
        "validation": {
            "cont_1": {
                "accuracy": [
                    0.62125
                ],
                "flatness": [
                    0.5080482897384306
                ]
            },
            "cont_2": {
                "accuracy": [
                    0.62675
                ],
                "flatness": [
                    0.5143492956563727
                ]
            },
            "cont_3": {
                "accuracy": [
                    0.6303333333333333
                ],
                "flatness": [
                    0.5604803918839935
                ]
            },
            "cont_4": {
                "accuracy": [
                    0.6473333333333333
                ],
                "flatness": [
                    0.43167990134966666
                ]
            },
            "cont_5": {
                "accuracy": [
                    0.6955833333333333
                ],
                "flatness": [
                    0.4908791686896647
                ]
            }
        }
    }
}