{
    "random_1": {
        "training": {
            "loss": [
                0.24172834985995595
            ],
            "accuracy": [
                0.9163370253164557
            ]
        },
        "validation": {
            "random_1": {
                "accuracy": [
                    0.9865506329113924
                ]
            }
        }
    },
    "random_2": {
        "training": {
            "loss": [
                0.21571561562109598
            ],
            "accuracy": [
                0.9222705696202531
            ]
        },
        "validation": {
            "random_2": {
                "accuracy": [
                    0.9831882911392406
                ]
            }
        }
    },
    "random_3": {
        "training": {
            "loss": [
                0.20314659791279444
            ],
            "accuracy": [
                0.930379746835443
            ]
        },
        "validation": {
            "random_3": {
                "accuracy": [
                    0.9926819620253164
                ]
            }
        }
    },
    "random_4": {
        "training": {
            "loss": [
                0.16028232712157164
            ],
            "accuracy": [
                0.9414556962025317
            ]
        },
        "validation": {
            "random_4": {
                "accuracy": [
                    0.9857594936708861
                ]
            }
        }
    },
    "random_5": {
        "training": {
            "loss": [
                0.11911999462526056
            ],
            "accuracy": [
                0.9588607594936709
            ]
        },
        "validation": {
            "random_5": {
                "accuracy": [
                    0.990506329113924
                ]
            }
        }
    },
    "random_6": {
        "training": {
            "loss": [
                0.32615525633851183
            ],
            "accuracy": [
                0.8888449367088608
            ]
        },
        "validation": {
            "random_6": {
                "accuracy": [
                    0.9814082278481012
                ]
            }
        }
    },
    "random_7": {
        "training": {
            "loss": [
                0.3205928665739072
            ],
            "accuracy": [
                0.8922072784810127
            ]
        },
        "validation": {
            "random_7": {
                "accuracy": [
                    0.9818037974683544
                ]
            }
        }
    },
    "random_8": {
        "training": {
            "loss": [
                0.32469467809305913
            ],
            "accuracy": [
                0.8922072784810127
            ]
        },
        "validation": {
            "random_8": {
                "accuracy": [
                    0.9719145569620253
                ]
            }
        }
    },
    "random_9": {
        "training": {
            "loss": [
                0.3180076728893232
            ],
            "accuracy": [
                0.8971518987341772
            ]
        },
        "validation": {
            "random_9": {
                "accuracy": [
                    0.9792325949367089
                ]
            }
        }
    },
    "random_10": {
        "training": {
            "loss": [
                0.319199324408664
            ],
            "accuracy": [
                0.8947784810126582
            ]
        },
        "validation": {
            "random_10": {
                "accuracy": [
                    0.982001582278481
                ]
            }
        }
    },
    "cont_1": {
        "training": {
            "loss": [
                0.2344034946040262
            ],
            "accuracy": [
                0.9167325949367089
            ]
        },
        "validation": {
            "cont_1": {
                "accuracy": [
                    0.9873417721518988
                ]
            },
            "cont_2": {
                "accuracy": [
                    0.9376977848101266
                ]
            },
            "cont_3": {
                "accuracy": [
                    0.9357199367088608
                ]
            },
            "cont_4": {
                "accuracy": [
                    0.9501582278481012
                ]
            },
            "cont_5": {
                "accuracy": [
                    0.9624208860759493
                ]
            },
            "cont_6": {
                "accuracy": [
                    0.9084256329113924
                ]
            },
            "cont_7": {
                "accuracy": [
                    0.9026898734177216
                ]
            },
            "cont_8": {
                "accuracy": [
                    0.9036787974683544
                ]
            },
            "cont_9": {
                "accuracy": [
                    0.9115901898734177
                ]
            },
            "cont_10": {
                "accuracy": [
                    0.9044699367088608
                ]
            }
        }
    },
    "cont_2": {
        "training": {
            "loss": [
                0.189098371405013
            ],
            "accuracy": [
                0.9335443037974683
            ]
        },
        "validation": {
            "cont_1": {
                "accuracy": [
                    0.9651898734177216
                ]
            },
            "cont_2": {
                "accuracy": [
                    0.9821993670886076
                ]
            },
            "cont_3": {
                "accuracy": [
                    0.9331487341772152
                ]
            },
            "cont_4": {
                "accuracy": [
                    0.9404667721518988
                ]
            },
            "cont_5": {
                "accuracy": [
                    0.9376977848101266
                ]
            },
            "cont_6": {
                "accuracy": [
                    0.8997231012658228
                ]
            },
            "cont_7": {
                "accuracy": [
                    0.8995253164556962
                ]
            },
            "cont_8": {
                "accuracy": [
                    0.8926028481012658
                ]
            },
            "cont_9": {
                "accuracy": [
                    0.900118670886076
                ]
            },
            "cont_10": {
                "accuracy": [
                    0.892998417721519
                ]
            }
        }
    },
    "cont_3": {
        "training": {
            "loss": [
                0.18304370159778413
            ],
            "accuracy": [
                0.9359177215189873
            ]
        },
        "validation": {
            "cont_1": {
                "accuracy": [
                    0.9719145569620253
                ]
            },
            "cont_2": {
                "accuracy": [
                    0.9786392405063291
                ]
            },
            "cont_3": {
                "accuracy": [
                    0.982001582278481
                ]
            },
            "cont_4": {
                "accuracy": [
                    0.9545094936708861
                ]
            },
            "cont_5": {
                "accuracy": [
                    0.9553006329113924
                ]
            },
            "cont_6": {
                "accuracy": [
                    0.9149525316455697
                ]
            },
            "cont_7": {
                "accuracy": [
                    0.9098101265822784
                ]
            },
            "cont_8": {
                "accuracy": [
                    0.9159414556962026
                ]
            },