{
    "joint_training": {
        "training": {
            "loss": [
                2.705202288048086,
                2.1560750000614948
            ],
            "accuracy": [
                0.32514329917824897,
                0.4385842548442731
            ]
        },
        "validation": {
            "cont_1": {
                "accuracy": [
                    0.5080818965517241
                ],
                "flatness": [
                    0.1025097207493814
                ]
            },
            "cont_2": {
                "accuracy": [
                    0.5062436612576064
                ],
                "flatness": [
                    0.15189116482549153
                ]
            },
            "cont_3": {
                "accuracy": [
                    0.5045005070993914
                ],
                "flatness": [
                    0.12926576989901534
                ]
            },
            "cont_4": {
                "accuracy": [
                    0.5078283468559838
                ],
                "flatness": [
                    0.22836894186828652
                ]
            },
            "cont_5": {
                "accuracy": [
                    0.5054513184584178
                ],
                "flatness": [
                    0.17136400371915797
                ]
            }
        }
    }
}