{
    "random_1": {
        "training": {
            "loss": [
                0.23478609302078193
            ],
            "accuracy": [
                0.9214257188498403
            ]
        },
        "validation": {
            "random_1": {
                "accuracy": [
                    0.9667531948881789
                ],
                "flatness": [
                    0.5919459361768047
                ]
            }
        }
    },
    "random_2": {
        "training": {
            "loss": [
                0.3650935263084337
            ],
            "accuracy": [
                0.8765974440894568
            ]
        },
        "validation": {
            "random_2": {
                "accuracy": [
                    0.9607627795527156
                ],
                "flatness": [
                    0.7031766341057882
                ]
            }
        }
    },
    "random_3": {
        "training": {
            "loss": [
                0.3680496999202445
            ],
            "accuracy": [
                0.8782947284345048
            ]
        },
        "validation": {
            "random_3": {
                "accuracy": [
                    0.9580670926517572
                ],
                "flatness": [
                    0.6931273447269696
                ]
            }
        }
    },
    "random_4": {
        "training": {
            "loss": [
                0.3620010239723772
            ],
            "accuracy": [
                0.8759984025559105
            ]
        },
        "validation": {
            "random_4": {
                "accuracy": [
                    0.9691493610223643
                ],
                "flatness": [
                    0.5793982435355929
                ]
            }
        }
    },
    "random_5": {
        "training": {
            "loss": [
                0.3717155570563036
            ],
            "accuracy": [
                0.8771964856230032
            ]
        },
        "validation": {
            "random_5": {
                "accuracy": [
                    0.9653554313099042
                ],
                "flatness": [
                    0.6079771693039611
                ]
            }
        }
    },
    "cont_1": {
        "training": {
            "loss": [
                0.18350128769969787
            ],
            "accuracy": [
                0.9383985623003195
            ]
        },
        "validation": {
            "cont_1": {
                "accuracy": [
                    0.9592651757188498
                ],
                "flatness": [
                    0.640749245420483
                ]
            },
            "cont_2": {
                "accuracy": [
                    0.8846845047923323
                ],
                "flatness": [
                    0.7113234962193884
                ]
            },
            "cont_3": {
                "accuracy": [
                    0.878694089456869
                ],
                "flatness": [
                    0.7237302579252357
                ]
            },
            "cont_4": {
                "accuracy": [
                    0.8757987220447284
                ],
                "flatness": [
                    0.6342424760601915
                ]
            },
            "cont_5": {
                "accuracy": [
                    0.8795926517571885
                ],
                "flatness": [
                    0.6637038876276959
                ]
            }
        }
    },
    "cont_2": {
        "training": {
            "loss": [
                0.39859225930640113
            ],
            "accuracy": [
                0.8679113418530351
            ]
        },
        "validation": {
            "cont_1": {
                "accuracy": [
                    0.9608626198083067
                ],
                "flatness": [
                    0.5665075592269327
                ]
            },
            "cont_2": {
                "accuracy": [
                    0.9141373801916933
                ],
                "flatness": [
                    0.6381955821319353
                ]
            },
            "cont_3": {
                "accuracy": [
                    0.8926717252396166
                ],
                "flatness": [
                    0.5467697964433509
                ]
            },
            "cont_4": {
                "accuracy": [
                    0.8913738019169329
                ],
                "flatness": [
                    0.6509877632168458
                ]
            },
            "cont_5": {
                "accuracy": [
                    0.895167731629393
                ],
                "flatness": [
                    0.5413178953825563
                ]
            }
        }
    },
    "cont_3": {
        "training": {
            "loss": [
                0.40972368404888115
            ],
            "accuracy": [
                0.8638178913738019
            ]
        },
        "validation": {
            "cont_1": {
                "accuracy": [
                    0.9447883386581469
                ],
                "flatness": [
                    0.5008975747648737
                ]
            },
            "cont_2": {
                "accuracy": [
                    0.9034544728434505
                ],
                "flatness": [
                    0.5454325063542933
                ]
            },
            "cont_3": {
                "accuracy": [
                    0.9077476038338658
                ],
                "flatness": [
                    0.5095028596568413
                ]
            },
            "cont_4": {
                "accuracy": [
                    0.8874800319488818
                ],
                "flatness": [
                    0.4912082348970638
                ]
            },
            "cont_5": {
                "accuracy": [
                    0.8922723642172524
                ],
                "flatness": [
                    0.6039267931073067
                ]
            }
        }
    },
    "cont_4": {
        "training": {
            "loss": [
                0.526846811841852
            ],
            "accuracy": [
                0.8220846645367412
            ]
        },
        "validation": {
            "cont_1": {
                "accuracy": [
                    0.9150359424920128
                ],
                "flatness": [
                    0.5167573649754501
                ]
            },
            "cont_2": {
                "accuracy": [
                    0.8793929712460063
                ],
                "flatness": [
                    0.5279298648955495
                ]
            },
            "cont_3": {
                "accuracy": [
                    0.8856829073482428
                ],
                "flatness": [
                    0.4282535790778943
                ]
            },
            "cont_4": {
                "accuracy": [
                    0.8850838658146964
                ],
                "flatness": [
                    0.38396785109983084
                ]
            },
            "cont_5": {
                "accuracy": [
                    0.8703075079872205
                ],
                "flatness": [
                    0.4017078696799358
                ]
            }
        }
    },
    "cont_5": {
        "training": {
            "loss": [
                0.6292897270034297
            ],
            "accuracy": [
                0.7859424920127795
            ]
        },
        "validation": {
            "cont_1": {
                "accuracy": [
                    0.8941693290734825
                ],
                "flatness": [
                    0.48294648838767307
                ]
            },