{
    "random_1": {
        "training": {
            "loss": [
                0.5349575512515851
            ],
            "accuracy": [
                0.836361821086262
            ]
        },
        "validation": {
            "random_1": {
                "accuracy": [
                    0.950479233226837
                ],
                "flatness": [
                    0.3425492384453781
                ]
            }
        }
    },
    "random_2": {
        "training": {
            "loss": [
                1.3003709091546056
            ],
            "accuracy": [
                0.6343849840255591
            ]
        },
        "validation": {
            "random_2": {
                "accuracy": [
                    0.8665135782747604
                ],
                "flatness": [
                    0.3701074432538311
                ]
            }
        }
    },
    "random_3": {
        "training": {
            "loss": [
                1.305568115779767
            ],
            "accuracy": [
                0.6370806709265175
            ]
        },
        "validation": {
            "random_3": {
                "accuracy": [
                    0.8572284345047924
                ],
                "flatness": [
                    0.34745879920801304
                ]
            }
        }
    },
    "random_4": {
        "training": {
            "loss": [
                1.3229600336795417
            ],
            "accuracy": [
                0.6294928115015974
            ]
        },
        "validation": {
            "random_4": {
                "accuracy": [
                    0.8693091054313099
                ],
                "flatness": [
                    0.3857679166188125
                ]
            }
        }
    },
    "random_5": {
        "training": {
            "loss": [
                1.3346302349346515
            ],
            "accuracy": [
                0.62689696485623
            ]
        },
        "validation": {
            "random_5": {
                "accuracy": [
                    0.8692092651757188
                ],
                "flatness": [
                    0.3004257121525385
                ]
            }
        }
    },
    "cont_1": {
        "training": {
            "loss": [
                0.34069821456322275
            ],
            "accuracy": [
                0.8957667731629393
            ]
        },
        "validation": {
            "cont_1": {
                "accuracy": [
                    0.8943690095846646
                ],
                "flatness": [
                    0.2871699877204733
                ]
            },
            "cont_2": {
                "accuracy": [
                    0.6101238019169329
                ],
                "flatness": [
                    0.30891527573228605
                ]
            },
            "cont_3": {
                "accuracy": [
                    0.6034345047923323
                ],
                "flatness": [
                    0.25634513567174055
                ]
            },
            "cont_4": {
                "accuracy": [
                    0.6051317891373802
                ],
                "flatness": [
                    0.2885476819006765
                ]
            },
            "cont_5": {
                "accuracy": [
                    0.6072284345047924
                ],
                "flatness": [
                    0.3152129233804669
                ]
            }
        }
    },
    "cont_2": {
        "training": {
            "loss": [
                1.429337512570829
            ],
            "accuracy": [
                0.6177116613418531
            ]
        },
        "validation": {
            "cont_1": {
                "accuracy": [
                    0.8710063897763578
                ],
                "flatness": [
                    0.3986946928014672
                ]
            },
            "cont_2": {
                "accuracy": [
                    0.8543330670926518
                ],
                "flatness": [
                    0.35960982236765215
                ]
            },
            "cont_3": {
                "accuracy": [
                    0.6864017571884984
                ],
                "flatness": [
                    0.47348363636363644
                ]
            },
            "cont_4": {
                "accuracy": [
                    0.6855031948881789
                ],
                "flatness": [
                    0.4088579595106321
                ]
            },
            "cont_5": {
                "accuracy": [
                    0.6750199680511182
                ],
                "flatness": [
                    0.4730762830942169
                ]
            }
        }
    },
    "cont_3": {
        "training": {
            "loss": [
                1.187583239314655
            ],
            "accuracy": [
                0.6643370607028753
            ]
        },
        "validation": {
            "cont_1": {
                "accuracy": [
                    0.8361621405750799
                ],
                "flatness": [
                    0.40503134328358215
                ]
            },
            "cont_2": {
                "accuracy": [
                    0.8056110223642172
                ],
                "flatness": [
                    0.4749403581608626
                ]
            },
            "cont_3": {
                "accuracy": [
                    0.8794928115015974
                ],
                "flatness": [
                    0.3901840447269838
                ]
            },
            "cont_4": {
                "accuracy": [
                    0.6997803514376997
                ],
                "flatness": [
                    0.4354044799543445
                ]
            },
            "cont_5": {
                "accuracy": [
                    0.6955870607028753
                ],
                "flatness": [
                    0.5166499210564088
                ]
            }
        }
    },
    "cont_4": {
        "training": {
            "loss": [
                1.0795194592338782
            ],
            "accuracy": [
                0.6840055910543131
            ]
        },
        "validation": {
            "cont_1": {
                "accuracy": [
                    0.8222843450479234
                ],
                "flatness": [
                    0.5308667739193783
                ]
            },
            "cont_2": {
                "accuracy": [
                    0.7822484025559105
                ],
                "flatness": [
                    0.49686502871729427
                ]
            },
            "cont_3": {
                "accuracy": [
                    0.8224840255591054
                ],
                "flatness": [
                    0.5086534959941733
                ]
            },
            "cont_4": {
                "accuracy": [
                    0.8825878594249201
                ],
                "flatness": [
                    0.49813560520361994
                ]
            },
            "cont_5": {
                "accuracy": [
                    0.7105630990415336
                ],
                "flatness": [
                    0.49586553323029364
                ]
            }
        }
    },
    "cont_5": {
        "training": {
            "loss": [
                1.0264738371577888
            ],
            "accuracy": [
                0.7001797124600639
            ]
        },
        "validation": {
            "cont_1": {
                "accuracy": [
                    0.8243809904153354
                ],
                "flatness": [
                    0.48805558919704495
                ]
            },