{
    "random_1": {
        "training": {
            "loss": [
                0.5247114472190539
            ],
            "accuracy": [
                0.8216666666666667
            ]
        },
        "validation": {
            "random_1": {
                "accuracy": [
                    0.9535833333333333
                ]
            }
        }
    },
    "random_2": {
        "training": {
            "loss": [
                0.5448553680181504
            ],
            "accuracy": [
                0.8193333333333334
            ]
        },
        "validation": {
            "random_2": {
                "accuracy": [
                    0.956
                ]
            }
        }
    },
    "random_3": {
        "training": {
            "loss": [
                0.5256751681764921
            ],
            "accuracy": [
                0.822
            ]
        },
        "validation": {
            "random_3": {
                "accuracy": [
                    0.9625833333333333
                ]
            }
        }
    },
    "random_4": {
        "training": {
            "loss": [
                0.5238500965237618
            ],
            "accuracy": [
                0.8226666666666667
            ]
        },
        "validation": {
            "random_4": {
                "accuracy": [
                    0.963
                ]
            }
        }
    },
    "random_5": {
        "training": {
            "loss": [
                0.5195803467929363
            ],
            "accuracy": [
                0.8235833333333333
            ]
        },
        "validation": {
            "random_5": {
                "accuracy": [
                    0.952
                ]
            }
        }
    },
    "cont_1": {
        "training": {
            "loss": [
                0.5316015783150991
            ],
            "accuracy": [
                0.8200833333333334
            ]
        },
        "validation": {
            "cont_1": {
                "accuracy": [
                    0.9456666666666667
                ]
            },
            "cont_2": {
                "accuracy": [
                    0.8850833333333333
                ]
            },
            "cont_3": {
                "accuracy": [
                    0.8801666666666667
                ]
            },
            "cont_4": {
                "accuracy": [
                    0.8864166666666666
                ]
            },
            "cont_5": {
                "accuracy": [
                    0.8764166666666666
                ]
            }
        }
    },
    "cont_2": {
        "training": {
            "loss": [
                0.35969836030403773
            ],
            "accuracy": [
                0.88475
            ]
        },
        "validation": {
            "cont_1": {
                "accuracy": [
                    0.9325833333333333
                ]
            },
            "cont_2": {
                "accuracy": [
                    0.96525
                ]
            },
            "cont_3": {
                "accuracy": [
                    0.9064166666666666
                ]
            },
            "cont_4": {
                "accuracy": [
                    0.91
                ]
            },
            "cont_5": {
                "accuracy": [
                    0.9053333333333333
                ]
            }
        }
    },
    "cont_3": {
        "training": {
            "loss": [
                0.3177693449854851
            ],
            "accuracy": [
                0.89475
            ]
        },
        "validation": {
            "cont_1": {
                "accuracy": [
                    0.9351666666666667
                ]
            },
            "cont_2": {
                "accuracy": [
                    0.952
                ]
            },
            "cont_3": {
                "accuracy": [
                    0.9735
                ]
            },
            "cont_4": {
                "accuracy": [
                    0.9171666666666667
                ]
            },
            "cont_5": {
                "accuracy": [
                    0.9158333333333334
                ]
            }
        }
    },
    "cont_4": {
        "training": {
            "loss": [
                0.2823185307284196
            ],
            "accuracy": [
                0.9100833333333334
            ]
        },
        "validation": {
            "cont_1": {
                "accuracy": [
                    0.9316666666666666
                ]
            },
            "cont_2": {
                "accuracy": [
                    0.93825
                ]
            },
            "cont_3": {
                "accuracy": [
                    0.94875
                ]
            },
            "cont_4": {
                "accuracy": [
                    0.97
                ]
            },
            "cont_5": {
                "accuracy": [
                    0.9171666666666667
                ]
            }
        }
    },
    "cont_5": {
        "training": {
            "loss": [
                0.27381760922074316
            ],
            "accuracy": [
                0.9086666666666666
            ]
        },
        "validation": {
            "cont_1": {
                "accuracy": [
                    0.9396666666666667
                ]
            },
            "cont_2": {
                "accuracy": [
                    0.9509166666666666
                ]
            },
            "cont_3": {
                "accuracy": [
                    0.95925
                ]
            },
            "cont_4": {
                "accuracy": [
                    0.9674166666666667
                ]
            },
            "cont_5": {
                "accuracy": [
                    0.9818333333333333
                ]
            }
        }
    },
    "training_metrics": {
        "training": {},
        "validation": {
            "cont_1": {
                "accuracy": [
                    0.9396666666666667
                ],
                "flatness": [
                    0.7438948115233099
                ]
            },
            "cont_2": {
                "accuracy": [
                    0.9509166666666666
                ],
                "flatness": [
                    0.8156949204138206
                ]
            },
            "cont_3": {
                "accuracy": [
                    0.95925
                ],
                "flatness": [
                    0.8080943171062918
                ]
            },
            "cont_4": {
                "accuracy": [
                    0.9674166666666667
                ],
                "flatness": [
                    0.6933141709472233
                ]
            },
            "cont_5": {
                "accuracy": [
                    0.9818333333333333
                ],
                "flatness": [
                    0.7824714774544578
                ]
            }
        }
    }
}