{
    "random_1": {
        "training": {
            "loss": [
                0.779275675298302
            ],
            "accuracy": [
                0.7615445859872612
            ]
        },
        "validation": {
            "random_1": {
                "accuracy": [
                    0.9386942675159236
                ],
                "flatness": [
                    0.3832617688446959
                ]
            }
        }
    },
    "random_2": {
        "training": {
            "loss": [
                0.6524638645588212
            ],
            "accuracy": [
                0.803343949044586
            ]
        },
        "validation": {
            "random_2": {
                "accuracy": [
                    0.9546178343949044
                ],
                "flatness": [
                    0.45338824039528625
                ]
            }
        }
    },
    "random_3": {
        "training": {
            "loss": [
                0.5629090580401147
            ],
            "accuracy": [
                0.825437898089172
            ]
        },
        "validation": {
            "random_3": {
                "accuracy": [
                    0.9544187898089171
                ],
                "flatness": [
                    0.36532377511666897
                ]
            }
        }
    },
    "random_4": {
        "training": {
            "loss": [
                0.4781282238519875
            ],
            "accuracy": [
                0.8505175159235668
            ]
        },
        "validation": {
            "random_4": {
                "accuracy": [
                    0.9688495222929936
                ],
                "flatness": [
                    0.42471443307540574
                ]
            }
        }
    },
    "random_5": {
        "training": {
            "loss": [
                0.3687182521554315
            ],
            "accuracy": [
                0.8875398089171974
            ]
        },
        "validation": {
            "random_5": {
                "accuracy": [
                    0.9671576433121019
                ],
                "flatness": [
                    0.38995549515039984
                ]
            }
        }
    },
    "cont_1": {
        "training": {
            "loss": [
                0.764042370828094
            ],
            "accuracy": [
                0.7687101910828026
            ]
        },
        "validation": {
            "cont_1": {
                "accuracy": [
                    0.9408837579617835
                ],
                "flatness": [
                    0.45311455531934364
                ]
            },
            "cont_2": {
                "accuracy": [
                    0.8146894904458599
                ],
                "flatness": [
                    0.47688797943142963
                ]
            },
            "cont_3": {
                "accuracy": [
                    0.8192675159235668
                ],
                "flatness": [
                    0.44318361318551647
                ]
            },
            "cont_4": {
                "accuracy": [
                    0.8343949044585988
                ],
                "flatness": [
                    0.4958215058731441
                ]
            },
            "cont_5": {
                "accuracy": [
                    0.8672372611464968
                ],
                "flatness": [
                    0.4131744900577682
                ]
            }
        }
    },
    "cont_2": {
        "training": {
            "loss": [
                0.6011048071323686
            ],
            "accuracy": [
                0.8163813694267515
            ]
        },
        "validation": {
            "cont_1": {
                "accuracy": [
                    0.8734076433121019
                ],
                "flatness": [
                    0.34460033087319647
                ]
            },
            "cont_2": {
                "accuracy": [
                    0.9468550955414012
                ],
                "flatness": [
                    0.39613044025744115
                ]
            },
            "cont_3": {
                "accuracy": [
                    0.8121019108280255
                ],
                "flatness": [
                    0.39413541694189985
                ]
            },
            "cont_4": {
                "accuracy": [
                    0.8105095541401274
                ],
                "flatness": [
                    0.4221881148681659
                ]
            },
            "cont_5": {
                "accuracy": [
                    0.8385748407643312
                ],
                "flatness": [
                    0.35383693392362214
                ]
            }
        }
    },
    "cont_3": {
        "training": {
            "loss": [
                0.721148769756791
            ],
            "accuracy": [
                0.7791600318471338
            ]
        },
        "validation": {
            "cont_1": {
                "accuracy": [
                    0.8459394904458599
                ],
                "flatness": [
                    0.4684141183516558
                ]
            },
            "cont_2": {
                "accuracy": [
                    0.89171974522293
                ],
                "flatness": [
                    0.5194054136984051
                ]
            },
            "cont_3": {
                "accuracy": [
                    0.9399880573248408
                ],
                "flatness": [
                    0.43089809486385117
                ]
            },
            "cont_4": {
                "accuracy": [
                    0.7997611464968153
                ],
                "flatness": [
                    0.45321148702491876
                ]
            },
            "cont_5": {
                "accuracy": [
                    0.8255374203821656
                ],
                "flatness": [
                    0.4342814954179392
                ]
            }
        }
    },
    "cont_4": {
        "training": {
            "loss": [
                0.6819015885614286
            ],
            "accuracy": [
                0.7889132165605095
            ]
        },
        "validation": {
            "cont_1": {
                "accuracy": [
                    0.8315087579617835
                ],
                "flatness": [
                    0.4020365054003854
                ]
            },
            "cont_2": {
                "accuracy": [
                    0.85828025477707
                ],
                "flatness": [
                    0.42827284409628297
                ]
            },
            "cont_3": {
                "accuracy": [
                    0.8882364649681529
                ],
                "flatness": [
                    0.37424929992958944
                ]
            },
            "cont_4": {
                "accuracy": [
                    0.9521297770700637
                ],
                "flatness": [
                    0.4176081850098332
                ]
            },
            "cont_5": {
                "accuracy": [
                    0.8203622611464968
                ],
                "flatness": [
                    0.4733046227847577
                ]
            }
        }
    },
    "cont_5": {
        "training": {
            "loss": [
                0.6221080249661852
            ],
            "accuracy": [
                0.8084195859872612
            ]
        },
        "validation": {
            "cont_1": {
                "accuracy": [
                    0.8286226114649682
                ],
                "flatness": [
                    0.44567559501771425
                ]
            },