{
    "joint_training": {
        "training": {
            "loss": [
                2.6739568545867183
            ],
            "accuracy": [
                0.33741631162507607
            ]
        },
        "validation": {
            "cont_1": {
                "accuracy": [
                    0.49056990175653425
                ],
                "flatness": [
                    0.4438431921413589
                ]
            },
            "cont_2": {
                "accuracy": [
                    0.4758981511027044
                ],
                "flatness": [
                    0.4682082583453263
                ]
            },
            "cont_3": {
                "accuracy": [
                    0.49056990175653425
                ],
                "flatness": [
                    0.48333807330064654
                ]
            },
            "cont_4": {
                "accuracy": [
                    0.4905113902464358
                ],
                "flatness": [
                    0.3302392449090895
                ]
            },
            "cont_5": {
                "accuracy": [
                    0.4854696521169032
                ],
                "flatness": [
                    0.49822887808642
                ]
            },
            "cont_6": {
                "accuracy": [
                    0.4853916367701053
                ],
                "flatness": [
                    0.42542966224861223
                ]
            },
            "cont_7": {
                "accuracy": [
                    0.4884001014198783
                ],
                "flatness": [
                    0.48082163123997834
                ]
            },
            "cont_8": {
                "accuracy": [
                    0.494343891467816
                ],
                "flatness": [
                    0.33282049324510515
                ]
            },
            "cont_9": {
                "accuracy": [
                    0.48915099861897515
                ],
                "flatness": [
                    0.4848252961980637
                ]
            },
            "cont_10": {
                "accuracy": [
                    0.4943097597687046
                ],
                "flatness": [
                    0.3498705843645165
                ]
            }
        }
    }
}