{
    "random_1": {
        "training": {
            "loss": [
                0.22344409575379348
            ],
            "accuracy": [
                0.9244462025316456
            ]
        },
        "validation": {
            "random_1": {
                "accuracy": [
                    0.9918908227848101
                ]
            }
        }
    },
    "random_2": {
        "training": {
            "loss": [
                0.1862243638857256
            ],
            "accuracy": [
                0.9388844936708861
            ]
        },
        "validation": {
            "random_2": {
                "accuracy": [
                    0.9855617088607594
                ]
            }
        }
    },
    "random_3": {
        "training": {
            "loss": [
                0.1729408398836474
            ],
            "accuracy": [
                0.9412579113924051
            ]
        },
        "validation": {
            "random_3": {
                "accuracy": [
                    0.9877373417721519
                ]
            }
        }
    },
    "random_4": {
        "training": {
            "loss": [
                0.18629962559553642
            ],
            "accuracy": [
                0.9363132911392406
            ]
        },
        "validation": {
            "random_4": {
                "accuracy": [
                    0.9918908227848101
                ]
            }
        }
    },
    "random_5": {
        "training": {
            "loss": [
                0.13667081110179424
            ],
            "accuracy": [
                0.9543117088607594
            ]
        },
        "validation": {
            "random_5": {
                "accuracy": [
                    0.9954509493670886
                ]
            }
        }
    },
    "random_6": {
        "training": {
            "loss": [
                0.14804889950193936
            ],
            "accuracy": [
                0.9497626582278481
            ]
        },
        "validation": {
            "random_6": {
                "accuracy": [
                    0.9924841772151899
                ]
            }
        }
    },
    "random_7": {
        "training": {
            "loss": [
                0.13335174857344054
            ],
            "accuracy": [
                0.9543117088607594
            ]
        },
        "validation": {
            "random_7": {
                "accuracy": [
                    0.9960443037974683
                ]
            }
        }
    },
    "random_8": {
        "training": {
            "loss": [
                0.10961410417398319
            ],
            "accuracy": [
                0.9642009493670886
            ]
        },
        "validation": {
            "random_8": {
                "accuracy": [
                    0.986748417721519
                ]
            }
        }
    },
    "random_9": {
        "training": {
            "loss": [
                0.09123416930507822
            ],
            "accuracy": [
                0.9695411392405063
            ]
        },
        "validation": {
            "random_9": {
                "accuracy": [
                    0.9954509493670886
                ]
            }
        }
    },
    "random_10": {
        "training": {
            "loss": [
                0.08247598598982338
            ],
            "accuracy": [
                0.9727056962025317
            ]
        },
        "validation": {
            "random_10": {
                "accuracy": [
                    0.9946598101265823
                ]
            }
        }
    },
    "cont_1": {
        "training": {
            "loss": [
                0.2114663609315323
            ],
            "accuracy": [
                0.9276107594936709
            ]
        },
        "validation": {
            "cont_1": {
                "accuracy": [
                    0.9924841772151899
                ]
            },
            "cont_2": {
                "accuracy": [
                    0.946993670886076
                ]
            },
            "cont_3": {
                "accuracy": [
                    0.9515427215189873
                ]
            },
            "cont_4": {
                "accuracy": [
                    0.946993670886076
                ]
            },
            "cont_5": {
                "accuracy": [
                    0.9517405063291139
                ]
            },
            "cont_6": {
                "accuracy": [
                    0.9525316455696202
                ]
            },
            "cont_7": {
                "accuracy": [
                    0.9655854430379747
                ]
            },
            "cont_8": {
                "accuracy": [
                    0.9697389240506329
                ]
            },
            "cont_9": {
                "accuracy": [
                    0.9729034810126582
                ]
            },
            "cont_10": {
                "accuracy": [
                    0.9774525316455697
                ]
            }
        }
    },
    "cont_2": {
        "training": {
            "loss": [
                0.18533223419438435
            ],
            "accuracy": [
                0.9375
            ]
        },
        "validation": {
            "cont_1": {
                "accuracy": [
                    0.978243670886076
                ]
            },
            "cont_2": {
                "accuracy": [
                    0.992879746835443
                ]
            },
            "cont_3": {
                "accuracy": [
                    0.9537183544303798
                ]
            },
            "cont_4": {
                "accuracy": [
                    0.9471914556962026
                ]
            },
            "cont_5": {
                "accuracy": [
                    0.9588607594936709
                ]
            },
            "cont_6": {
                "accuracy": [
                    0.9513449367088608
                ]
            },
            "cont_7": {
                "accuracy": [
                    0.9606408227848101
                ]
            },
            "cont_8": {
                "accuracy": [
                    0.9647943037974683
                ]
            },
            "cont_9": {
                "accuracy": [
                    0.9665743670886076
                ]
            },
            "cont_10": {
                "accuracy": [
                    0.9707278481012658
                ]
            }
        }
    },
    "cont_3": {
        "training": {
            "loss": [
                0.16626070984462393
            ],
            "accuracy": [
                0.9444224683544303
            ]
        },
        "validation": {
            "cont_1": {
                "accuracy": [
                    0.9695411392405063
                ]
            },
            "cont_2": {
                "accuracy": [
                    0.9764636075949367
                ]
            },
            "cont_3": {
                "accuracy": [
                    0.9909018987341772
                ]
            },
            "cont_4": {
                "accuracy": [
                    0.9382911392405063
                ]
            },
            "cont_5": {
                "accuracy": [
                    0.9481803797468354
                ]
            },
            "cont_6": {
                "accuracy": [
                    0.9465981012658228
                ]
            },
            "cont_7": {
                "accuracy": [
                    0.9519382911392406
                ]
            },
            "cont_8": {
                "accuracy": [
                    0.9610363924050633
                ]
            },