{
    "random_1": {
        "training": {
            "loss": [
                0.06550888165454322
            ],
            "accuracy": [
                0.9780458860759493
            ]
        },
        "validation": {
            "random_1": {
                "accuracy": [
                    0.9950553797468354
                ]
            }
        }
    },
    "random_2": {
        "training": {
            "loss": [
                0.06553870962956283
            ],
            "accuracy": [
                0.9784414556962026
            ]
        },
        "validation": {
            "random_2": {
                "accuracy": [
                    0.9942642405063291
                ]
            }
        }
    },
    "random_3": {
        "training": {
            "loss": [
                0.09045486811760671
            ],
            "accuracy": [
                0.9703322784810127
            ]
        },
        "validation": {
            "random_3": {
                "accuracy": [
                    0.9950553797468354
                ]
            }
        }
    },
    "random_4": {
        "training": {
            "loss": [
                0.09056712468331561
            ],
            "accuracy": [
                0.9677610759493671
            ]
        },
        "validation": {
            "random_4": {
                "accuracy": [
                    0.9926819620253164
                ]
            }
        }
    },
    "random_5": {
        "training": {
            "loss": [
                0.1867314790894242
            ],
            "accuracy": [
                0.9396756329113924
            ]
        },
        "validation": {
            "random_5": {
                "accuracy": [
                    0.9920886075949367
                ]
            }
        }
    },
    "random_6": {
        "training": {
            "loss": [
                0.18533015405004727
            ],
            "accuracy": [
                0.9402689873417721
            ]
        },
        "validation": {
            "random_6": {
                "accuracy": [
                    0.990506329113924
                ]
            }
        }
    },
    "random_7": {
        "training": {
            "loss": [
                0.15602751089189248
            ],
            "accuracy": [
                0.9467958860759493
            ]
        },
        "validation": {
            "random_7": {
                "accuracy": [
                    0.9879351265822784
                ]
            }
        }
    },
    "random_8": {
        "training": {
            "loss": [
                0.15948161156258628
            ],
            "accuracy": [
                0.9513449367088608
            ]
        },
        "validation": {
            "random_8": {
                "accuracy": [
                    0.992879746835443
                ]
            }
        }
    },
    "random_9": {
        "training": {
            "loss": [
                0.16556169000701815
            ],
            "accuracy": [
                0.9515427215189873
            ]
        },
        "validation": {
            "random_9": {
                "accuracy": [
                    0.9962420886075949
                ]
            }
        }
    },
    "random_10": {
        "training": {
            "loss": [
                0.15384301078753382
            ],
            "accuracy": [
                0.9505537974683544
            ]
        },
        "validation": {
            "random_10": {
                "accuracy": [
                    0.9912974683544303
                ]
            }
        }
    },
    "cont_1": {
        "training": {
            "loss": [
                0.05519018778312197
            ],
            "accuracy": [
                0.9806170886075949
            ]
        },
        "validation": {
            "cont_1": {
                "accuracy": [
                    0.9821993670886076
                ]
            },
            "cont_2": {
                "accuracy": [
                    0.9715189873417721
                ]
            },
            "cont_3": {
                "accuracy": [
                    0.9497626582278481
                ]
            },
            "cont_4": {
                "accuracy": [
                    0.9543117088607594
                ]
            },
            "cont_5": {
                "accuracy": [
                    0.9238528481012658
                ]
            },
            "cont_6": {
                "accuracy": [
                    0.9297863924050633
                ]
            },
            "cont_7": {
                "accuracy": [
                    0.9335443037974683
                ]
            },
            "cont_8": {
                "accuracy": [
                    0.9369066455696202
                ]
            },
            "cont_9": {
                "accuracy": [
                    0.9388844936708861
                ]
            },
            "cont_10": {
                "accuracy": [
                    0.9339398734177216
                ]
            }
        }
    },
    "cont_2": {
        "training": {
            "loss": [
                0.13787645617237645
            ],
            "accuracy": [
                0.955498417721519
            ]
        },
        "validation": {
            "cont_1": {
                "accuracy": [
                    0.0959256329113924
                ]
            },
            "cont_2": {
                "accuracy": [
                    0.0925632911392405
                ]
            },
            "cont_3": {
                "accuracy": [
                    0.09909018987341772
                ]
            },
            "cont_4": {
                "accuracy": [
                    0.10561708860759493
                ]
            },
            "cont_5": {
                "accuracy": [
                    0.10522151898734178
                ]
            },
            "cont_6": {
                "accuracy": [
                    0.09335443037974683
                ]
            },
            "cont_7": {
                "accuracy": [
                    0.09988132911392406
                ]
            },
            "cont_8": {
                "accuracy": [
                    0.10779272151898735
                ]
            },
            "cont_9": {
                "accuracy": [
                    0.09770569620253164
                ]
            },
            "cont_10": {
                "accuracy": [
                    0.10284810126582279
                ]
            }
        }
    },
    "cont_3": {
        "training": {
            "loss": [
                0.16077859605414957
            ],
            "accuracy": [
                0.9456091772151899
            ]
        },
        "validation": {
            "cont_1": {
                "accuracy": [
                    0.9742879746835443
                ]
            },
            "cont_2": {
                "accuracy": [
                    0.9814082278481012
                ]
            },
            "cont_3": {
                "accuracy": [
                    0.9918908227848101
                ]
            },
            "cont_4": {
                "accuracy": [
                    0.955498417721519
                ]
            },
            "cont_5": {
                "accuracy": [
                    0.9359177215189873
                ]
            },
            "cont_6": {
                "accuracy": [
                    0.9420490506329114
                ]
            },
            "cont_7": {
                "accuracy": [
                    0.9416534810126582
                ]
            },
            "cont_8": {
                "accuracy": [
                    0.9355221518987342
                ]
            },