{
    "random_1": {
        "training": {
            "loss": [
                0.18642230561157813
            ],
            "accuracy": [
                0.9330071884984026
            ]
        },
        "validation": {
            "random_1": {
                "accuracy": [
                    0.9860223642172524
                ],
                "flatness": [
                    0.5847357229647631
                ]
            }
        }
    },
    "random_2": {
        "training": {
            "loss": [
                0.39934074069364384
            ],
            "accuracy": [
                0.8648162939297125
            ]
        },
        "validation": {
            "random_2": {
                "accuracy": [
                    0.9674520766773163
                ],
                "flatness": [
                    0.6242234262125904
                ]
            }
        }
    },
    "random_3": {
        "training": {
            "loss": [
                0.39540103115974523
            ],
            "accuracy": [
                0.8745007987220448
            ]
        },
        "validation": {
            "random_3": {
                "accuracy": [
                    0.9666533546325878
                ],
                "flatness": [
                    0.5134095486469737
                ]
            }
        }
    },
    "random_4": {
        "training": {
            "loss": [
                0.39592759150523726
            ],
            "accuracy": [
                0.8697084664536742
            ]
        },
        "validation": {
            "random_4": {
                "accuracy": [
                    0.9663538338658147
                ],
                "flatness": [
                    0.6245286186589523
                ]
            }
        }
    },
    "random_5": {
        "training": {
            "loss": [
                0.3926752376646851
            ],
            "accuracy": [
                0.8688099041533547
            ]
        },
        "validation": {
            "random_5": {
                "accuracy": [
                    0.9627595846645367
                ],
                "flatness": [
                    0.6094135642434927
                ]
            }
        }
    },
    "cont_1": {
        "training": {
            "loss": [
                0.1317282509885895
            ],
            "accuracy": [
                0.9565694888178914
            ]
        },
        "validation": {
            "cont_1": {
                "accuracy": [
                    0.9672523961661342
                ],
                "flatness": [
                    0.5417649411643269
                ]
            },
            "cont_2": {
                "accuracy": [
                    0.8719049520766773
                ],
                "flatness": [
                    0.5649447497996107
                ]
            },
            "cont_3": {
                "accuracy": [
                    0.8798921725239617
                ],
                "flatness": [
                    0.6299600022693748
                ]
            },
            "cont_4": {
                "accuracy": [
                    0.8717052715654952
                ],
                "flatness": [
                    0.63475618485855
                ]
            },
            "cont_5": {
                "accuracy": [
                    0.8753993610223643
                ],
                "flatness": [
                    0.6343087078010948
                ]
            }
        }
    },
    "cont_2": {
        "training": {
            "loss": [
                0.3871578208554667
            ],
            "accuracy": [
                0.8770966453674122
            ]
        },
        "validation": {
            "cont_1": {
                "accuracy": [
                    0.9561701277955271
                ],
                "flatness": [
                    0.6223967578573667
                ]
            },
            "cont_2": {
                "accuracy": [
                    0.9610623003194888
                ],
                "flatness": [
                    0.746650997298982
                ]
            },
            "cont_3": {
                "accuracy": [
                    0.8987619808306709
                ],
                "flatness": [
                    0.5756616585203288
                ]
            },
            "cont_4": {
                "accuracy": [
                    0.8975638977635783
                ],
                "flatness": [
                    0.5625034760845383
                ]
            },
            "cont_5": {
                "accuracy": [
                    0.900658945686901
                ],
                "flatness": [
                    0.6804913535084801
                ]
            }
        }
    },
    "cont_3": {
        "training": {
            "loss": [
                0.334920519213088
            ],
            "accuracy": [
                0.8911741214057508
            ]
        },
        "validation": {
            "cont_1": {
                "accuracy": [
                    0.9501797124600639
                ],
                "flatness": [
                    0.6505759430492801
                ]
            },
            "cont_2": {
                "accuracy": [
                    0.9432907348242812
                ],
                "flatness": [
                    0.5944531911515665
                ]
            },
            "cont_3": {
                "accuracy": [
                    0.9671525559105432
                ],
                "flatness": [
                    0.587056751316197
                ]
            },
            "cont_4": {
                "accuracy": [
                    0.902555910543131
                ],
                "flatness": [
                    0.5933669800884955
                ]
            },
            "cont_5": {
                "accuracy": [
                    0.9077476038338658
                ],
                "flatness": [
                    0.6093378794544655
                ]
            }
        }
    },
    "cont_4": {
        "training": {
            "loss": [
                0.29871382508367395
            ],
            "accuracy": [
                0.8993610223642172
            ]
        },
        "validation": {
            "cont_1": {
                "accuracy": [
                    0.9464856230031949
                ],
                "flatness": [
                    0.7694996044303798
                ]
            },
            "cont_2": {
                "accuracy": [
                    0.9318091054313099
                ],
                "flatness": [
                    0.7744930622522233
                ]
            },
            "cont_3": {
                "accuracy": [
                    0.950479233226837
                ],
                "flatness": [
                    0.7857878151260504
                ]
            },
            "cont_4": {
                "accuracy": [
                    0.9708466453674122
                ],
                "flatness": [
                    0.6785717040312629
                ]
            },
            "cont_5": {
                "accuracy": [
                    0.9126397763578274
                ],
                "flatness": [
                    0.8145156438026474
                ]
            }
        }
    },
    "cont_5": {
        "training": {
            "loss": [
                0.293247023353371
            ],
            "accuracy": [
                0.9035543130990416
            ]
        },
        "validation": {
            "cont_1": {
                "accuracy": [
                    0.9462859424920128
                ],
                "flatness": [
                    0.7772987444608568
                ]
            },