{
    "random_1": {
        "training": {
            "loss": [
                0.7774039816324878
            ],
            "accuracy": [
                0.7633359872611465
            ]
        },
        "validation": {
            "random_1": {
                "accuracy": [
                    0.9423765923566879
                ],
                "flatness": [
                    0.4912778551569206
                ]
            }
        }
    },
    "random_2": {
        "training": {
            "loss": [
                0.6332143095268565
            ],
            "accuracy": [
                0.8007563694267515
            ]
        },
        "validation": {
            "random_2": {
                "accuracy": [
                    0.9470541401273885
                ],
                "flatness": [
                    0.36111154936351114
                ]
            }
        }
    },
    "random_3": {
        "training": {
            "loss": [
                0.5560384547444666
            ],
            "accuracy": [
                0.8266321656050956
            ]
        },
        "validation": {
            "random_3": {
                "accuracy": [
                    0.9583996815286624
                ],
                "flatness": [
                    0.43835280373831775
                ]
            }
        }
    },
    "random_4": {
        "training": {
            "loss": [
                0.48680071428323246
            ],
            "accuracy": [
                0.8504179936305732
            ]
        },
        "validation": {
            "random_4": {
                "accuracy": [
                    0.9606886942675159
                ],
                "flatness": [
                    0.42706179511395187
                ]
            }
        }
    },
    "random_5": {
        "training": {
            "loss": [
                0.38922126638661525
            ],
            "accuracy": [
                0.8748009554140127
            ]
        },
        "validation": {
            "random_5": {
                "accuracy": [
                    0.9662619426751592
                ],
                "flatness": [
                    0.42839865046655473
                ]
            }
        }
    },
    "cont_1": {
        "training": {
            "loss": [
                0.7418821605907124
            ],
            "accuracy": [
                0.775577229299363
            ]
        },
        "validation": {
            "cont_1": {
                "accuracy": [
                    0.9354100318471338
                ],
                "flatness": [
                    0.460693691535026
                ]
            },
            "cont_2": {
                "accuracy": [
                    0.8085191082802548
                ],
                "flatness": [
                    0.4161736834216506
                ]
            },
            "cont_3": {
                "accuracy": [
                    0.8230493630573248
                ],
                "flatness": [
                    0.5063582236677444
                ]
            },
            "cont_4": {
                "accuracy": [
                    0.8363853503184714
                ],
                "flatness": [
                    0.5090263572095519
                ]
            },
            "cont_5": {
                "accuracy": [
                    0.8560907643312102
                ],
                "flatness": [
                    0.47098174877871857
                ]
            }
        }
    },
    "cont_2": {
        "training": {
            "loss": [
                0.5739540974995133
            ],
            "accuracy": [
                0.8226512738853503
            ]
        },
        "validation": {
            "cont_1": {
                "accuracy": [
                    0.8830613057324841
                ],
                "flatness": [
                    0.4712831063051846
                ]
            },
            "cont_2": {
                "accuracy": [
                    0.9502388535031847
                ],
                "flatness": [
                    0.43989762289158507
                ]
            },
            "cont_3": {
                "accuracy": [
                    0.8201632165605095
                ],
                "flatness": [
                    0.49499484363103896
                ]
            },
            "cont_4": {
                "accuracy": [
                    0.8221536624203821
                ],
                "flatness": [
                    0.476359399769673
                ]
            },
            "cont_5": {
                "accuracy": [
                    0.8439490445859873
                ],
                "flatness": [
                    0.5351052487008976
                ]
            }
        }
    },
    "cont_3": {
        "training": {
            "loss": [
                0.7377689495967452
            ],
            "accuracy": [
                0.7799562101910829
            ]
        },
        "validation": {
            "cont_1": {
                "accuracy": [
                    0.8562898089171974
                ],
                "flatness": [
                    0.43310030244606035
                ]
            },
            "cont_2": {
                "accuracy": [
                    0.8963972929936306
                ],
                "flatness": [
                    0.464053792160439
                ]
            },
            "cont_3": {
                "accuracy": [
                    0.9395899681528662
                ],
                "flatness": [
                    0.42750529652492386
                ]
            },
            "cont_4": {
                "accuracy": [
                    0.8125995222929936
                ],
                "flatness": [
                    0.5023423149873345
                ]
            },
            "cont_5": {
                "accuracy": [
                    0.8219546178343949
                ],
                "flatness": [
                    0.49443879476801966
                ]
            }
        }
    },
    "cont_4": {
        "training": {
            "loss": [
                0.6571252203671036
            ],
            "accuracy": [
                0.800656847133758
            ]
        },
        "validation": {
            "cont_1": {
                "accuracy": [
                    0.8333996815286624
                ],
                "flatness": [
                    0.4451833060057089
                ]
            },
            "cont_2": {
                "accuracy": [
                    0.852906050955414
                ],
                "flatness": [
                    0.44008547327760494
                ]
            },
            "cont_3": {
                "accuracy": [
                    0.880672770700637
                ],
                "flatness": [
                    0.44634732788923104
                ]
            },
            "cont_4": {
                "accuracy": [
                    0.9484474522292994
                ],
                "flatness": [
                    0.3823271253401685
                ]
            },
            "cont_5": {
                "accuracy": [
                    0.8085191082802548
                ],
                "flatness": [
                    0.29891648262753856
                ]
            }
        }
    },
    "cont_5": {
        "training": {
            "loss": [
                0.6509003274759669
            ],
            "accuracy": [
                0.7975716560509554
            ]
        },
        "validation": {
            "cont_1": {
                "accuracy": [
                    0.8427547770700637
                ],
                "flatness": [
                    0.5174158606796146
                ]
            },