{
    "random_1": {
        "training": {
            "loss": [
                1.5948236051400502,
                0.9007424335082372
            ],
            "accuracy": [
                0.43266666666666664,
                0.6463333333333333
            ]
        },
        "validation": {
            "random_1": {
                "accuracy": [
                    0.7556666666666667
                ]
            }
        }
    },
    "random_2": {
        "training": {
            "loss": [
                1.6102886924743651,
                0.9137232072154681
            ],
            "accuracy": [
                0.43191666666666667,
                0.64175
            ]
        },
        "validation": {
            "random_2": {
                "accuracy": [
                    0.7711666666666667
                ]
            }
        }
    },
    "random_3": {
        "training": {
            "loss": [
                1.615788395325343,
                0.9074715428153673
            ],
            "accuracy": [
                0.43433333333333335,
                0.64825
            ]
        },
        "validation": {
            "random_3": {
                "accuracy": [
                    0.7088333333333333
                ]
            }
        }
    },
    "random_4": {
        "training": {
            "loss": [
                1.6256942642132441,
                0.9192189308007558
            ],
            "accuracy": [
                0.42691666666666667,
                0.6374166666666666
            ]
        },
        "validation": {
            "random_4": {
                "accuracy": [
                    0.7308333333333333
                ]
            }
        }
    },
    "random_5": {
        "training": {
            "loss": [
                1.6040042634805043,
                0.8981904540856679
            ],
            "accuracy": [
                0.43283333333333335,
                0.6488333333333334
            ]
        },
        "validation": {
            "random_5": {
                "accuracy": [
                    0.7621666666666667
                ]
            }
        }
    },
    "cont_1": {
        "training": {
            "loss": [
                1.6250271197557449,
                0.9182148059805234
            ],
            "accuracy": [
                0.4325,
                0.64125
            ]
        },
        "validation": {
            "cont_1": {
                "accuracy": [
                    0.7590833333333333
                ]
            },
            "cont_2": {
                "accuracy": [
                    0.5894166666666667
                ]
            },
            "cont_3": {
                "accuracy": [
                    0.5969166666666667
                ]
            },
            "cont_4": {
                "accuracy": [
                    0.5814166666666667
                ]
            },
            "cont_5": {
                "accuracy": [
                    0.5858333333333333
                ]
            }
        }
    },
    "cont_2": {
        "training": {
            "loss": [
                1.3803157786925633,
                1.0380046693881353
            ],
            "accuracy": [
                0.611,
                0.7305833333333334
            ]
        },
        "validation": {
            "cont_1": {
                "accuracy": [
                    0.7350833333333333
                ]
            },
            "cont_2": {
                "accuracy": [
                    0.8170833333333334
                ]
            },
            "cont_3": {
                "accuracy": [
                    0.655
                ]
            },
            "cont_4": {
                "accuracy": [
                    0.64725
                ]
            },
            "cont_5": {
                "accuracy": [
                    0.6523333333333333
                ]
            }
        }
    },
    "cont_3": {
        "training": {
            "loss": [
                1.213788895646731,
                0.9149445171356201
            ],
            "accuracy": [
                0.6556666666666666,
                0.7539166666666667
            ]
        },
        "validation": {
            "cont_1": {
                "accuracy": [
                    0.7315833333333334
                ]
            },
            "cont_2": {
                "accuracy": [
                    0.7688333333333334
                ]
            },
            "cont_3": {
                "accuracy": [
                    0.8476666666666667
                ]
            },
            "cont_4": {
                "accuracy": [
                    0.6713333333333333
                ]
            },
            "cont_5": {
                "accuracy": [
                    0.6823333333333333
                ]
            }
        }
    },
    "cont_4": {
        "training": {
            "loss": [
                1.154813927690188,
                0.8494375609159469
            ],
            "accuracy": [
                0.67125,
                0.7811666666666667
            ]
        },
        "validation": {
            "cont_1": {
                "accuracy": [
                    0.7250833333333333
                ]
            },
            "cont_2": {
                "accuracy": [
                    0.7440833333333333
                ]
            },
            "cont_3": {
                "accuracy": [
                    0.7809166666666667
                ]
            },
            "cont_4": {
                "accuracy": [
                    0.8461666666666666
                ]
            },
            "cont_5": {
                "accuracy": [
                    0.6879166666666666
                ]
            }
        }
    },
    "cont_5": {
        "training": {
            "loss": [
                1.0679305364290874,
                0.7975071773926417
            ],
            "accuracy": [
                0.6894166666666667,
                0.7904166666666667
            ]
        },
        "validation": {
            "cont_1": {
                "accuracy": [
                    0.7376666666666667
                ]
            },
            "cont_2": {
                "accuracy": [
                    0.7525833333333334
                ]
            },
            "cont_3": {
                "accuracy": [
                    0.775
                ]
            },
            "cont_4": {
                "accuracy": [
                    0.80325
                ]
            },
            "cont_5": {
                "accuracy": [
                    0.8791666666666667
                ]
            }
        }
    },
    "training_metrics": {
        "training": {},
        "validation": {
            "cont_1": {
                "accuracy": [
                    0.7376666666666667
                ],
                "flatness": [
                    0.15906009941256213
                ]
            },
            "cont_2": {
                "accuracy": [
                    0.7525833333333334
                ],
                "flatness": [
                    0.2695161111726276
                ]
            },
            "cont_3": {
                "accuracy": [
                    0.775
                ],
                "flatness": [
                    0.20924731182795697
                ]
            },
            "cont_4": {
                "accuracy": [
                    0.80325
                ],
                "flatness": [
                    0.302935989210499
                ]
            },
            "cont_5": {
                "accuracy": [
                    0.8791666666666667
                ],
                "flatness": [
                    0.3380094786729858
                ]
            }
        }
    }
}