{
    "random_1": {
        "training": {
            "loss": [
                0.41437414670571354
            ],
            "accuracy": [
                0.8728035143769968
            ]
        },
        "validation": {
            "random_1": {
                "accuracy": [
                    0.9655551118210862
                ],
                "flatness": [
                    0.3776567831661669
                ]
            }
        }
    },
    "random_2": {
        "training": {
            "loss": [
                1.3682925190788489
            ],
            "accuracy": [
                0.623202875399361
            ]
        },
        "validation": {
            "random_2": {
                "accuracy": [
                    0.8643170926517572
                ],
                "flatness": [
                    0.30235214277463324
                ]
            }
        }
    },
    "random_3": {
        "training": {
            "loss": [
                1.3735412460165664
            ],
            "accuracy": [
                0.6242012779552716
            ]
        },
        "validation": {
            "random_3": {
                "accuracy": [
                    0.8643170926517572
                ],
                "flatness": [
                    0.4031361903661777
                ]
            }
        }
    },
    "random_4": {
        "training": {
            "loss": [
                1.330394825615441
            ],
            "accuracy": [
                0.6351837060702875
            ]
        },
        "validation": {
            "random_4": {
                "accuracy": [
                    0.8716054313099042
                ],
                "flatness": [
                    0.31730240549828176
                ]
            }
        }
    },
    "random_5": {
        "training": {
            "loss": [
                1.3441910082920672
            ],
            "accuracy": [
                0.6285942492012779
            ]
        },
        "validation": {
            "random_5": {
                "accuracy": [
                    0.8653154952076677
                ],
                "flatness": [
                    0.44713640821506856
                ]
            }
        }
    },
    "cont_1": {
        "training": {
            "loss": [
                0.2539895249667545
            ],
            "accuracy": [
                0.9215255591054313
            ]
        },
        "validation": {
            "cont_1": {
                "accuracy": [
                    0.9365015974440895
                ],
                "flatness": [
                    0.28697228144989345
                ]
            },
            "cont_2": {
                "accuracy": [
                    0.6044329073482428
                ],
                "flatness": [
                    0.35576994549058466
                ]
            },
            "cont_3": {
                "accuracy": [
                    0.6068290734824281
                ],
                "flatness": [
                    0.48857971372161896
                ]
            },
            "cont_4": {
                "accuracy": [
                    0.6201078274760383
                ],
                "flatness": [
                    0.38110811463532446
                ]
            },
            "cont_5": {
                "accuracy": [
                    0.6118210862619808
                ],
                "flatness": [
                    0.36839303198433415
                ]
            }
        }
    },
    "cont_2": {
        "training": {
            "loss": [
                1.3919875387566538
            ],
            "accuracy": [
                0.6314896166134185
            ]
        },
        "validation": {
            "cont_1": {
                "accuracy": [
                    0.9085463258785943
                ],
                "flatness": [
                    0.34997527472527473
                ]
            },
            "cont_2": {
                "accuracy": [
                    0.8663138977635783
                ],
                "flatness": [
                    0.3627528235565288
                ]
            },
            "cont_3": {
                "accuracy": [
                    0.6807108626198083
                ],
                "flatness": [
                    0.37070621883250227
                ]
            },
            "cont_4": {
                "accuracy": [
                    0.696685303514377
                ],
                "flatness": [
                    0.4345353253081113
                ]
            },
            "cont_5": {
                "accuracy": [
                    0.689297124600639
                ],
                "flatness": [
                    0.34342048088064897
                ]
            }
        }
    },
    "cont_3": {
        "training": {
            "loss": [
                1.1755857835181605
            ],
            "accuracy": [
                0.6656349840255591
            ]
        },
        "validation": {
            "cont_1": {
                "accuracy": [
                    0.8588258785942492
                ],
                "flatness": [
                    0.44210067426179955
                ]
            },
            "cont_2": {
                "accuracy": [
                    0.7987220447284346
                ],
                "flatness": [
                    0.42401718749999995
                ]
            },
            "cont_3": {
                "accuracy": [
                    0.8778953674121406
                ],
                "flatness": [
                    0.539064454679859
                ]
            },
            "cont_4": {
                "accuracy": [
                    0.7133586261980831
                ],
                "flatness": [
                    0.46599545136459064
                ]
            },
            "cont_5": {
                "accuracy": [
                    0.700479233226837
                ],
                "flatness": [
                    0.5361842574116306
                ]
            }
        }
    },
    "cont_4": {
        "training": {
            "loss": [
                1.0509544388173868
            ],
            "accuracy": [
                0.6945886581469649
            ]
        },
        "validation": {
            "cont_1": {
                "accuracy": [
                    0.8337659744408946
                ],
                "flatness": [
                    0.5188712429649144
                ]
            },
            "cont_2": {
                "accuracy": [
                    0.7818490415335463
                ],
                "flatness": [
                    0.5143556059251693
                ]
            },
            "cont_3": {
                "accuracy": [
                    0.8164936102236422
                ],
                "flatness": [
                    0.46478280141843975
                ]
            },
            "cont_4": {
                "accuracy": [
                    0.8939696485623003
                ],
                "flatness": [
                    0.4863315278088005
                ]
            },
            "cont_5": {
                "accuracy": [
                    0.7211461661341853
                ],
                "flatness": [
                    0.41898362868614153
                ]
            }
        }
    },
    "cont_5": {
        "training": {
            "loss": [
                1.2621617661878324
            ],
            "accuracy": [
                0.6400758785942492
            ]
        },
        "validation": {
            "cont_1": {
                "accuracy": [
                    0.7848442492012779
                ],
                "flatness": [
                    0.42952391553237507
                ]
            },