{
    "random_1": {
        "training": {
            "loss": [
                0.6405190577208996
            ],
            "accuracy": [
                0.7835833333333333
            ]
        },
        "validation": {
            "random_1": {
                "accuracy": [
                    0.7898333333333334
                ]
            }
        }
    },
    "random_2": {
        "training": {
            "loss": [
                0.6485031069219113
            ],
            "accuracy": [
                0.7770833333333333
            ]
        },
        "validation": {
            "random_2": {
                "accuracy": [
                    0.8360833333333333
                ]
            }
        }
    },
    "random_3": {
        "training": {
            "loss": [
                0.6444252247611681
            ],
            "accuracy": [
                0.7775833333333333
            ]
        },
        "validation": {
            "random_3": {
                "accuracy": [
                    0.8958333333333334
                ]
            }
        }
    },
    "random_4": {
        "training": {
            "loss": [
                0.6286531071960926
            ],
            "accuracy": [
                0.784
            ]
        },
        "validation": {
            "random_4": {
                "accuracy": [
                    0.9116666666666666
                ]
            }
        }
    },
    "random_5": {
        "training": {
            "loss": [
                0.6426839778870345
            ],
            "accuracy": [
                0.78375
            ]
        },
        "validation": {
            "random_5": {
                "accuracy": [
                    0.8639166666666667
                ]
            }
        }
    },
    "cont_1": {
        "training": {
            "loss": [
                0.661953184992075
            ],
            "accuracy": [
                0.7714166666666666
            ]
        },
        "validation": {
            "cont_1": {
                "accuracy": [
                    0.8630833333333333
                ]
            },
            "cont_2": {
                "accuracy": [
                    0.8105833333333333
                ]
            },
            "cont_3": {
                "accuracy": [
                    0.8209166666666666
                ]
            },
            "cont_4": {
                "accuracy": [
                    0.8225833333333333
                ]
            },
            "cont_5": {
                "accuracy": [
                    0.8200833333333334
                ]
            }
        }
    },
    "cont_2": {
        "training": {
            "loss": [
                0.06054723397642374
            ],
            "accuracy": [
                0.83575
            ]
        },
        "validation": {
            "cont_1": {
                "accuracy": [
                    0.8603333333333333
                ]
            },
            "cont_2": {
                "accuracy": [
                    0.8809166666666667
                ]
            },
            "cont_3": {
                "accuracy": [
                    0.8415
                ]
            },
            "cont_4": {
                "accuracy": [
                    0.8398333333333333
                ]
            },
            "cont_5": {
                "accuracy": [
                    0.8383333333333334
                ]
            }
        }
    },
    "cont_3": {
        "training": {
            "loss": [
                0.3409981251036127
            ],
            "accuracy": [
                0.86325
            ]
        },
        "validation": {
            "cont_1": {
                "accuracy": [
                    0.89025
                ]
            },
            "cont_2": {
                "accuracy": [
                    0.8985833333333333
                ]
            },
            "cont_3": {
                "accuracy": [
                    0.9255833333333333
                ]
            },
            "cont_4": {
                "accuracy": [
                    0.881
                ]
            },
            "cont_5": {
                "accuracy": [
                    0.8860833333333333
                ]
            }
        }
    },
    "cont_4": {
        "training": {
            "loss": [
                0.29748237708707653
            ],
            "accuracy": [
                0.86725
            ]
        },
        "validation": {
            "cont_1": {
                "accuracy": [
                    0.8829166666666667
                ]
            },
            "cont_2": {
                "accuracy": [
                    0.8785833333333334
                ]
            },
            "cont_3": {
                "accuracy": [
                    0.8905833333333333
                ]
            },
            "cont_4": {
                "accuracy": [
                    0.9125
                ]
            },
            "cont_5": {
                "accuracy": [
                    0.8735
                ]
            }
        }
    },
    "cont_5": {
        "training": {
            "loss": [
                0.3214151890228192
            ],
            "accuracy": [
                0.8760833333333333
            ]
        },
        "validation": {
            "cont_1": {
                "accuracy": [
                    0.89625
                ]
            },
            "cont_2": {
                "accuracy": [
                    0.9008333333333334
                ]
            },
            "cont_3": {
                "accuracy": [
                    0.9105833333333333
                ]
            },
            "cont_4": {
                "accuracy": [
                    0.9129166666666667
                ]
            },
            "cont_5": {
                "accuracy": [
                    0.9374166666666667
                ]
            }
        }
    },
    "training_metrics": {
        "training": {},
        "validation": {
            "cont_1": {
                "accuracy": [
                    0.89625
                ],
                "flatness": [
                    0.4483496048349605
                ]
            },
            "cont_2": {
                "accuracy": [
                    0.9008333333333334
                ],
                "flatness": [
                    0.3513413506012951
                ]
            },
            "cont_3": {
                "accuracy": [
                    0.9105833333333333
                ],
                "flatness": [
                    0.28443305573350414
                ]
            },
            "cont_4": {
                "accuracy": [
                    0.9129166666666667
                ],
                "flatness": [
                    0.4147877681424007
                ]
            },
            "cont_5": {
                "accuracy": [
                    0.9374166666666667
                ],
                "flatness": [
                    0.42972708685216465
                ]
            }
        }
    }
}