{
    "random_1": {
        "training": {
            "loss": [
                0.0728886037869201
            ],
            "accuracy": [
                0.9767117834394905
            ]
        },
        "validation": {
            "random_1": {
                "accuracy": [
                    0.9905453821656051
                ],
                "flatness": [
                    0.7553051855699939
                ]
            }
        }
    },
    "random_2": {
        "training": {
            "loss": [
                0.17680870752283342
            ],
            "accuracy": [
                0.9411823248407644
            ]
        },
        "validation": {
            "random_2": {
                "accuracy": [
                    0.9905453821656051
                ],
                "flatness": [
                    0.7432379695047605
                ]
            }
        }
    },
    "random_3": {
        "training": {
            "loss": [
                0.16172197939246702
            ],
            "accuracy": [
                0.9475517515923567
            ]
        },
        "validation": {
            "random_3": {
                "accuracy": [
                    0.990047770700637
                ],
                "flatness": [
                    0.673460243867016
                ]
            }
        }
    },
    "random_4": {
        "training": {
            "loss": [
                0.15446604134004777
            ],
            "accuracy": [
                0.9487460191082803
            ]
        },
        "validation": {
            "random_4": {
                "accuracy": [
                    0.990047770700637
                ],
                "flatness": [
                    0.6358989258367564
                ]
            }
        }
    },
    "random_5": {
        "training": {
            "loss": [
                0.14079025100655618
            ],
            "accuracy": [
                0.9533240445859873
            ]
        },
        "validation": {
            "random_5": {
                "accuracy": [
                    0.9913415605095541
                ],
                "flatness": [
                    0.6576079222442945
                ]
            }
        }
    },
    "cont_1": {
        "training": {
            "loss": [
                0.05614642839608892
            ],
            "accuracy": [
                0.9817874203821656
            ]
        },
        "validation": {
            "cont_1": {
                "accuracy": [
                    0.9925358280254777
                ],
                "flatness": [
                    0.7316722652659449
                ]
            },
            "cont_2": {
                "accuracy": [
                    0.9418789808917197
                ],
                "flatness": [
                    0.7696964828270729
                ]
            },
            "cont_3": {
                "accuracy": [
                    0.9440684713375797
                ],
                "flatness": [
                    0.7535950360508273
                ]
            },
            "cont_4": {
                "accuracy": [
                    0.9479498407643312
                ],
                "flatness": [
                    0.702585303409206
                ]
            },
            "cont_5": {
                "accuracy": [
                    0.9549164012738853
                ],
                "flatness": [
                    0.7248671198512441
                ]
            }
        }
    },
    "cont_2": {
        "training": {
            "loss": [
                0.24019792996299494
            ],
            "accuracy": [
                0.925656847133758
            ]
        },
        "validation": {
            "cont_1": {
                "accuracy": [
                    0.9657643312101911
                ],
                "flatness": [
                    0.7297895202485373
                ]
            },
            "cont_2": {
                "accuracy": [
                    0.972531847133758
                ],
                "flatness": [
                    0.7099703235261223
                ]
            },
            "cont_3": {
                "accuracy": [
                    0.9313296178343949
                ],
                "flatness": [
                    0.6947812040485513
                ]
            },
            "cont_4": {
                "accuracy": [
                    0.9367038216560509
                ],
                "flatness": [
                    0.7418383460981108
                ]
            },
            "cont_5": {
                "accuracy": [
                    0.9384952229299363
                ],
                "flatness": [
                    0.6844400854707398
                ]
            }
        }
    },
    "cont_3": {
        "training": {
            "loss": [
                0.22420999168115816
            ],
            "accuracy": [
                0.9252587579617835
            ]
        },
        "validation": {
            "cont_1": {
                "accuracy": [
                    0.9600915605095541
                ],
                "flatness": [
                    0.743011818231666
                ]
            },
            "cont_2": {
                "accuracy": [
                    0.9592953821656051
                ],
                "flatness": [
                    0.7365024901955117
                ]
            },
            "cont_3": {
                "accuracy": [
                    0.9729299363057324
                ],
                "flatness": [
                    0.6951859152502398
                ]
            },
            "cont_4": {
                "accuracy": [
                    0.9380971337579618
                ],
                "flatness": [
                    0.6310563865902822
                ]
            },
            "cont_5": {
                "accuracy": [
                    0.9391918789808917
                ],
                "flatness": [
                    0.7841681692778868
                ]
            }
        }
    },
    "cont_4": {
        "training": {
            "loss": [
                0.30964082351345923
            ],
            "accuracy": [
                0.896297770700637
            ]
        },
        "validation": {
            "cont_1": {
                "accuracy": [
                    0.9432722929936306
                ],
                "flatness": [
                    0.7126537785899365
                ]
            },
            "cont_2": {
                "accuracy": [
                    0.93859474522293
                ],
                "flatness": [
                    0.6809548301340831
                ]
            },
            "cont_3": {
                "accuracy": [
                    0.9453622611464968
                ],
                "flatness": [
                    0.677939520264716
                ]
            },
            "cont_4": {
                "accuracy": [
                    0.9711385350318471
                ],
                "flatness": [
                    0.6149756623770669
                ]
            },
            "cont_5": {
                "accuracy": [
                    0.9239649681528662
                ],
                "flatness": [
                    0.6432873770986226
                ]
            }
        }
    },
    "cont_5": {
        "training": {
            "loss": [
                0.24383126896847584
            ],
            "accuracy": [
                0.919187898089172
            ]
        },
        "validation": {
            "cont_1": {
                "accuracy": [
                    0.9347133757961783
                ],
                "flatness": [
                    0.719304728144986
                ]
            },