{
    "random_1": {
        "training": {
            "loss": [
                2.214963239908218,
                1.2480894747972489
            ],
            "accuracy": [
                0.4211666666666667,
                0.6301666666666667
            ]
        },
        "validation": {
            "random_1": {
                "accuracy": [
                    0.7825833333333333
                ]
            }
        }
    },
    "random_2": {
        "training": {
            "loss": [
                2.1601981449921928,
                1.2270243642727534
            ],
            "accuracy": [
                0.42991666666666667,
                0.6385833333333333
            ]
        },
        "validation": {
            "random_2": {
                "accuracy": [
                    0.70325
                ]
            }
        }
    },
    "random_3": {
        "training": {
            "loss": [
                2.1794814149538677,
                1.2253716791073481
            ],
            "accuracy": [
                0.42225,
                0.6404166666666666
            ]
        },
        "validation": {
            "random_3": {
                "accuracy": [
                    0.7828333333333334
                ]
            }
        }
    },
    "random_4": {
        "training": {
            "loss": [
                2.193501832564672,
                1.2233510350783665
            ],
            "accuracy": [
                0.42525,
                0.6415
            ]
        },
        "validation": {
            "random_4": {
                "accuracy": [
                    0.686
                ]
            }
        }
    },
    "random_5": {
        "training": {
            "loss": [
                2.1533855702082314,
                1.2024058221578597
            ],
            "accuracy": [
                0.4400833333333333,
                0.64675
            ]
        },
        "validation": {
            "random_5": {
                "accuracy": [
                    0.7033333333333334
                ]
            }
        }
    },
    "cont_1": {
        "training": {
            "loss": [
                2.1655247715314228,
                1.234078501224518
            ],
            "accuracy": [
                0.42683333333333334,
                0.635
            ]
        },
        "validation": {
            "cont_1": {
                "accuracy": [
                    0.7401666666666666
                ]
            },
            "cont_2": {
                "accuracy": [
                    0.5716666666666667
                ]
            },
            "cont_3": {
                "accuracy": [
                    0.58425
                ]
            },
            "cont_4": {
                "accuracy": [
                    0.5753333333333334
                ]
            },
            "cont_5": {
                "accuracy": [
                    0.5818333333333333
                ]
            }
        }
    },
    "cont_2": {
        "training": {
            "loss": [
                1.102700194557508,
                -1.4985621563593547
            ],
            "accuracy": [
                0.5949166666666666,
                0.709
            ]
        },
        "validation": {
            "cont_1": {
                "accuracy": [
                    0.6048333333333333
                ]
            },
            "cont_2": {
                "accuracy": [
                    0.7168333333333333
                ]
            },
            "cont_3": {
                "accuracy": [
                    0.55975
                ]
            },
            "cont_4": {
                "accuracy": [
                    0.5580833333333334
                ]
            },
            "cont_5": {
                "accuracy": [
                    0.5551666666666667
                ]
            }
        }
    },
    "cont_3": {
        "training": {
            "loss": [
                1.2470439228614172,
                0.1094030889471372
            ],
            "accuracy": [
                0.6291666666666667,
                0.7441666666666666
            ]
        },
        "validation": {
            "cont_1": {
                "accuracy": [
                    0.7079166666666666
                ]
            },
            "cont_2": {
                "accuracy": [
                    0.7445
                ]
            },
            "cont_3": {
                "accuracy": [
                    0.8574166666666667
                ]
            },
            "cont_4": {
                "accuracy": [
                    0.6661666666666667
                ]
            },
            "cont_5": {
                "accuracy": [
                    0.66225
                ]
            }
        }
    },
    "cont_4": {
        "training": {
            "loss": [
                1.2006188521186512,
                0.6289671547412873
            ],
            "accuracy": [
                0.6500833333333333,
                0.76225
            ]
        },
        "validation": {
            "cont_1": {
                "accuracy": [
                    0.6710833333333334
                ]
            },
            "cont_2": {
                "accuracy": [
                    0.6965
                ]
            },
            "cont_3": {
                "accuracy": [
                    0.7253333333333334
                ]
            },
            "cont_4": {
                "accuracy": [
                    0.8260833333333333
                ]
            },
            "cont_5": {
                "accuracy": [
                    0.64825
                ]
            }
        }
    },
    "cont_5": {
        "training": {
            "loss": [
                1.1295661862889925,
                0.5676261905928452
            ],
            "accuracy": [
                0.6715,
                0.7819166666666667
            ]
        },
        "validation": {
            "cont_1": {
                "accuracy": [
                    0.684
                ]
            },
            "cont_2": {
                "accuracy": [
                    0.70275
                ]
            },
            "cont_3": {
                "accuracy": [
                    0.7134166666666667
                ]
            },
            "cont_4": {
                "accuracy": [
                    0.7448333333333333
                ]
            },
            "cont_5": {
                "accuracy": [
                    0.84075
                ]
            }
        }
    },
    "training_metrics": {
        "training": {},
        "validation": {
            "cont_1": {
                "accuracy": [
                    0.684
                ],
                "flatness": [
                    0.2022417153996102
                ]
            },
            "cont_2": {
                "accuracy": [
                    0.70275
                ],
                "flatness": [
                    0.1985058697972252
                ]
            },
            "cont_3": {
                "accuracy": [
                    0.7134166666666667
                ],
                "flatness": [
                    0.20418175446793593
                ]
            },
            "cont_4": {
                "accuracy": [
                    0.7448333333333333
                ],
                "flatness": [
                    0.300290892817185
                ]
            },
            "cont_5": {
                "accuracy": [
                    0.84075
                ],
                "flatness": [
                    0.24283873525621963
                ]
            }
        }
    }
}