{
    "random_1": {
        "training": {
            "loss": [
                1.6223443279266356,
                0.9225733976960182
            ],
            "accuracy": [
                0.4285833333333333,
                0.6361666666666667
            ]
        },
        "validation": {
            "random_1": {
                "accuracy": [
                    0.49341666666666667
                ]
            }
        }
    },
    "random_2": {
        "training": {
            "loss": [
                1.6246904107729594,
                0.9201470030148824
            ],
            "accuracy": [
                0.4275833333333333,
                0.63875
            ]
        },
        "validation": {
            "random_2": {
                "accuracy": [
                    0.7494166666666666
                ]
            }
        }
    },
    "random_3": {
        "training": {
            "loss": [
                1.613750748872757,
                0.8990563100775083
            ],
            "accuracy": [
                0.4345,
                0.648
            ]
        },
        "validation": {
            "random_3": {
                "accuracy": [
                    0.73025
                ]
            }
        }
    },
    "random_4": {
        "training": {
            "loss": [
                1.6211994806130727,
                0.9230670907497406
            ],
            "accuracy": [
                0.42916666666666664,
                0.6450833333333333
            ]
        },
        "validation": {
            "random_4": {
                "accuracy": [
                    0.7846666666666666
                ]
            }
        }
    },
    "random_5": {
        "training": {
            "loss": [
                1.6260741532643637,
                0.9205641798973083
            ],
            "accuracy": [
                0.43466666666666665,
                0.6435833333333333
            ]
        },
        "validation": {
            "random_5": {
                "accuracy": [
                    0.6844166666666667
                ]
            }
        }
    },
    "cont_1": {
        "training": {
            "loss": [
                1.6274447468121847,
                0.9314623914559682
            ],
            "accuracy": [
                0.42641666666666667,
                0.63825
            ]
        },
        "validation": {
            "cont_1": {
                "accuracy": [
                    0.7350833333333333
                ]
            },
            "cont_2": {
                "accuracy": [
                    0.56925
                ]
            },
            "cont_3": {
                "accuracy": [
                    0.5779166666666666
                ]
            },
            "cont_4": {
                "accuracy": [
                    0.5729166666666666
                ]
            },
            "cont_5": {
                "accuracy": [
                    0.5726666666666667
                ]
            }
        }
    },
    "cont_2": {
        "training": {
            "loss": [
                1.381358925263087,
                1.0359507502317429
            ],
            "accuracy": [
                0.6065,
                0.7334166666666667
            ]
        },
        "validation": {
            "cont_1": {
                "accuracy": [
                    0.7339166666666667
                ]
            },
            "cont_2": {
                "accuracy": [
                    0.8254166666666667
                ]
            },
            "cont_3": {
                "accuracy": [
                    0.6618333333333334
                ]
            },
            "cont_4": {
                "accuracy": [
                    0.6570833333333334
                ]
            },
            "cont_5": {
                "accuracy": [
                    0.65925
                ]
            }
        }
    },
    "cont_3": {
        "training": {
            "loss": [
                1.1975594175656636,
                0.8798710182110469
            ],
            "accuracy": [
                0.64975,
                0.7621666666666667
            ]
        },
        "validation": {
            "cont_1": {
                "accuracy": [
                    0.73425
                ]
            },
            "cont_2": {
                "accuracy": [
                    0.7730833333333333
                ]
            },
            "cont_3": {
                "accuracy": [
                    0.85525
                ]
            },
            "cont_4": {
                "accuracy": [
                    0.68675
                ]
            },
            "cont_5": {
                "accuracy": [
                    0.69075
                ]
            }
        }
    },
    "cont_4": {
        "training": {
            "loss": [
                1.0998807979822158,
                0.8232344613869985
            ],
            "accuracy": [
                0.6750833333333334,
                0.78125
            ]
        },
        "validation": {
            "cont_1": {
                "accuracy": [
                    0.7185
                ]
            },
            "cont_2": {
                "accuracy": [
                    0.7355833333333334
                ]
            },
            "cont_3": {
                "accuracy": [
                    0.7711666666666667
                ]
            },
            "cont_4": {
                "accuracy": [
                    0.8483333333333334
                ]
            },
            "cont_5": {
                "accuracy": [
                    0.6824166666666667
                ]
            }
        }
    },
    "cont_5": {
        "training": {
            "loss": [
                1.0988720945914587,
                0.8120777362585068
            ],
            "accuracy": [
                0.68325,
                0.79025
            ]
        },
        "validation": {
            "cont_1": {
                "accuracy": [
                    0.7410833333333333
                ]
            },
            "cont_2": {
                "accuracy": [
                    0.75225
                ]
            },
            "cont_3": {
                "accuracy": [
                    0.7718333333333334
                ]
            },
            "cont_4": {
                "accuracy": [
                    0.8101666666666667
                ]
            },
            "cont_5": {
                "accuracy": [
                    0.8765
                ]
            }
        }
    },
    "training_metrics": {
        "training": {},
        "validation": {
            "cont_1": {
                "accuracy": [
                    0.7410833333333333
                ],
                "flatness": [
                    0.39469245473968295
                ]
            },
            "cont_2": {
                "accuracy": [
                    0.75225
                ],
                "flatness": [
                    0.18765924448875598
                ]
            },
            "cont_3": {
                "accuracy": [
                    0.7718333333333334
                ],
                "flatness": [
                    0.2649535737421723
                ]
            },
            "cont_4": {
                "accuracy": [
                    0.8101666666666667
                ],
                "flatness": [
                    0.18885003085784818
                ]
            },
            "cont_5": {
                "accuracy": [
                    0.8765
                ],
                "flatness": [
                    0.19281232173417
                ]
            }
        }
    }
}