{
    "random_1": {
        "training": {
            "loss": [
                0.15412786733477737
            ],
            "accuracy": [
                0.9486464968152867
            ]
        },
        "validation": {
            "random_1": {
                "accuracy": [
                    0.9808917197452229
                ],
                "flatness": [
                    0.47425755983484646
                ]
            }
        }
    },
    "random_2": {
        "training": {
            "loss": [
                0.3857488948258625
            ],
            "accuracy": [
                0.8751990445859873
            ]
        },
        "validation": {
            "random_2": {
                "accuracy": [
                    0.9751194267515924
                ],
                "flatness": [
                    0.4803898761724545
                ]
            }
        }
    },
    "random_3": {
        "training": {
            "loss": [
                0.7402288522689965
            ],
            "accuracy": [
                0.7868232484076433
            ]
        },
        "validation": {
            "random_3": {
                "accuracy": [
                    0.9638734076433121
                ],
                "flatness": [
                    0.4461572024769308
                ]
            }
        }
    },
    "random_4": {
        "training": {
            "loss": [
                0.6661618217161507
            ],
            "accuracy": [
                0.8007563694267515
            ]
        },
        "validation": {
            "random_4": {
                "accuracy": [
                    0.9615843949044586
                ],
                "flatness": [
                    0.4045244258559532
                ]
            }
        }
    },
    "random_5": {
        "training": {
            "loss": [
                0.6098147630691528
            ],
            "accuracy": [
                0.816281847133758
            ]
        },
        "validation": {
            "random_5": {
                "accuracy": [
                    0.9681528662420382
                ],
                "flatness": [
                    0.46209935303899996
                ]
            }
        }
    },
    "cont_1": {
        "training": {
            "loss": [
                0.08580573007411021
            ],
            "accuracy": [
                0.9742237261146497
            ]
        },
        "validation": {
            "cont_1": {
                "accuracy": [
                    0.9654657643312102
                ],
                "flatness": [
                    0.4453404299021627
                ]
            },
            "cont_2": {
                "accuracy": [
                    0.8361863057324841
                ],
                "flatness": [
                    0.41669840580989737
                ]
            },
            "cont_3": {
                "accuracy": [
                    0.7598527070063694
                ],
                "flatness": [
                    0.41815258804613575
                ]
            },
            "cont_4": {
                "accuracy": [
                    0.7647292993630573
                ],
                "flatness": [
                    0.44526581271032317
                ]
            },
            "cont_5": {
                "accuracy": [
                    0.7809514331210191
                ],
                "flatness": [
                    0.37829457174612025
                ]
            }
        }
    },
    "cont_2": {
        "training": {
            "loss": [
                0.4471072031623998
            ],
            "accuracy": [
                0.8598726114649682
            ]
        },
        "validation": {
            "cont_1": {
                "accuracy": [
                    0.9675557324840764
                ],
                "flatness": [
                    0.3979502675501904
                ]
            },
            "cont_2": {
                "accuracy": [
                    0.9609872611464968
                ],
                "flatness": [
                    0.445261496451144
                ]
            },
            "cont_3": {
                "accuracy": [
                    0.8031449044585988
                ],
                "flatness": [
                    0.45806257754010343
                ]
            },
            "cont_4": {
                "accuracy": [
                    0.8089171974522293
                ],
                "flatness": [
                    0.4192525837995757
                ]
            },
            "cont_5": {
                "accuracy": [
                    0.8255374203821656
                ],
                "flatness": [
                    0.43172634121450476
                ]
            }
        }
    },
    "cont_3": {
        "training": {
            "loss": [
                0.7035305131772521
            ],
            "accuracy": [
                0.7978702229299363
            ]
        },
        "validation": {
            "cont_1": {
                "accuracy": [
                    0.9534235668789809
                ],
                "flatness": [
                    0.4423204600325706
                ]
            },
            "cont_2": {
                "accuracy": [
                    0.9438694267515924
                ],
                "flatness": [
                    0.47572622330995207
                ]
            },
            "cont_3": {
                "accuracy": [
                    0.951234076433121
                ],
                "flatness": [
                    0.4844857715517688
                ]
            },
            "cont_4": {
                "accuracy": [
                    0.8209593949044586
                ],
                "flatness": [
                    0.5030794642682306
                ]
            },
            "cont_5": {
                "accuracy": [
                    0.8276273885350318
                ],
                "flatness": [
                    0.46395803338320796
                ]
            }
        }
    },
    "cont_4": {
        "training": {
            "loss": [
                0.6009632225628871
            ],
            "accuracy": [
                0.8163813694267515
            ]
        },
        "validation": {
            "cont_1": {
                "accuracy": [
                    0.9380971337579618
                ],
                "flatness": [
                    0.38858582695375804
                ]
            },
            "cont_2": {
                "accuracy": [
                    0.9209792993630573
                ],
                "flatness": [
                    0.4246922957090778
                ]
            },
            "cont_3": {
                "accuracy": [
                    0.9200835987261147
                ],
                "flatness": [
                    0.4484986485656111
                ]
            },
            "cont_4": {
                "accuracy": [
                    0.9572054140127388
                ],
                "flatness": [
                    0.3369998964953011
                ]
            },
            "cont_5": {
                "accuracy": [
                    0.8274283439490446
                ],
                "flatness": [
                    0.43409159294481253
                ]
            }
        }
    },
    "cont_5": {
        "training": {
            "loss": [
                0.5839427449520985
            ],
            "accuracy": [
                0.818172770700637
            ]
        },
        "validation": {
            "cont_1": {
                "accuracy": [
                    0.9384952229299363
                ],
                "flatness": [
                    0.5270654831774542
                ]
            },