{
    "random_1": {
        "training": {
            "loss": [
                0.16735624417680472
            ],
            "accuracy": [
                0.9437899361022364
            ]
        },
        "validation": {
            "random_1": {
                "accuracy": [
                    0.9831269968051118
                ],
                "flatness": [
                    0.7761824667411394
                ]
            }
        }
    },
    "random_2": {
        "training": {
            "loss": [
                0.3750354390793715
            ],
            "accuracy": [
                0.8756988817891374
            ]
        },
        "validation": {
            "random_2": {
                "accuracy": [
                    0.9713458466453674
                ],
                "flatness": [
                    0.6054341401994039
                ]
            }
        }
    },
    "random_3": {
        "training": {
            "loss": [
                0.3603581110485636
            ],
            "accuracy": [
                0.8782947284345048
            ]
        },
        "validation": {
            "random_3": {
                "accuracy": [
                    0.9642571884984026
                ],
                "flatness": [
                    0.6418882014909919
                ]
            }
        }
    },
    "random_4": {
        "training": {
            "loss": [
                0.3643673559228262
            ],
            "accuracy": [
                0.8769968051118211
            ]
        },
        "validation": {
            "random_4": {
                "accuracy": [
                    0.9751397763578274
                ],
                "flatness": [
                    0.6689746083751408
                ]
            }
        }
    },
    "random_5": {
        "training": {
            "loss": [
                0.36475407182218167
            ],
            "accuracy": [
                0.8790934504792333
            ]
        },
        "validation": {
            "random_5": {
                "accuracy": [
                    0.9736421725239617
                ],
                "flatness": [
                    0.7416177450779327
                ]
            }
        }
    },
    "cont_1": {
        "training": {
            "loss": [
                0.13275230788482953
            ],
            "accuracy": [
                0.9566693290734825
            ]
        },
        "validation": {
            "cont_1": {
                "accuracy": [
                    0.9732428115015974
                ],
                "flatness": [
                    0.7280749897414854
                ]
            },
            "cont_2": {
                "accuracy": [
                    0.8812899361022364
                ],
                "flatness": [
                    0.6870256032627167
                ]
            },
            "cont_3": {
                "accuracy": [
                    0.889576677316294
                ],
                "flatness": [
                    0.6577918069584736
                ]
            },
            "cont_4": {
                "accuracy": [
                    0.8880790734824281
                ],
                "flatness": [
                    0.776122119168072
                ]
            },
            "cont_5": {
                "accuracy": [
                    0.8856829073482428
                ],
                "flatness": [
                    0.6827358809604329
                ]
            }
        }
    },
    "cont_2": {
        "training": {
            "loss": [
                0.41241790999334077
            ],
            "accuracy": [
                0.8649161341853036
            ]
        },
        "validation": {
            "cont_1": {
                "accuracy": [
                    0.9565694888178914
                ],
                "flatness": [
                    0.7613877726750861
                ]
            },
            "cont_2": {
                "accuracy": [
                    0.9700479233226837
                ],
                "flatness": [
                    0.7330903921366817
                ]
            },
            "cont_3": {
                "accuracy": [
                    0.9012579872204473
                ],
                "flatness": [
                    0.7396345685166722
                ]
            },
            "cont_4": {
                "accuracy": [
                    0.9005591054313099
                ],
                "flatness": [
                    0.7120142738359202
                ]
            },
            "cont_5": {
                "accuracy": [
                    0.8971645367412141
                ],
                "flatness": [
                    0.806359893167149
                ]
            }
        }
    },
    "cont_3": {
        "training": {
            "loss": [
                0.3473057729986529
            ],
            "accuracy": [
                0.8802915335463258
            ]
        },
        "validation": {
            "cont_1": {
                "accuracy": [
                    0.9422923322683706
                ],
                "flatness": [
                    0.6222359080313625
                ]
            },
            "cont_2": {
                "accuracy": [
                    0.9353035143769968
                ],
                "flatness": [
                    0.6254236496584117
                ]
            },
            "cont_3": {
                "accuracy": [
                    0.9679512779552716
                ],
                "flatness": [
                    0.7496099793708096
                ]
            },
            "cont_4": {
                "accuracy": [
                    0.8996605431309904
                ],
                "flatness": [
                    0.7348691876595272
                ]
            },
            "cont_5": {
                "accuracy": [
                    0.9031549520766773
                ],
                "flatness": [
                    0.7999302177758125
                ]
            }
        }
    },
    "cont_4": {
        "training": {
            "loss": [
                0.3359942340527099
            ],
            "accuracy": [
                0.8863817891373802
            ]
        },
        "validation": {
            "cont_1": {
                "accuracy": [
                    0.9434904153354633
                ],
                "flatness": [
                    0.714186507936508
                ]
            },
            "cont_2": {
                "accuracy": [
                    0.9298123003194888
                ],
                "flatness": [
                    0.766073633630409
                ]
            },
            "cont_3": {
                "accuracy": [
                    0.9530750798722045
                ],
                "flatness": [
                    0.7852870312172637
                ]
            },
            "cont_4": {
                "accuracy": [
                    0.9725439297124601
                ],
                "flatness": [
                    0.7994899137665538
                ]
            },
            "cont_5": {
                "accuracy": [
                    0.9103434504792333
                ],
                "flatness": [
                    0.7912535643781531
                ]
            }
        }
    },
    "cont_5": {
        "training": {
            "loss": [
                0.46690788427100016
            ],
            "accuracy": [
                0.8435503194888179
            ]
        },
        "validation": {
            "cont_1": {
                "accuracy": [
                    0.8891773162939297
                ],
                "flatness": [
                    0.6954286436110487
                ]
            },