{
    "random_1": {
        "training": {
            "loss": [
                0.2611646376663265
            ],
            "accuracy": [
                0.9100439297124601
            ]
        },
        "validation": {
            "random_1": {
                "accuracy": [
                    0.9646565495207667
                ],
                "flatness": [
                    0.520748809770234
                ]
            }
        }
    },
    "random_2": {
        "training": {
            "loss": [
                0.3821580150304511
            ],
            "accuracy": [
                0.8724041533546326
            ]
        },
        "validation": {
            "random_2": {
                "accuracy": [
                    0.9619608626198083
                ],
                "flatness": [
                    0.6616936948624806
                ]
            }
        }
    },
    "random_3": {
        "training": {
            "loss": [
                0.3876828374073338
            ],
            "accuracy": [
                0.8684105431309904
            ]
        },
        "validation": {
            "random_3": {
                "accuracy": [
                    0.955870607028754
                ],
                "flatness": [
                    0.6896118393565908
                ]
            }
        }
    },
    "random_4": {
        "training": {
            "loss": [
                0.39738764616247185
            ],
            "accuracy": [
                0.8714057507987221
            ]
        },
        "validation": {
            "random_4": {
                "accuracy": [
                    0.9580670926517572
                ],
                "flatness": [
                    0.5365621092121717
                ]
            }
        }
    },
    "random_5": {
        "training": {
            "loss": [
                0.40153706750978296
            ],
            "accuracy": [
                0.8664137380191693
            ]
        },
        "validation": {
            "random_5": {
                "accuracy": [
                    0.961361821086262
                ],
                "flatness": [
                    0.5229398172188181
                ]
            }
        }
    },
    "cont_1": {
        "training": {
            "loss": [
                0.21580675070563826
            ],
            "accuracy": [
                0.9276158146964856
            ]
        },
        "validation": {
            "cont_1": {
                "accuracy": [
                    0.9500798722044729
                ],
                "flatness": [
                    0.5809544451450189
                ]
            },
            "cont_2": {
                "accuracy": [
                    0.8703075079872205
                ],
                "flatness": [
                    0.7123021108179419
                ]
            },
            "cont_3": {
                "accuracy": [
                    0.8690095846645367
                ],
                "flatness": [
                    0.6699886546415442
                ]
            },
            "cont_4": {
                "accuracy": [
                    0.8659145367412141
                ],
                "flatness": [
                    0.6475722068488412
                ]
            },
            "cont_5": {
                "accuracy": [
                    0.8692092651757188
                ],
                "flatness": [
                    0.6013008270158512
                ]
            }
        }
    },
    "cont_2": {
        "training": {
            "loss": [
                0.4066609479010867
            ],
            "accuracy": [
                0.8652156549520766
            ]
        },
        "validation": {
            "cont_1": {
                "accuracy": [
                    0.933805910543131
                ],
                "flatness": [
                    0.662610926975302
                ]
            },
            "cont_2": {
                "accuracy": [
                    0.9517771565495208
                ],
                "flatness": [
                    0.48531744991083603
                ]
            },
            "cont_3": {
                "accuracy": [
                    0.8883785942492013
                ],
                "flatness": [
                    0.46169082939986505
                ]
            },
            "cont_4": {
                "accuracy": [
                    0.8876797124600639
                ],
                "flatness": [
                    0.5626061466651671
                ]
            },
            "cont_5": {
                "accuracy": [
                    0.8859824281150159
                ],
                "flatness": [
                    0.6295977011494253
                ]
            }
        }
    },
    "cont_3": {
        "training": {
            "loss": [
                0.33823401641588624
            ],
            "accuracy": [
                0.8881789137380192
            ]
        },
        "validation": {
            "cont_1": {
                "accuracy": [
                    0.9328075079872205
                ],
                "flatness": [
                    0.5211501926576046
                ]
            },
            "cont_2": {
                "accuracy": [
                    0.9405950479233227
                ],
                "flatness": [
                    0.7527233043201358
                ]
            },
            "cont_3": {
                "accuracy": [
                    0.9638578274760383
                ],
                "flatness": [
                    0.7045661124922311
                ]
            },
            "cont_4": {
                "accuracy": [
                    0.9002595846645367
                ],
                "flatness": [
                    0.7053087224132195
                ]
            },
            "cont_5": {
                "accuracy": [
                    0.9034544728434505
                ],
                "flatness": [
                    0.6703869212067632
                ]
            }
        }
    },
    "cont_4": {
        "training": {
            "loss": [
                0.32241320044706806
            ],
            "accuracy": [
                0.8937699680511182
            ]
        },
        "validation": {
            "cont_1": {
                "accuracy": [
                    0.9323083067092651
                ],
                "flatness": [
                    0.7252663846648104
                ]
            },
            "cont_2": {
                "accuracy": [
                    0.9358027156549521
                ],
                "flatness": [
                    0.719218766670223
                ]
            },
            "cont_3": {
                "accuracy": [
                    0.9460862619808307
                ],
                "flatness": [
                    0.6833249788940481
                ]
            },
            "cont_4": {
                "accuracy": [
                    0.963158945686901
                ],
                "flatness": [
                    0.6624928734321551
                ]
            },
            "cont_5": {
                "accuracy": [
                    0.9109424920127795
                ],
                "flatness": [
                    0.8153900427444103
                ]
            }
        }
    },
    "cont_5": {
        "training": {
            "loss": [
                0.7465835786379945
            ],
            "accuracy": [
                0.7452076677316294
            ]
        },
        "validation": {
            "cont_1": {
                "accuracy": [
                    0.8438498402555911
                ],
                "flatness": [
                    0.6378874822527213
                ]
            },