{
    "random_1": {
        "training": {
            "loss": [
                2.1467995138168336
            ],
            "accuracy": [
                0.45625
            ]
        },
        "validation": {
            "random_1": {
                "accuracy": [
                    0.7865833333333333
                ]
            }
        }
    },
    "random_2": {
        "training": {
            "loss": [
                2.119042476495107
            ],
            "accuracy": [
                0.45516666666666666
            ]
        },
        "validation": {
            "random_2": {
                "accuracy": [
                    0.7791666666666667
                ]
            }
        }
    },
    "random_3": {
        "training": {
            "loss": [
                2.063781022707621
            ],
            "accuracy": [
                0.47391666666666665
            ]
        },
        "validation": {
            "random_3": {
                "accuracy": [
                    0.7888333333333334
                ]
            }
        }
    },
    "random_4": {
        "training": {
            "loss": [
                2.1027700090408326
            ],
            "accuracy": [
                0.46225
            ]
        },
        "validation": {
            "random_4": {
                "accuracy": [
                    0.79775
                ]
            }
        }
    },
    "random_5": {
        "training": {
            "loss": [
                2.0786026350657143
            ],
            "accuracy": [
                0.4731666666666667
            ]
        },
        "validation": {
            "random_5": {
                "accuracy": [
                    0.8103333333333333
                ]
            }
        }
    },
    "cont_1": {
        "training": {
            "loss": [
                2.129939728895823
            ],
            "accuracy": [
                0.45891666666666664
            ]
        },
        "validation": {
            "cont_1": {
                "accuracy": [
                    0.7965833333333333
                ]
            },
            "cont_2": {
                "accuracy": [
                    0.6345
                ]
            },
            "cont_3": {
                "accuracy": [
                    0.6338333333333334
                ]
            },
            "cont_4": {
                "accuracy": [
                    0.6360833333333333
                ]
            },
            "cont_5": {
                "accuracy": [
                    0.6496666666666666
                ]
            }
        }
    },
    "cont_2": {
        "training": {
            "loss": [
                1.2508441112836202
            ],
            "accuracy": [
                0.642
            ]
        },
        "validation": {
            "cont_1": {
                "accuracy": [
                    0.7425833333333334
                ]
            },
            "cont_2": {
                "accuracy": [
                    0.85625
                ]
            },
            "cont_3": {
                "accuracy": [
                    0.6846666666666666
                ]
            },
            "cont_4": {
                "accuracy": [
                    0.68825
                ]
            },
            "cont_5": {
                "accuracy": [
                    0.6891666666666667
                ]
            }
        }
    },
    "cont_3": {
        "training": {
            "loss": [
                1.1216611301104227
            ],
            "accuracy": [
                0.6750833333333334
            ]
        },
        "validation": {
            "cont_1": {
                "accuracy": [
                    0.7556666666666667
                ]
            },
            "cont_2": {
                "accuracy": [
                    0.81
                ]
            },
            "cont_3": {
                "accuracy": [
                    0.8853333333333333
                ]
            },
            "cont_4": {
                "accuracy": [
                    0.7175833333333334
                ]
            },
            "cont_5": {
                "accuracy": [
                    0.7265833333333334
                ]
            }
        }
    },
    "cont_4": {
        "training": {
            "loss": [
                1.018939590295156
            ],
            "accuracy": [
                0.70575
            ]
        },
        "validation": {
            "cont_1": {
                "accuracy": [
                    0.7693333333333333
                ]
            },
            "cont_2": {
                "accuracy": [
                    0.7983333333333333
                ]
            },
            "cont_3": {
                "accuracy": [
                    0.8316666666666667
                ]
            },
            "cont_4": {
                "accuracy": [
                    0.9024166666666666
                ]
            },
            "cont_5": {
                "accuracy": [
                    0.7425
                ]
            }
        }
    },
    "cont_5": {
        "training": {
            "loss": [
                0.946931086063385
            ],
            "accuracy": [
                0.72575
            ]
        },
        "validation": {
            "cont_1": {
                "accuracy": [
                    0.75775
                ]
            },
            "cont_2": {
                "accuracy": [
                    0.78825
                ]
            },
            "cont_3": {
                "accuracy": [
                    0.80275
                ]
            },
            "cont_4": {
                "accuracy": [
                    0.8270833333333333
                ]
            },
            "cont_5": {
                "accuracy": [
                    0.9024166666666666
                ]
            }
        }
    },
    "training_metrics": {
        "training": {},
        "validation": {
            "cont_1": {
                "accuracy": [
                    0.75775
                ],
                "flatness": [
                    0.5244057024779039
                ]
            },
            "cont_2": {
                "accuracy": [
                    0.78825
                ],
                "flatness": [
                    0.5397950156075251
                ]
            },
            "cont_3": {
                "accuracy": [
                    0.80275
                ],
                "flatness": [
                    0.5568850497467587
                ]
            },
            "cont_4": {
                "accuracy": [
                    0.8270833333333333
                ],
                "flatness": [
                    0.5190242609041495
                ]
            },
            "cont_5": {
                "accuracy": [
                    0.9024166666666666
                ],
                "flatness": [
                    0.394044257379065
                ]
            }
        }
    }
}