{
    "random_1": {
        "training": {
            "loss": [
                0.6271678581595802
            ],
            "accuracy": [
                0.7889376996805112
            ]
        },
        "validation": {
            "random_1": {
                "accuracy": [
                    0.9476837060702875
                ],
                "flatness": [
                    0.6067425200168564
                ]
            }
        }
    },
    "random_2": {
        "training": {
            "loss": [
                0.618092422620557
            ],
            "accuracy": [
                0.7895367412140575
            ]
        },
        "validation": {
            "random_2": {
                "accuracy": [
                    0.942991214057508
                ],
                "flatness": [
                    0.4198325833774483
                ]
            }
        }
    },
    "random_3": {
        "training": {
            "loss": [
                0.61506690777624
            ],
            "accuracy": [
                0.790435303514377
            ]
        },
        "validation": {
            "random_3": {
                "accuracy": [
                    0.9473841853035144
                ],
                "flatness": [
                    0.45045908420276104
                ]
            }
        }
    },
    "random_4": {
        "training": {
            "loss": [
                0.6120239282473208
            ],
            "accuracy": [
                0.7902356230031949
            ]
        },
        "validation": {
            "random_4": {
                "accuracy": [
                    0.9113418530351438
                ],
                "flatness": [
                    0.5353541301489921
                ]
            }
        }
    },
    "random_5": {
        "training": {
            "loss": [
                0.6066064202128508
            ],
            "accuracy": [
                0.792132587859425
            ]
        },
        "validation": {
            "random_5": {
                "accuracy": [
                    0.9441892971246006
                ],
                "flatness": [
                    0.589543459870995
                ]
            }
        }
    },
    "cont_1": {
        "training": {
            "loss": [
                0.6214885716906752
            ],
            "accuracy": [
                0.7922324281150159
            ]
        },
        "validation": {
            "cont_1": {
                "accuracy": [
                    0.9377995207667732
                ],
                "flatness": [
                    0.4815128287022251
                ]
            },
            "cont_2": {
                "accuracy": [
                    0.8728035143769968
                ],
                "flatness": [
                    0.5708526366964082
                ]
            },
            "cont_3": {
                "accuracy": [
                    0.8725039936102237
                ],
                "flatness": [
                    0.6162668783613686
                ]
            },
            "cont_4": {
                "accuracy": [
                    0.8723043130990416
                ],
                "flatness": [
                    0.469079060318187
                ]
            },
            "cont_5": {
                "accuracy": [
                    0.8723043130990416
                ],
                "flatness": [
                    0.5382654229140437
                ]
            }
        }
    },
    "cont_2": {
        "training": {
            "loss": [
                0.41933253133734955
            ],
            "accuracy": [
                0.8573282747603834
            ]
        },
        "validation": {
            "cont_1": {
                "accuracy": [
                    0.9263178913738019
                ],
                "flatness": [
                    0.5538983347704246
                ]
            },
            "cont_2": {
                "accuracy": [
                    0.9527755591054313
                ],
                "flatness": [
                    0.6828323116420413
                ]
            },
            "cont_3": {
                "accuracy": [
                    0.8936701277955271
                ],
                "flatness": [
                    0.591836107697464
                ]
            },
            "cont_4": {
                "accuracy": [
                    0.893270766773163
                ],
                "flatness": [
                    0.7147626299318207
                ]
            },
            "cont_5": {
                "accuracy": [
                    0.8952675718849841
                ],
                "flatness": [
                    0.6053968718634994
                ]
            }
        }
    },
    "cont_3": {
        "training": {
            "loss": [
                0.336655307263612
            ],
            "accuracy": [
                0.8863817891373802
            ]
        },
        "validation": {
            "cont_1": {
                "accuracy": [
                    0.9260183706070287
                ],
                "flatness": [
                    0.7451677897574124
                ]
            },
            "cont_2": {
                "accuracy": [
                    0.9400958466453674
                ],
                "flatness": [
                    0.6700197801614273
                ]
            },
            "cont_3": {
                "accuracy": [
                    0.9641573482428115
                ],
                "flatness": [
                    0.8175856891374134
                ]
            },
            "cont_4": {
                "accuracy": [
                    0.9021565495207667
                ],
                "flatness": [
                    0.7354339586100045
                ]
            },
            "cont_5": {
                "accuracy": [
                    0.9082468051118211
                ],
                "flatness": [
                    0.8274870836539518
                ]
            }
        }
    },
    "cont_4": {
        "training": {
            "loss": [
                0.3134056475287238
            ],
            "accuracy": [
                0.8945686900958466
            ]
        },
        "validation": {
            "cont_1": {
                "accuracy": [
                    0.9268170926517572
                ],
                "flatness": [
                    0.8315590326403102
                ]
            },
            "cont_2": {
                "accuracy": [
                    0.9375998402555911
                ],
                "flatness": [
                    0.8294949952081782
                ]
            },
            "cont_3": {
                "accuracy": [
                    0.9493809904153354
                ],
                "flatness": [
                    0.8021262751077927
                ]
            },
            "cont_4": {
                "accuracy": [
                    0.9660543130990416
                ],
                "flatness": [
                    0.8580327614716825
                ]
            },
            "cont_5": {
                "accuracy": [
                    0.9169329073482428
                ],
                "flatness": [
                    0.7593675141550523
                ]
            }
        }
    },
    "cont_5": {
        "training": {
            "loss": [
                0.35853974597332194
            ],
            "accuracy": [
                0.8769968051118211
            ]
        },
        "validation": {
            "cont_1": {
                "accuracy": [
                    0.9143370607028753
                ],
                "flatness": [
                    0.7192284068573926
                ]
            },