{
    "random_1": {
        "training": {
            "loss": [
                2.133770229578018,
                1.2030572637319565
            ],
            "accuracy": [
                0.4315833333333333,
                0.6476666666666666
            ]
        },
        "validation": {
            "random_1": {
                "accuracy": [
                    0.7538333333333334
                ]
            }
        }
    },
    "random_2": {
        "training": {
            "loss": [
                2.1452943346500395,
                1.217321472843488
            ],
            "accuracy": [
                0.43125,
                0.6429166666666667
            ]
        },
        "validation": {
            "random_2": {
                "accuracy": [
                    0.7350833333333333
                ]
            }
        }
    },
    "random_3": {
        "training": {
            "loss": [
                2.1602390333016714,
                1.2103708656628926
            ],
            "accuracy": [
                0.43416666666666665,
                0.6435833333333333
            ]
        },
        "validation": {
            "random_3": {
                "accuracy": [
                    0.7414166666666666
                ]
            }
        }
    },
    "random_4": {
        "training": {
            "loss": [
                2.1654942684968312,
                1.2262558414538702
            ],
            "accuracy": [
                0.42391666666666666,
                0.6398333333333334
            ]
        },
        "validation": {
            "random_4": {
                "accuracy": [
                    0.7219166666666667
                ]
            }
        }
    },
    "random_5": {
        "training": {
            "loss": [
                2.138289376974106,
                1.1952964952786764
            ],
            "accuracy": [
                0.43716666666666665,
                0.6489166666666667
            ]
        },
        "validation": {
            "random_5": {
                "accuracy": [
                    0.7105
                ]
            }
        }
    },
    "cont_1": {
        "training": {
            "loss": [
                2.1583642870585122,
                1.220369777083397
            ],
            "accuracy": [
                0.42991666666666667,
                0.6444166666666666
            ]
        },
        "validation": {
            "cont_1": {
                "accuracy": [
                    0.7363333333333333
                ]
            },
            "cont_2": {
                "accuracy": [
                    0.5681666666666667
                ]
            },
            "cont_3": {
                "accuracy": [
                    0.5704166666666667
                ]
            },
            "cont_4": {
                "accuracy": [
                    0.5613333333333334
                ]
            },
            "cont_5": {
                "accuracy": [
                    0.5655833333333333
                ]
            }
        }
    },
    "cont_2": {
        "training": {
            "loss": [
                0.9930220492680868,
                -2.2294652836322784
            ],
            "accuracy": [
                0.596,
                0.7108333333333333
            ]
        },
        "validation": {
            "cont_1": {
                "accuracy": [
                    0.6945833333333333
                ]
            },
            "cont_2": {
                "accuracy": [
                    0.8105
                ]
            },
            "cont_3": {
                "accuracy": [
                    0.631
                ]
            },
            "cont_4": {
                "accuracy": [
                    0.6265833333333334
                ]
            },
            "cont_5": {
                "accuracy": [
                    0.6335
                ]
            }
        }
    },
    "cont_3": {
        "training": {
            "loss": [
                1.2737162062327068,
                0.6432186045646667
            ],
            "accuracy": [
                0.6305,
                0.7395833333333334
            ]
        },
        "validation": {
            "cont_1": {
                "accuracy": [
                    0.69875
                ]
            },
            "cont_2": {
                "accuracy": [
                    0.7325
                ]
            },
            "cont_3": {
                "accuracy": [
                    0.8406666666666667
                ]
            },
            "cont_4": {
                "accuracy": [
                    0.6529166666666667
                ]
            },
            "cont_5": {
                "accuracy": [
                    0.6493333333333333
                ]
            }
        }
    },
    "cont_4": {
        "training": {
            "loss": [
                1.2019758036533992,
                0.6069630505541961
            ],
            "accuracy": [
                0.656,
                0.7535
            ]
        },
        "validation": {
            "cont_1": {
                "accuracy": [
                    0.69675
                ]
            },
            "cont_2": {
                "accuracy": [
                    0.7166666666666667
                ]
            },
            "cont_3": {
                "accuracy": [
                    0.7498333333333334
                ]
            },
            "cont_4": {
                "accuracy": [
                    0.8506666666666667
                ]
            },
            "cont_5": {
                "accuracy": [
                    0.66275
                ]
            }
        }
    },
    "cont_5": {
        "training": {
            "loss": [
                1.1413381033539771,
                0.5131797616978486
            ],
            "accuracy": [
                0.6668333333333333,
                0.7765833333333333
            ]
        },
        "validation": {
            "cont_1": {
                "accuracy": [
                    0.7066666666666667
                ]
            },
            "cont_2": {
                "accuracy": [
                    0.7175833333333334
                ]
            },
            "cont_3": {
                "accuracy": [
                    0.73925
                ]
            },
            "cont_4": {
                "accuracy": [
                    0.7624166666666666
                ]
            },
            "cont_5": {
                "accuracy": [
                    0.8710833333333333
                ]
            }
        }
    },
    "training_metrics": {
        "training": {},
        "validation": {
            "cont_1": {
                "accuracy": [
                    0.7066666666666667
                ],
                "flatness": [
                    0.19646226415094342
                ]
            },
            "cont_2": {
                "accuracy": [
                    0.7175833333333334
                ],
                "flatness": [
                    0.3314365346649634
                ]
            },
            "cont_3": {
                "accuracy": [
                    0.73925
                ],
                "flatness": [
                    0.23672641190395677
                ]
            },
            "cont_4": {
                "accuracy": [
                    0.7624166666666666
                ],
                "flatness": [
                    0.35020220789157286
                ]
            },
            "cont_5": {
                "accuracy": [
                    0.8710833333333333
                ],
                "flatness": [
                    0.3283267961350809
                ]
            }
        }
    }
}