{
    "random_1": {
        "training": {
            "loss": [
                0.632467694890004
            ],
            "accuracy": [
                0.7842452076677316
            ]
        },
        "validation": {
            "random_1": {
                "accuracy": [
                    0.9460862619808307
                ],
                "flatness": [
                    0.5765941589278176
                ]
            }
        }
    },
    "random_2": {
        "training": {
            "loss": [
                0.6328030657558776
            ],
            "accuracy": [
                0.7796525559105432
            ]
        },
        "validation": {
            "random_2": {
                "accuracy": [
                    0.9371006389776357
                ],
                "flatness": [
                    0.5825398199445984
                ]
            }
        }
    },
    "random_3": {
        "training": {
            "loss": [
                0.6207677332547527
            ],
            "accuracy": [
                0.7883386581469649
            ]
        },
        "validation": {
            "random_3": {
                "accuracy": [
                    0.9472843450479234
                ],
                "flatness": [
                    0.5067941083473861
                ]
            }
        }
    },
    "random_4": {
        "training": {
            "loss": [
                0.6330573215556983
            ],
            "accuracy": [
                0.7845447284345048
            ]
        },
        "validation": {
            "random_4": {
                "accuracy": [
                    0.9368011182108626
                ],
                "flatness": [
                    0.4766052968133859
                ]
            }
        }
    },
    "random_5": {
        "training": {
            "loss": [
                0.6191372999939294
            ],
            "accuracy": [
                0.7864416932907349
            ]
        },
        "validation": {
            "random_5": {
                "accuracy": [
                    0.9413937699680511
                ],
                "flatness": [
                    0.5099652667303001
                ]
            }
        }
    },
    "cont_1": {
        "training": {
            "loss": [
                0.6143151865409205
            ],
            "accuracy": [
                0.7900359424920128
            ]
        },
        "validation": {
            "cont_1": {
                "accuracy": [
                    0.9314097444089456
                ],
                "flatness": [
                    0.4837676867831494
                ]
            },
            "cont_2": {
                "accuracy": [
                    0.8637180511182109
                ],
                "flatness": [
                    0.5822845624783262
                ]
            },
            "cont_3": {
                "accuracy": [
                    0.862220447284345
                ],
                "flatness": [
                    0.6154621641963873
                ]
            },
            "cont_4": {
                "accuracy": [
                    0.8627196485623003
                ],
                "flatness": [
                    0.6617427091771785
                ]
            },
            "cont_5": {
                "accuracy": [
                    0.8632188498402555
                ],
                "flatness": [
                    0.5871465128383068
                ]
            }
        }
    },
    "cont_2": {
        "training": {
            "loss": [
                0.4160701034786983
            ],
            "accuracy": [
                0.8590255591054313
            ]
        },
        "validation": {
            "cont_1": {
                "accuracy": [
                    0.9258186900958466
                ],
                "flatness": [
                    0.6588341151730832
                ]
            },
            "cont_2": {
                "accuracy": [
                    0.9620607028753994
                ],
                "flatness": [
                    0.7154239310917393
                ]
            },
            "cont_3": {
                "accuracy": [
                    0.891473642172524
                ],
                "flatness": [
                    0.6603357038862134
                ]
            },
            "cont_4": {
                "accuracy": [
                    0.8924720447284346
                ],
                "flatness": [
                    0.6357429522317932
                ]
            },
            "cont_5": {
                "accuracy": [
                    0.8922723642172524
                ],
                "flatness": [
                    0.7221292100257357
                ]
            }
        }
    },
    "cont_3": {
        "training": {
            "loss": [
                0.34401203214693754
            ],
            "accuracy": [
                0.8875798722044729
            ]
        },
        "validation": {
            "cont_1": {
                "accuracy": [
                    0.9139376996805112
                ],
                "flatness": [
                    0.5440913808171292
                ]
            },
            "cont_2": {
                "accuracy": [
                    0.9273162939297125
                ],
                "flatness": [
                    0.5177069875107666
                ]
            },
            "cont_3": {
                "accuracy": [
                    0.9591653354632588
                ],
                "flatness": [
                    0.5033673363172687
                ]
            },
            "cont_4": {
                "accuracy": [
                    0.8887779552715654
                ],
                "flatness": [
                    0.5485059537182657
                ]
            },
            "cont_5": {
                "accuracy": [
                    0.8900758785942492
                ],
                "flatness": [
                    0.5534113853056646
                ]
            }
        }
    },
    "cont_4": {
        "training": {
            "loss": [
                0.2923113354823936
            ],
            "accuracy": [
                0.8993610223642172
            ]
        },
        "validation": {
            "cont_1": {
                "accuracy": [
                    0.9345047923322684
                ],
                "flatness": [
                    0.5996240651709401
                ]
            },
            "cont_2": {
                "accuracy": [
                    0.9444888178913738
                ],
                "flatness": [
                    0.5655754492600422
                ]
            },
            "cont_3": {
                "accuracy": [
                    0.9599640575079872
                ],
                "flatness": [
                    0.6795501820072802
                ]
            },
            "cont_4": {
                "accuracy": [
                    0.9674520766773163
                ],
                "flatness": [
                    0.5660810113519092
                ]
            },
            "cont_5": {
                "accuracy": [
                    0.9179313099041534
                ],
                "flatness": [
                    0.6961986077876877
                ]
            }
        }
    },
    "cont_5": {
        "training": {
            "loss": [
                0.29429590116484095
            ],
            "accuracy": [
                0.900758785942492
            ]
        },
        "validation": {
            "cont_1": {
                "accuracy": [
                    0.9251198083067093
                ],
                "flatness": [
                    0.7140122490826679
                ]
            },