{
    "joint_training": {
        "training": {
            "loss": [
                2.604481137217264
            ],
            "accuracy": [
                0.35090789206735645
            ]
        },
        "validation": {
            "cont_1": {
                "accuracy": [
                    0.5212918357058423
                ],
                "flatness": [
                    0.5073244337365828
                ]
            },
            "cont_2": {
                "accuracy": [
                    0.5182492393569579
                ],
                "flatness": [
                    0.5151214112205931
                ]
            },
            "cont_3": {
                "accuracy": [
                    0.5204614604583376
                ],
                "flatness": [
                    0.524563088183202
                ]
            },
            "cont_4": {
                "accuracy": [
                    0.5207783975780131
                ],
                "flatness": [
                    0.39227033172759956
                ]
            },
            "cont_5": {
                "accuracy": [
                    0.5196310851957203
                ],
                "flatness": [
                    0.518638258761178
                ]
            }
        }
    }
}