{
    "random_1": {
        "training": {
            "loss": [
                0.577392032709175
            ],
            "accuracy": [
                0.8057108626198083
            ]
        },
        "validation": {
            "random_1": {
                "accuracy": [
                    0.9492811501597445
                ],
                "flatness": [
                    0.5359729964240639
                ]
            }
        }
    },
    "random_2": {
        "training": {
            "loss": [
                0.5683073704235089
            ],
            "accuracy": [
                0.8073083067092651
            ]
        },
        "validation": {
            "random_2": {
                "accuracy": [
                    0.9550718849840255
                ],
                "flatness": [
                    0.6063434298557391
                ]
            }
        }
    },
    "random_3": {
        "training": {
            "loss": [
                0.5714893057085455
            ],
            "accuracy": [
                0.8023162939297125
            ]
        },
        "validation": {
            "random_3": {
                "accuracy": [
                    0.9472843450479234
                ],
                "flatness": [
                    0.5663805596543001
                ]
            }
        }
    },
    "random_4": {
        "training": {
            "loss": [
                0.5713660088590921
            ],
            "accuracy": [
                0.8054113418530351
            ]
        },
        "validation": {
            "random_4": {
                "accuracy": [
                    0.9455870607028753
                ],
                "flatness": [
                    0.596314407137578
                ]
            }
        }
    },
    "random_5": {
        "training": {
            "loss": [
                0.5792730000976938
            ],
            "accuracy": [
                0.8043130990415336
            ]
        },
        "validation": {
            "random_5": {
                "accuracy": [
                    0.9515774760383386
                ],
                "flatness": [
                    0.5736773423565208
                ]
            }
        }
    },
    "cont_1": {
        "training": {
            "loss": [
                0.5660704202450122
            ],
            "accuracy": [
                0.8103035143769968
            ]
        },
        "validation": {
            "cont_1": {
                "accuracy": [
                    0.9422923322683706
                ],
                "flatness": [
                    0.4108166454757363
                ]
            },
            "cont_2": {
                "accuracy": [
                    0.8710063897763578
                ],
                "flatness": [
                    0.6354897409445208
                ]
            },
            "cont_3": {
                "accuracy": [
                    0.8760982428115016
                ],
                "flatness": [
                    0.588769943019943
                ]
            },
            "cont_4": {
                "accuracy": [
                    0.8698083067092651
                ],
                "flatness": [
                    0.5478937098255281
                ]
            },
            "cont_5": {
                "accuracy": [
                    0.8742012779552716
                ],
                "flatness": [
                    0.5107340680676107
                ]
            }
        }
    },
    "cont_2": {
        "training": {
            "loss": [
                0.3826636510392347
            ],
            "accuracy": [
                0.8744009584664537
            ]
        },
        "validation": {
            "cont_1": {
                "accuracy": [
                    0.9376996805111821
                ],
                "flatness": [
                    0.6561102534071551
                ]
            },
            "cont_2": {
                "accuracy": [
                    0.97064696485623
                ],
                "flatness": [
                    0.6374614276897758
                ]
            },
            "cont_3": {
                "accuracy": [
                    0.9073482428115016
                ],
                "flatness": [
                    0.6791338853433098
                ]
            },
            "cont_4": {
                "accuracy": [
                    0.9053514376996805
                ],
                "flatness": [
                    0.6519395125716805
                ]
            },
            "cont_5": {
                "accuracy": [
                    0.9091453674121406
                ],
                "flatness": [
                    0.7190389578300022
                ]
            }
        }
    },
    "cont_3": {
        "training": {
            "loss": [
                0.3125205596450704
            ],
            "accuracy": [
                0.896964856230032
            ]
        },
        "validation": {
            "cont_1": {
                "accuracy": [
                    0.9326078274760383
                ],
                "flatness": [
                    0.7650338561181885
                ]
            },
            "cont_2": {
                "accuracy": [
                    0.953973642172524
                ],
                "flatness": [
                    0.7403244374672946
                ]
            },
            "cont_3": {
                "accuracy": [
                    0.9764376996805112
                ],
                "flatness": [
                    0.6988893149284252
                ]
            },
            "cont_4": {
                "accuracy": [
                    0.9148362619808307
                ],
                "flatness": [
                    0.7367694805194807
                ]
            },
            "cont_5": {
                "accuracy": [
                    0.915535143769968
                ],
                "flatness": [
                    0.7313004362050164
                ]
            }
        }
    },
    "cont_4": {
        "training": {
            "loss": [
                0.3012758583877795
            ],
            "accuracy": [
                0.9016573482428115
            ]
        },
        "validation": {
            "cont_1": {
                "accuracy": [
                    0.9329073482428115
                ],
                "flatness": [
                    0.7991231003852739
                ]
            },
            "cont_2": {
                "accuracy": [
                    0.9455870607028753
                ],
                "flatness": [
                    0.7177667352972231
                ]
            },
            "cont_3": {
                "accuracy": [
                    0.9526757188498403
                ],
                "flatness": [
                    0.7216516453573674
                ]
            },
            "cont_4": {
                "accuracy": [
                    0.9747404153354633
                ],
                "flatness": [
                    0.7501997336884154
                ]
            },
            "cont_5": {
                "accuracy": [
                    0.9194289137380192
                ],
                "flatness": [
                    0.7309649527636009
                ]
            }
        }
    },
    "cont_5": {
        "training": {
            "loss": [
                0.2742517677466043
            ],
            "accuracy": [
                0.9078474440894568
            ]
        },
        "validation": {
            "cont_1": {
                "accuracy": [
                    0.9336062300319489
                ],
                "flatness": [
                    0.6799072291733504
                ]
            },