{
    "random_1": {
        "training": {
            "loss": [
                0.20409323004590477
            ],
            "accuracy": [
                0.9338176751592356
            ]
        },
        "validation": {
            "random_1": {
                "accuracy": [
                    0.9761146496815286
                ],
                "flatness": [
                    0.3276302507393318
                ]
            }
        }
    },
    "random_2": {
        "training": {
            "loss": [
                0.35352931935696086
            ],
            "accuracy": [
                0.8870421974522293
            ]
        },
        "validation": {
            "random_2": {
                "accuracy": [
                    0.9757165605095541
                ],
                "flatness": [
                    0.4066322424384051
                ]
            }
        }
    },
    "random_3": {
        "training": {
            "loss": [
                0.6770484157048973
            ],
            "accuracy": [
                0.7938893312101911
            ]
        },
        "validation": {
            "random_3": {
                "accuracy": [
                    0.9503383757961783
                ],
                "flatness": [
                    0.34165462383438444
                ]
            }
        }
    },
    "random_4": {
        "training": {
            "loss": [
                0.6257994894389134
            ],
            "accuracy": [
                0.8057324840764332
            ]
        },
        "validation": {
            "random_4": {
                "accuracy": [
                    0.9700437898089171
                ],
                "flatness": [
                    0.29734482447086175
                ]
            }
        }
    },
    "random_5": {
        "training": {
            "loss": [
                0.5738252031195695
            ],
            "accuracy": [
                0.8238455414012739
            ]
        },
        "validation": {
            "random_5": {
                "accuracy": [
                    0.9590963375796179
                ],
                "flatness": [
                    0.3158490712877452
                ]
            }
        }
    },
    "cont_1": {
        "training": {
            "loss": [
                0.13868197752459413
            ],
            "accuracy": [
                0.9573049363057324
            ]
        },
        "validation": {
            "cont_1": {
                "accuracy": [
                    0.956906847133758
                ],
                "flatness": [
                    0.2733416541138479
                ]
            },
            "cont_2": {
                "accuracy": [
                    0.8495222929936306
                ],
                "flatness": [
                    0.3028816193761173
                ]
            },
            "cont_3": {
                "accuracy": [
                    0.765625
                ],
                "flatness": [
                    0.3542857148209396
                ]
            },
            "cont_4": {
                "accuracy": [
                    0.7723925159235668
                ],
                "flatness": [
                    0.3442024228023263
                ]
            },
            "cont_5": {
                "accuracy": [
                    0.7882165605095541
                ],
                "flatness": [
                    0.3574128791659769
                ]
            }
        }
    },
    "cont_2": {
        "training": {
            "loss": [
                0.4122411059156345
            ],
            "accuracy": [
                0.8683320063694268
            ]
        },
        "validation": {
            "cont_1": {
                "accuracy": [
                    0.9572054140127388
                ],
                "flatness": [
                    0.4204132882863079
                ]
            },
            "cont_2": {
                "accuracy": [
                    0.9600915605095541
                ],
                "flatness": [
                    0.39290686254737617
                ]
            },
            "cont_3": {
                "accuracy": [
                    0.7878184713375797
                ],
                "flatness": [
                    0.3595768068462023
                ]
            },
            "cont_4": {
                "accuracy": [
                    0.806031050955414
                ],
                "flatness": [
                    0.3502889253442884
                ]
            },
            "cont_5": {
                "accuracy": [
                    0.8111066878980892
                ],
                "flatness": [
                    0.3765592024999162
                ]
            }
        }
    },
    "cont_3": {
        "training": {
            "loss": [
                0.6946136925820332
            ],
            "accuracy": [
                0.7977707006369427
            ]
        },
        "validation": {
            "cont_1": {
                "accuracy": [
                    0.9417794585987261
                ],
                "flatness": [
                    0.37715338734986853
                ]
            },
            "cont_2": {
                "accuracy": [
                    0.9446656050955414
                ],
                "flatness": [
                    0.38212099678648004
                ]
            },
            "cont_3": {
                "accuracy": [
                    0.9456608280254777
                ],
                "flatness": [
                    0.33016759676823887
                ]
            },
            "cont_4": {
                "accuracy": [
                    0.8241441082802548
                ],
                "flatness": [
                    0.2975150949309204
                ]
            },
            "cont_5": {
                "accuracy": [
                    0.8272292993630573
                ],
                "flatness": [
                    0.3806947787684013
                ]
            }
        }
    },
    "cont_4": {
        "training": {
            "loss": [
                0.6059403904494206
            ],
            "accuracy": [
                0.8130971337579618
            ]
        },
        "validation": {
            "cont_1": {
                "accuracy": [
                    0.9252587579617835
                ],
                "flatness": [
                    0.3425562013679132
                ]
            },
            "cont_2": {
                "accuracy": [
                    0.9166003184713376
                ],
                "flatness": [
                    0.42476085890129
                ]
            },
            "cont_3": {
                "accuracy": [
                    0.9092356687898089
                ],
                "flatness": [
                    0.3872586471513045
                ]
            },
            "cont_4": {
                "accuracy": [
                    0.9533240445859873
                ],
                "flatness": [
                    0.31575373266942686
                ]
            },
            "cont_5": {
                "accuracy": [
                    0.8228503184713376
                ],
                "flatness": [
                    0.4235468073288023
                ]
            }
        }
    },
    "cont_5": {
        "training": {
            "loss": [
                0.5811818665379931
            ],
            "accuracy": [
                0.8179737261146497
            ]
        },
        "validation": {
            "cont_1": {
                "accuracy": [
                    0.9205812101910829
                ],
                "flatness": [
                    0.34599405429685437
                ]
            },