{
    "random_1": {
        "training": {
            "loss": [
                0.25073062544004227
            ],
            "accuracy": [
                0.9132388178913738
            ]
        },
        "validation": {
            "random_1": {
                "accuracy": [
                    0.9824281150159745
                ],
                "flatness": [
                    0.75426956300813
                ]
            }
        }
    },
    "random_2": {
        "training": {
            "loss": [
                0.21600696642380268
            ],
            "accuracy": [
                0.9259185303514377
            ]
        },
        "validation": {
            "random_2": {
                "accuracy": [
                    0.9829273162939297
                ],
                "flatness": [
                    0.7067934230573896
                ]
            }
        }
    },
    "random_3": {
        "training": {
            "loss": [
                0.18492225581369462
            ],
            "accuracy": [
                0.9340055910543131
            ]
        },
        "validation": {
            "random_3": {
                "accuracy": [
                    0.9827276357827476
                ],
                "flatness": [
                    0.7625857208168242
                ]
            }
        }
    },
    "random_4": {
        "training": {
            "loss": [
                0.1551242206705371
            ],
            "accuracy": [
                0.9475838658146964
            ]
        },
        "validation": {
            "random_4": {
                "accuracy": [
                    0.9864217252396166
                ],
                "flatness": [
                    0.6240991902834008
                ]
            }
        }
    },
    "random_5": {
        "training": {
            "loss": [
                0.29745095467177063
            ],
            "accuracy": [
                0.9022563897763578
            ]
        },
        "validation": {
            "random_5": {
                "accuracy": [
                    0.977935303514377
                ],
                "flatness": [
                    0.7155940530883104
                ]
            }
        }
    },
    "cont_1": {
        "training": {
            "loss": [
                0.21741445596737508
            ],
            "accuracy": [
                0.928314696485623
            ]
        },
        "validation": {
            "cont_1": {
                "accuracy": [
                    0.9683506389776357
                ],
                "flatness": [
                    0.7454686050108259
                ]
            },
            "cont_2": {
                "accuracy": [
                    0.9327076677316294
                ],
                "flatness": [
                    0.6933358756154999
                ]
            },
            "cont_3": {
                "accuracy": [
                    0.9328075079872205
                ],
                "flatness": [
                    0.6771393021513432
                ]
            },
            "cont_4": {
                "accuracy": [
                    0.9415934504792333
                ],
                "flatness": [
                    0.7355383840525925
                ]
            },
            "cont_5": {
                "accuracy": [
                    0.904452875399361
                ],
                "flatness": [
                    0.6417899326636494
                ]
            }
        }
    },
    "cont_2": {
        "training": {
            "loss": [
                0.18882272258615151
            ],
            "accuracy": [
                0.9367012779552716
            ]
        },
        "validation": {
            "cont_1": {
                "accuracy": [
                    0.9686501597444089
                ],
                "flatness": [
                    0.7412054215625645
                ]
            },
            "cont_2": {
                "accuracy": [
                    0.9721445686900958
                ],
                "flatness": [
                    0.7823392728766562
                ]
            },
            "cont_3": {
                "accuracy": [
                    0.944888178913738
                ],
                "flatness": [
                    0.7397948806001692
                ]
            },
            "cont_4": {
                "accuracy": [
                    0.9486821086261981
                ],
                "flatness": [
                    0.6643673700273627
                ]
            },
            "cont_5": {
                "accuracy": [
                    0.9195287539936102
                ],
                "flatness": [
                    0.7368329261672095
                ]
            }
        }
    },
    "cont_3": {
        "training": {
            "loss": [
                0.19148881736095436
            ],
            "accuracy": [
                0.9316094249201278
            ]
        },
        "validation": {
            "cont_1": {
                "accuracy": [
                    0.9590654952076677
                ],
                "flatness": [
                    0.7838440818238601
                ]
            },
            "cont_2": {
                "accuracy": [
                    0.9616613418530351
                ],
                "flatness": [
                    0.7008948037790699
                ]
            },
            "cont_3": {
                "accuracy": [
                    0.9822284345047924
                ],
                "flatness": [
                    0.7838521549095344
                ]
            },
            "cont_4": {
                "accuracy": [
                    0.9446884984025559
                ],
                "flatness": [
                    0.7393310082435003
                ]
            },
            "cont_5": {
                "accuracy": [
                    0.9195287539936102
                ],
                "flatness": [
                    0.7480903908794788
                ]
            }
        }
    },
    "cont_4": {
        "training": {
            "loss": [
                0.17865097943467265
            ],
            "accuracy": [
                0.9385982428115016
            ]
        },
        "validation": {
            "cont_1": {
                "accuracy": [
                    0.963158945686901
                ],
                "flatness": [
                    0.6809461490618844
                ]
            },
            "cont_2": {
                "accuracy": [
                    0.9607627795527156
                ],
                "flatness": [
                    0.7104950379299595
                ]
            },
            "cont_3": {
                "accuracy": [
                    0.9727436102236422
                ],
                "flatness": [
                    0.6794570460843683
                ]
            },
            "cont_4": {
                "accuracy": [
                    0.987220447284345
                ],
                "flatness": [
                    0.5891699534789644
                ]
            },
            "cont_5": {
                "accuracy": [
                    0.9234225239616614
                ],
                "flatness": [
                    0.7396482052113742
                ]
            }
        }
    },
    "cont_5": {
        "training": {
            "loss": [
                0.2602353842970662
            ],
            "accuracy": [
                0.9152356230031949
            ]
        },
        "validation": {
            "cont_1": {
                "accuracy": [
                    0.9565694888178914
                ],
                "flatness": [
                    0.776292923494416
                ]
            },