{
    "joint_training": {
        "training": {
            "loss": [
                1.3418328790068625,
                0.8119018208384514
            ],
            "accuracy": [
                0.6196333333333334,
                0.75335
            ]
        },
        "validation": {
            "cont_1": {
                "accuracy": [
                    0.8435833333333334
                ],
                "flatness": [
                    0.09127728934110442
                ]
            },
            "cont_2": {
                "accuracy": [
                    0.8425
                ],
                "flatness": [
                    0.12166172106824924
                ]
            },
            "cont_3": {
                "accuracy": [
                    0.84025
                ],
                "flatness": [
                    0.10314390558365565
                ]
            },
            "cont_4": {
                "accuracy": [
                    0.84475
                ],
                "flatness": [
                    0.22768077340436027
                ]
            },
            "cont_5": {
                "accuracy": [
                    0.8431666666666666
                ],
                "flatness": [
                    0.16268037161494367
                ]
            }
        }
    }
}