{
    "random_1": {
        "training": {
            "loss": [
                0.06217175781738701
            ],
            "accuracy": [
                0.9786027070063694
            ]
        },
        "validation": {
            "random_1": {
                "accuracy": [
                    0.9855692675159236
                ],
                "flatness": [
                    0.6886882771870757
                ]
            }
        }
    },
    "random_2": {
        "training": {
            "loss": [
                0.11593928108300278
            ],
            "accuracy": [
                0.9605891719745223
            ]
        },
        "validation": {
            "random_2": {
                "accuracy": [
                    0.9925358280254777
                ],
                "flatness": [
                    0.6777148307917722
                ]
            }
        }
    },
    "random_3": {
        "training": {
            "loss": [
                0.19167582269544434
            ],
            "accuracy": [
                0.9392914012738853
            ]
        },
        "validation": {
            "random_3": {
                "accuracy": [
                    0.9898487261146497
                ],
                "flatness": [
                    0.6970367496459028
                ]
            }
        }
    },
    "random_4": {
        "training": {
            "loss": [
                0.17603557438227782
            ],
            "accuracy": [
                0.9403861464968153
            ]
        },
        "validation": {
            "random_4": {
                "accuracy": [
                    0.9913415605095541
                ],
                "flatness": [
                    0.6379454889039942
                ]
            }
        }
    },
    "random_5": {
        "training": {
            "loss": [
                0.1691049505262428
            ],
            "accuracy": [
                0.9425756369426752
            ]
        },
        "validation": {
            "random_5": {
                "accuracy": [
                    0.9894506369426752
                ],
                "flatness": [
                    0.6681027471311757
                ]
            }
        }
    },
    "cont_1": {
        "training": {
            "loss": [
                0.04807289709725601
            ],
            "accuracy": [
                0.9831807324840764
            ]
        },
        "validation": {
            "cont_1": {
                "accuracy": [
                    0.982484076433121
                ],
                "flatness": [
                    0.6052897088724751
                ]
            },
            "cont_2": {
                "accuracy": [
                    0.9430732484076433
                ],
                "flatness": [
                    0.5578503600652333
                ]
            },
            "cont_3": {
                "accuracy": [
                    0.9263535031847133
                ],
                "flatness": [
                    0.654110443353858
                ]
            },
            "cont_4": {
                "accuracy": [
                    0.9234673566878981
                ],
                "flatness": [
                    0.6286598770612528
                ]
            },
            "cont_5": {
                "accuracy": [
                    0.9311305732484076
                ],
                "flatness": [
                    0.5879109668650144
                ]
            }
        }
    },
    "cont_2": {
        "training": {
            "loss": [
                0.12860679348847667
            ],
            "accuracy": [
                0.9549164012738853
            ]
        },
        "validation": {
            "cont_1": {
                "accuracy": [
                    0.9886544585987261
                ],
                "flatness": [
                    0.6906087684708149
                ]
            },
            "cont_2": {
                "accuracy": [
                    0.9792993630573248
                ],
                "flatness": [
                    0.7513742388700082
                ]
            },
            "cont_3": {
                "accuracy": [
                    0.9436703821656051
                ],
                "flatness": [
                    0.6028240362769616
                ]
            },
            "cont_4": {
                "accuracy": [
                    0.9419785031847133
                ],
                "flatness": [
                    0.6271706288690865
                ]
            },
            "cont_5": {
                "accuracy": [
                    0.9478503184713376
                ],
                "flatness": [
                    0.683866548297887
                ]
            }
        }
    },
    "cont_3": {
        "training": {
            "loss": [
                0.1710775029032853
            ],
            "accuracy": [
                0.9450636942675159
            ]
        },
        "validation": {
            "cont_1": {
                "accuracy": [
                    0.9837778662420382
                ],
                "flatness": [
                    0.6190660100135167
                ]
            },
            "cont_2": {
                "accuracy": [
                    0.977109872611465
                ],
                "flatness": [
                    0.6515148196426324
                ]
            },
            "cont_3": {
                "accuracy": [
                    0.9804936305732485
                ],
                "flatness": [
                    0.6186297206897053
                ]
            },
            "cont_4": {
                "accuracy": [
                    0.945859872611465
                ],
                "flatness": [
                    0.5956468333850806
                ]
            },
            "cont_5": {
                "accuracy": [
                    0.9480493630573248
                ],
                "flatness": [
                    0.6175097101880501
                ]
            }
        }
    },
    "cont_4": {
        "training": {
            "loss": [
                0.15202805074821613
            ],
            "accuracy": [
                0.9477507961783439
            ]
        },
        "validation": {
            "cont_1": {
                "accuracy": [
                    0.9852707006369427
                ],
                "flatness": [
                    0.7149843447954968
                ]
            },
            "cont_2": {
                "accuracy": [
                    0.981687898089172
                ],
                "flatness": [
                    0.6929630482042116
                ]
            },
            "cont_3": {
                "accuracy": [
                    0.982484076433121
                ],
                "flatness": [
                    0.7385615899989826
                ]
            },
            "cont_4": {
                "accuracy": [
                    0.9871616242038217
                ],
                "flatness": [
                    0.6173792724059418
                ]
            },
            "cont_5": {
                "accuracy": [
                    0.9575039808917197
                ],
                "flatness": [
                    0.7612974240172493
                ]
            }
        }
    },
    "cont_5": {
        "training": {
            "loss": [
                0.14157865835935068
            ],
            "accuracy": [
                0.9497412420382165
            ]
        },
        "validation": {
            "cont_1": {
                "accuracy": [
                    0.9846735668789809
                ],
                "flatness": [
                    0.6917743088718565
                ]
            },