{
    "random_1": {
        "training": {
            "loss": [
                2.4077020192601877
            ],
            "accuracy": [
                0.40545382165605093
            ]
        },
        "validation": {
            "random_1": {
                "accuracy": [
                    0.7993630573248408
                ],
                "flatness": [
                    0.2466807771021448
                ]
            }
        }
    },
    "random_2": {
        "training": {
            "loss": [
                2.4560323034881786
            ],
            "accuracy": [
                0.39699442675159236
            ]
        },
        "validation": {
            "random_2": {
                "accuracy": [
                    0.7846337579617835
                ],
                "flatness": [
                    0.27545693843483254
                ]
            }
        }
    },
    "random_3": {
        "training": {
            "loss": [
                2.448130533194086
            ],
            "accuracy": [
                0.40246815286624205
            ]
        },
        "validation": {
            "random_3": {
                "accuracy": [
                    0.7674164012738853
                ],
                "flatness": [
                    0.1401313062360617
                ]
            }
        }
    },
    "random_4": {
        "training": {
            "loss": [
                2.4616663957097726
            ],
            "accuracy": [
                0.39281449044585987
            ]
        },
        "validation": {
            "random_4": {
                "accuracy": [
                    0.7813495222929936
                ],
                "flatness": [
                    0.2657161515239788
                ]
            }
        }
    },
    "random_5": {
        "training": {
            "loss": [
                2.487181254253266
            ],
            "accuracy": [
                0.38783837579617836
            ]
        },
        "validation": {
            "random_5": {
                "accuracy": [
                    0.7819466560509554
                ],
                "flatness": [
                    0.2508762891600268
                ]
            }
        }
    },
    "cont_1": {
        "training": {
            "loss": [
                2.4022002235339706
            ],
            "accuracy": [
                0.40893710191082805
            ]
        },
        "validation": {
            "cont_1": {
                "accuracy": [
                    0.7917993630573248
                ],
                "flatness": [
                    0.2645773630905775
                ]
            },
            "cont_2": {
                "accuracy": [
                    0.5915605095541401
                ],
                "flatness": [
                    0.29503533018509764
                ]
            },
            "cont_3": {
                "accuracy": [
                    0.5927547770700637
                ],
                "flatness": [
                    0.33833025558191787
                ]
            },
            "cont_4": {
                "accuracy": [
                    0.5874800955414012
                ],
                "flatness": [
                    0.2971510251245316
                ]
            },
            "cont_5": {
                "accuracy": [
                    0.5933519108280255
                ],
                "flatness": [
                    0.27702784344518955
                ]
            }
        }
    },
    "cont_2": {
        "training": {
            "loss": [
                1.3367474352478221
            ],
            "accuracy": [
                0.622312898089172
            ]
        },
        "validation": {
            "cont_1": {
                "accuracy": [
                    0.7630374203821656
                ],
                "flatness": [
                    0.34657949666568316
                ]
            },
            "cont_2": {
                "accuracy": [
                    0.881468949044586
                ],
                "flatness": [
                    0.30386953834514524
                ]
            },
            "cont_3": {
                "accuracy": [
                    0.6727707006369427
                ],
                "flatness": [
                    0.3685203404028035
                ]
            },
            "cont_4": {
                "accuracy": [
                    0.6664012738853503
                ],
                "flatness": [
                    0.3634845432343591
                ]
            },
            "cont_5": {
                "accuracy": [
                    0.6778463375796179
                ],
                "flatness": [
                    0.32305902238985
                ]
            }
        }
    },
    "cont_3": {
        "training": {
            "loss": [
                1.1459360031565284
            ],
            "accuracy": [
                0.669984076433121
            ]
        },
        "validation": {
            "cont_1": {
                "accuracy": [
                    0.7525875796178344
                ],
                "flatness": [
                    0.3744892229229267
                ]
            },
            "cont_2": {
                "accuracy": [
                    0.7989649681528662
                ],
                "flatness": [
                    0.33969730951029325
                ]
            },
            "cont_3": {
                "accuracy": [
                    0.8830613057324841
                ],
                "flatness": [
                    0.3619333937782641
                ]
            },
            "cont_4": {
                "accuracy": [
                    0.6824243630573248
                ],
                "flatness": [
                    0.370004376032809
                ]
            },
            "cont_5": {
                "accuracy": [
                    0.6900875796178344
                ],
                "flatness": [
                    0.3049318580130421
                ]
            }
        }
    },
    "cont_4": {
        "training": {
            "loss": [
                1.4187697479679326
            ],
            "accuracy": [
                0.6023089171974523
            ]
        },
        "validation": {
            "cont_1": {
                "accuracy": [
                    0.7235270700636943
                ],
                "flatness": [
                    0.2812826685006878
                ]
            },
            "cont_2": {
                "accuracy": [
                    0.7472133757961783
                ],
                "flatness": [
                    0.33478556261554193
                ]
            },
            "cont_3": {
                "accuracy": [
                    0.7750796178343949
                ],
                "flatness": [
                    0.29533256303746697
                ]
            },
            "cont_4": {
                "accuracy": [
                    0.8513136942675159
                ],
                "flatness": [
                    0.31600976186515517
                ]
            },
            "cont_5": {
                "accuracy": [
                    0.6871019108280255
                ],
                "flatness": [
                    0.2554888474382676
                ]
            }
        }
    },
    "cont_5": {
        "training": {
            "loss": [
                1.1244353059750454
            ],
            "accuracy": [
                0.6734673566878981
            ]
        },
        "validation": {
            "cont_1": {
                "accuracy": [
                    0.7339769108280255
                ],
                "flatness": [
                    0.3659962715924796
                ]
            },