{
    "random_1": {
        "training": {
            "loss": [
                0.2748755930810218
            ],
            "accuracy": [
                0.9132165605095541
            ]
        },
        "validation": {
            "random_1": {
                "accuracy": [
                    0.973328025477707
                ]
            }
        }
    },
    "random_2": {
        "training": {
            "loss": [
                0.4550832312577849
            ],
            "accuracy": [
                0.8497213375796179
            ]
        },
        "validation": {
            "random_2": {
                "accuracy": [
                    0.9731289808917197
                ]
            }
        }
    },
    "random_3": {
        "training": {
            "loss": [
                0.44816952540426497
            ],
            "accuracy": [
                0.8542993630573248
            ]
        },
        "validation": {
            "random_3": {
                "accuracy": [
                    0.9777070063694268
                ]
            }
        }
    },
    "random_4": {
        "training": {
            "loss": [
                0.45798020971238995
            ],
            "accuracy": [
                0.8469347133757962
            ]
        },
        "validation": {
            "random_4": {
                "accuracy": [
                    0.977109872611465
                ]
            }
        }
    },
    "random_5": {
        "training": {
            "loss": [
                0.4325673210962563
            ],
            "accuracy": [
                0.8616640127388535
            ]
        },
        "validation": {
            "random_5": {
                "accuracy": [
                    0.9671576433121019
                ]
            }
        }
    },
    "random_6": {
        "training": {
            "loss": [
                0.4443368277257415
            ],
            "accuracy": [
                0.8477308917197452
            ]
        },
        "validation": {
            "random_6": {
                "accuracy": [
                    0.9679538216560509
                ]
            }
        }
    },
    "random_7": {
        "training": {
            "loss": [
                0.424565681179238
            ],
            "accuracy": [
                0.862062101910828
            ]
        },
        "validation": {
            "random_7": {
                "accuracy": [
                    0.9498407643312102
                ]
            }
        }
    },
    "random_8": {
        "training": {
            "loss": [
                0.42853498378187227
            ],
            "accuracy": [
                0.8546974522292994
            ]
        },
        "validation": {
            "random_8": {
                "accuracy": [
                    0.9637738853503185
                ]
            }
        }
    },
    "random_9": {
        "training": {
            "loss": [
                0.4568735214934987
            ],
            "accuracy": [
                0.8445461783439491
            ]
        },
        "validation": {
            "random_9": {
                "accuracy": [
                    0.9621815286624203
                ]
            }
        }
    },
    "random_10": {
        "training": {
            "loss": [
                0.46055260718248453
            ],
            "accuracy": [
                0.8542993630573248
            ]
        },
        "validation": {
            "random_10": {
                "accuracy": [
                    0.9721337579617835
                ]
            }
        }
    },
    "cont_1": {
        "training": {
            "loss": [
                0.19485165087423126
            ],
            "accuracy": [
                0.933718152866242
            ]
        },
        "validation": {
            "cont_1": {
                "accuracy": [
                    0.9661624203821656
                ]
            },
            "cont_2": {
                "accuracy": [
                    0.85828025477707
                ]
            },
            "cont_3": {
                "accuracy": [
                    0.8550955414012739
                ]
            },
            "cont_4": {
                "accuracy": [
                    0.8525079617834395
                ]
            },
            "cont_5": {
                "accuracy": [
                    0.8602707006369427
                ]
            },
            "cont_6": {
                "accuracy": [
                    0.847531847133758
                ]
            },
            "cont_7": {
                "accuracy": [
                    0.8562898089171974
                ]
            },
            "cont_8": {
                "accuracy": [
                    0.8562898089171974
                ]
            },
            "cont_9": {
                "accuracy": [
                    0.8580812101910829
                ]
            },
            "cont_10": {
                "accuracy": [
                    0.8479299363057324
                ]
            }
        }
    },
    "cont_2": {
        "training": {
            "loss": [
                0.4826431615147621
            ],
            "accuracy": [
                0.8473328025477707
            ]
        },
        "validation": {
            "cont_1": {
                "accuracy": [
                    0.9249601910828026
                ]
            },
            "cont_2": {
                "accuracy": [
                    0.9394904458598726
                ]
            },
            "cont_3": {
                "accuracy": [
                    0.8807722929936306
                ]
            },
            "cont_4": {
                "accuracy": [
                    0.870421974522293
                ]
            },
            "cont_5": {
                "accuracy": [
                    0.8722133757961783
                ]
            },
            "cont_6": {
                "accuracy": [
                    0.8734076433121019
                ]
            },
            "cont_7": {
                "accuracy": [
                    0.8694267515923567
                ]
            },
            "cont_8": {
                "accuracy": [
                    0.8676353503184714
                ]
            },
            "cont_9": {
                "accuracy": [
                    0.8630573248407644
                ]
            },
            "cont_10": {
                "accuracy": [
                    0.8634554140127388
                ]
            }
        }
    },
    "cont_3": {
        "training": {
            "loss": [
                0.41951801542453704
            ],
            "accuracy": [
                0.8680334394904459
            ]
        },
        "validation": {
            "cont_1": {
                "accuracy": [
                    0.9299363057324841
                ]
            },
            "cont_2": {
                "accuracy": [
                    0.9345143312101911
                ]
            },
            "cont_3": {
                "accuracy": [
                    0.9699442675159236
                ]
            },
            "cont_4": {
                "accuracy": [
                    0.8927149681528662
                ]
            },
            "cont_5": {
                "accuracy": [
                    0.8966958598726115
                ]
            },
            "cont_6": {
                "accuracy": [
                    0.8915207006369427
                ]
            },
            "cont_7": {
                "accuracy": [
                    0.888734076433121
                ]
            },
            "cont_8": {
                "accuracy": [
                    0.8939092356687898
                ]
            },