{
    "random_1": {
        "training": {
            "loss": [
                0.25306048206151865
            ],
            "accuracy": [
                0.9132388178913738
            ]
        },
        "validation": {
            "random_1": {
                "accuracy": [
                    0.9750399361022364
                ],
                "flatness": [
                    0.555466030104444
                ]
            }
        }
    },
    "random_2": {
        "training": {
            "loss": [
                0.18446409501159153
            ],
            "accuracy": [
                0.9371006389776357
            ]
        },
        "validation": {
            "random_2": {
                "accuracy": [
                    0.9714456869009584
                ],
                "flatness": [
                    0.6751374614594039
                ]
            }
        }
    },
    "random_3": {
        "training": {
            "loss": [
                0.3334304830803277
            ],
            "accuracy": [
                0.8865814696485623
            ]
        },
        "validation": {
            "random_3": {
                "accuracy": [
                    0.9665535143769968
                ],
                "flatness": [
                    0.6147001859312053
                ]
            }
        }
    },
    "random_4": {
        "training": {
            "loss": [
                0.324870642393637
            ],
            "accuracy": [
                0.8917731629392971
            ]
        },
        "validation": {
            "random_4": {
                "accuracy": [
                    0.9681509584664537
                ],
                "flatness": [
                    0.661901232339899
                ]
            }
        }
    },
    "random_5": {
        "training": {
            "loss": [
                0.31555483405725265
            ],
            "accuracy": [
                0.8929712460063898
            ]
        },
        "validation": {
            "random_5": {
                "accuracy": [
                    0.9755391373801917
                ],
                "flatness": [
                    0.6276577371814553
                ]
            }
        }
    },
    "cont_1": {
        "training": {
            "loss": [
                0.22359950136476622
            ],
            "accuracy": [
                0.9204273162939297
            ]
        },
        "validation": {
            "cont_1": {
                "accuracy": [
                    0.9602635782747604
                ],
                "flatness": [
                    0.6689650914951134
                ]
            },
            "cont_2": {
                "accuracy": [
                    0.926617412140575
                ],
                "flatness": [
                    0.6156886380777934
                ]
            },
            "cont_3": {
                "accuracy": [
                    0.8816892971246006
                ],
                "flatness": [
                    0.7055436813497906
                ]
            },
            "cont_4": {
                "accuracy": [
                    0.8850838658146964
                ],
                "flatness": [
                    0.7399104624929499
                ]
            },
            "cont_5": {
                "accuracy": [
                    0.8876797124600639
                ],
                "flatness": [
                    0.6728391069620965
                ]
            }
        }
    },
    "cont_2": {
        "training": {
            "loss": [
                0.18181015832569844
            ],
            "accuracy": [
                0.9386980830670927
            ]
        },
        "validation": {
            "cont_1": {
                "accuracy": [
                    0.9673522364217252
                ],
                "flatness": [
                    0.6961657549798741
                ]
            },
            "cont_2": {
                "accuracy": [
                    0.9770367412140575
                ],
                "flatness": [
                    0.7610304261189454
                ]
            },
            "cont_3": {
                "accuracy": [
                    0.9165335463258786
                ],
                "flatness": [
                    0.7130296840958605
                ]
            },
            "cont_4": {
                "accuracy": [
                    0.9182308306709265
                ],
                "flatness": [
                    0.7002256170490379
                ]
            },
            "cont_5": {
                "accuracy": [
                    0.9217252396166135
                ],
                "flatness": [
                    0.6515889027296361
                ]
            }
        }
    },
    "cont_3": {
        "training": {
            "loss": [
                0.2665603444182549
            ],
            "accuracy": [
                0.9113418530351438
            ]
        },
        "validation": {
            "cont_1": {
                "accuracy": [
                    0.9592651757188498
                ],
                "flatness": [
                    0.6256823740632805
                ]
            },
            "cont_2": {
                "accuracy": [
                    0.9674520766773163
                ],
                "flatness": [
                    0.7076012641898866
                ]
            },
            "cont_3": {
                "accuracy": [
                    0.9730431309904153
                ],
                "flatness": [
                    0.7402678021752515
                ]
            },
            "cont_4": {
                "accuracy": [
                    0.9236222044728435
                ],
                "flatness": [
                    0.760423197492163
                ]
            },
            "cont_5": {
                "accuracy": [
                    0.9256190095846646
                ],
                "flatness": [
                    0.6781779203969367
                ]
            }
        }
    },
    "cont_4": {
        "training": {
            "loss": [
                0.28233880776995285
            ],
            "accuracy": [
                0.90435303514377
            ]
        },
        "validation": {
            "cont_1": {
                "accuracy": [
                    0.9523761980830671
                ],
                "flatness": [
                    0.615442525421952
                ]
            },
            "cont_2": {
                "accuracy": [
                    0.9616613418530351
                ],
                "flatness": [
                    0.6462611607142857
                ]
            },
            "cont_3": {
                "accuracy": [
                    0.9555710862619808
                ],
                "flatness": [
                    0.738678037822589
                ]
            },
            "cont_4": {
                "accuracy": [
                    0.9792332268370607
                ],
                "flatness": [
                    0.6593966659869493
                ]
            },
            "cont_5": {
                "accuracy": [
                    0.9278154952076677
                ],
                "flatness": [
                    0.7645647261379533
                ]
            }
        }
    },
    "cont_5": {
        "training": {
            "loss": [
                0.2542291784022277
            ],
            "accuracy": [
                0.9140375399361023
            ]
        },
        "validation": {
            "cont_1": {
                "accuracy": [
                    0.9475838658146964
                ],
                "flatness": [
                    0.7912805552628807
                ]
            },