{
    "joint_training": {
        "training": {
            "loss": [
                2.687844069623023,
                2.1496504714344584
            ],
            "accuracy": [
                0.3282565689357817,
                0.44214137161408135
            ]
        },
        "validation": {
            "cont_1": {
                "accuracy": [
                    0.5308062880324543
                ],
                "flatness": [
                    0.1456950686709464
                ]
            },
            "cont_2": {
                "accuracy": [
                    0.5331833164300203
                ],
                "flatness": [
                    0.1719233588935782
                ]
            },
            "cont_3": {
                "accuracy": [
                    0.5267177991886409
                ],
                "flatness": [
                    0.13184373976238709
                ]
            },
            "cont_4": {
                "accuracy": [
                    0.533975659229209
                ],
                "flatness": [
                    0.17568802939173309
                ]
            },
            "cont_5": {
                "accuracy": [
                    0.5314084685598377
                ],
                "flatness": [
                    0.1363823720595952
                ]
            }
        }
    }
}