{
    "random_1": {
        "training": {
            "loss": [
                0.06173097567964986
            ],
            "accuracy": [
                0.9803941082802548
            ]
        },
        "validation": {
            "random_1": {
                "accuracy": [
                    0.9930334394904459
                ],
                "flatness": [
                    0.7838592413791222
                ]
            }
        }
    },
    "random_2": {
        "training": {
            "loss": [
                0.11147988004651467
            ],
            "accuracy": [
                0.9633757961783439
            ]
        },
        "validation": {
            "random_2": {
                "accuracy": [
                    0.9917396496815286
                ],
                "flatness": [
                    0.7599493224789494
                ]
            }
        }
    },
    "random_3": {
        "training": {
            "loss": [
                0.16512830421376
            ],
            "accuracy": [
                0.9432722929936306
            ]
        },
        "validation": {
            "random_3": {
                "accuracy": [
                    0.9857683121019108
                ],
                "flatness": [
                    0.6983369514883196
                ]
            }
        }
    },
    "random_4": {
        "training": {
            "loss": [
                0.1580627777133208
            ],
            "accuracy": [
                0.9481488853503185
            ]
        },
        "validation": {
            "random_4": {
                "accuracy": [
                    0.9901472929936306
                ],
                "flatness": [
                    0.7010478455093664
                ]
            }
        }
    },
    "random_5": {
        "training": {
            "loss": [
                0.1475173959591586
            ],
            "accuracy": [
                0.9487460191082803
            ]
        },
        "validation": {
            "random_5": {
                "accuracy": [
                    0.9903463375796179
                ],
                "flatness": [
                    0.6931760629329619
                ]
            }
        }
    },
    "cont_1": {
        "training": {
            "loss": [
                0.03953499404066924
            ],
            "accuracy": [
                0.9861664012738853
            ]
        },
        "validation": {
            "cont_1": {
                "accuracy": [
                    0.9875597133757962
                ],
                "flatness": [
                    0.777563742011302
                ]
            },
            "cont_2": {
                "accuracy": [
                    0.9507364649681529
                ],
                "flatness": [
                    0.7678669018607158
                ]
            },
            "cont_3": {
                "accuracy": [
                    0.9352109872611465
                ],
                "flatness": [
                    0.773931308501551
                ]
            },
            "cont_4": {
                "accuracy": [
                    0.9374004777070064
                ],
                "flatness": [
                    0.830504831456242
                ]
            },
            "cont_5": {
                "accuracy": [
                    0.9380971337579618
                ],
                "flatness": [
                    0.7628474440363191
                ]
            }
        }
    },
    "cont_2": {
        "training": {
            "loss": [
                0.18526255284809762
            ],
            "accuracy": [
                0.9410828025477707
            ]
        },
        "validation": {
            "cont_1": {
                "accuracy": [
                    0.9838773885350318
                ],
                "flatness": [
                    0.7632429704621764
                ]
            },
            "cont_2": {
                "accuracy": [
                    0.9852707006369427
                ],
                "flatness": [
                    0.743093688078601
                ]
            },
            "cont_3": {
                "accuracy": [
                    0.9444665605095541
                ],
                "flatness": [
                    0.7317705492073918
                ]
            },
            "cont_4": {
                "accuracy": [
                    0.9448646496815286
                ],
                "flatness": [
                    0.6739143148557447
                ]
            },
            "cont_5": {
                "accuracy": [
                    0.9472531847133758
                ],
                "flatness": [
                    0.7839690595696167
                ]
            }
        }
    },
    "cont_3": {
        "training": {
            "loss": [
                0.19934011039555452
            ],
            "accuracy": [
                0.9338176751592356
            ]
        },
        "validation": {
            "cont_1": {
                "accuracy": [
                    0.9776074840764332
                ],
                "flatness": [
                    0.742365622110259
                ]
            },
            "cont_2": {
                "accuracy": [
                    0.9754179936305732
                ],
                "flatness": [
                    0.7266916642686735
                ]
            },
            "cont_3": {
                "accuracy": [
                    0.9815883757961783
                ],
                "flatness": [
                    0.7986497522041037
                ]
            },
            "cont_4": {
                "accuracy": [
                    0.9459593949044586
                ],
                "flatness": [
                    0.7946628096779669
                ]
            },
            "cont_5": {
                "accuracy": [
                    0.9463574840764332
                ],
                "flatness": [
                    0.798538753705291
                ]
            }
        }
    },
    "cont_4": {
        "training": {
            "loss": [
                0.18996375515629912
            ],
            "accuracy": [
                0.9365047770700637
            ]
        },
        "validation": {
            "cont_1": {
                "accuracy": [
                    0.9749203821656051
                ],
                "flatness": [
                    0.643722438646755
                ]
            },
            "cont_2": {
                "accuracy": [
                    0.9682523885350318
                ],
                "flatness": [
                    0.6993915100726971
                ]
            },
            "cont_3": {
                "accuracy": [
                    0.9754179936305732
                ],
                "flatness": [
                    0.7011016747499288
                ]
            },
            "cont_4": {
                "accuracy": [
                    0.9819864649681529
                ],
                "flatness": [
                    0.7604563193467657
                ]
            },
            "cont_5": {
                "accuracy": [
                    0.946656050955414
                ],
                "flatness": [
                    0.7776138044035263
                ]
            }
        }
    },
    "cont_5": {
        "training": {
            "loss": [
                0.4128319959446883
            ],
            "accuracy": [
                0.8614649681528662
            ]
        },
        "validation": {
            "cont_1": {
                "accuracy": [
                    0.9304339171974523
                ],
                "flatness": [
                    0.7651000113369425
                ]
            },