{
    "random_1": {
        "training": {
            "loss": [
                0.5296733141342799
            ],
            "accuracy": [
                0.7614166666666666
            ]
        },
        "validation": {
            "random_1": {
                "accuracy": [
                    0.8915833333333333
                ]
            }
        }
    },
    "random_2": {
        "training": {
            "loss": [
                0.5181227501879135
            ],
            "accuracy": [
                0.7691666666666667
            ]
        },
        "validation": {
            "random_2": {
                "accuracy": [
                    0.7956666666666666
                ]
            }
        }
    },
    "random_3": {
        "training": {
            "loss": [
                0.5207251997689406
            ],
            "accuracy": [
                0.7689166666666667
            ]
        },
        "validation": {
            "random_3": {
                "accuracy": [
                    0.8951666666666667
                ]
            }
        }
    },
    "random_4": {
        "training": {
            "loss": [
                0.5426335754444201
            ],
            "accuracy": [
                0.75875
            ]
        },
        "validation": {
            "random_4": {
                "accuracy": [
                    0.8815833333333334
                ]
            }
        }
    },
    "random_5": {
        "training": {
            "loss": [
                0.5010852526972691
            ],
            "accuracy": [
                0.774
            ]
        },
        "validation": {
            "random_5": {
                "accuracy": [
                    0.8695833333333334
                ]
            }
        }
    },
    "cont_1": {
        "training": {
            "loss": [
                0.5241103668212891
            ],
            "accuracy": [
                0.7656666666666667
            ]
        },
        "validation": {
            "cont_1": {
                "accuracy": [
                    0.8219166666666666
                ]
            },
            "cont_2": {
                "accuracy": [
                    0.78125
                ]
            },
            "cont_3": {
                "accuracy": [
                    0.7850833333333334
                ]
            },
            "cont_4": {
                "accuracy": [
                    0.7845
                ]
            },
            "cont_5": {
                "accuracy": [
                    0.7889166666666667
                ]
            }
        }
    },
    "cont_2": {
        "training": {
            "loss": [
                0.5936371665795644
            ],
            "accuracy": [
                0.8376666666666667
            ]
        },
        "validation": {
            "cont_1": {
                "accuracy": [
                    0.8875833333333333
                ]
            },
            "cont_2": {
                "accuracy": [
                    0.907
                ]
            },
            "cont_3": {
                "accuracy": [
                    0.8681666666666666
                ]
            },
            "cont_4": {
                "accuracy": [
                    0.8641666666666666
                ]
            },
            "cont_5": {
                "accuracy": [
                    0.8664166666666666
                ]
            }
        }
    },
    "cont_3": {
        "training": {
            "loss": [
                0.47108456365267437
            ],
            "accuracy": [
                0.8634166666666667
            ]
        },
        "validation": {
            "cont_1": {
                "accuracy": [
                    0.8956666666666667
                ]
            },
            "cont_2": {
                "accuracy": [
                    0.9056666666666666
                ]
            },
            "cont_3": {
                "accuracy": [
                    0.929
                ]
            },
            "cont_4": {
                "accuracy": [
                    0.8868333333333334
                ]
            },
            "cont_5": {
                "accuracy": [
                    0.8883333333333333
                ]
            }
        }
    },
    "cont_4": {
        "training": {
            "loss": [
                0.41746837564309436
            ],
            "accuracy": [
                0.8754166666666666
            ]
        },
        "validation": {
            "cont_1": {
                "accuracy": [
                    0.8765
                ]
            },
            "cont_2": {
                "accuracy": [
                    0.8844166666666666
                ]
            },
            "cont_3": {
                "accuracy": [
                    0.89175
                ]
            },
            "cont_4": {
                "accuracy": [
                    0.9045833333333333
                ]
            },
            "cont_5": {
                "accuracy": [
                    0.8755
                ]
            }
        }
    },
    "cont_5": {
        "training": {
            "loss": [
                0.40232078515489894
            ],
            "accuracy": [
                0.8833333333333333
            ]
        },
        "validation": {
            "cont_1": {
                "accuracy": [
                    0.88425
                ]
            },
            "cont_2": {
                "accuracy": [
                    0.887
                ]
            },
            "cont_3": {
                "accuracy": [
                    0.8911666666666667
                ]
            },
            "cont_4": {
                "accuracy": [
                    0.8996666666666666
                ]
            },
            "cont_5": {
                "accuracy": [
                    0.91225
                ]
            }
        }
    },
    "training_metrics": {
        "training": {},
        "validation": {
            "cont_1": {
                "accuracy": [
                    0.88425
                ],
                "flatness": [
                    0.8310244086325511
                ]
            },
            "cont_2": {
                "accuracy": [
                    0.887
                ],
                "flatness": [
                    0.7897406989853438
                ]
            },
            "cont_3": {
                "accuracy": [
                    0.8911666666666667
                ],
                "flatness": [
                    0.8528146624275295
                ]
            },
            "cont_4": {
                "accuracy": [
                    0.8996666666666666
                ],
                "flatness": [
                    0.8818080770655801
                ]
            },
            "cont_5": {
                "accuracy": [
                    0.91225
                ],
                "flatness": [
                    0.830547181876313
                ]
            }
        }
    }
}