{
    "random_1": {
        "training": {
            "loss": [
                0.7609390439880881
            ],
            "accuracy": [
                0.7406449044585988
            ]
        },
        "validation": {
            "random_1": {
                "accuracy": [
                    0.9333200636942676
                ]
            }
        }
    },
    "random_2": {
        "training": {
            "loss": [
                0.7538476589189214
            ],
            "accuracy": [
                0.7412420382165605
            ]
        },
        "validation": {
            "random_2": {
                "accuracy": [
                    0.9257563694267515
                ]
            }
        }
    },
    "random_3": {
        "training": {
            "loss": [
                0.7643037336836954
            ],
            "accuracy": [
                0.7382563694267515
            ]
        },
        "validation": {
            "random_3": {
                "accuracy": [
                    0.9478503184713376
                ]
            }
        }
    },
    "random_4": {
        "training": {
            "loss": [
                0.7681685221043362
            ],
            "accuracy": [
                0.7436305732484076
            ]
        },
        "validation": {
            "random_4": {
                "accuracy": [
                    0.9424761146496815
                ]
            }
        }
    },
    "random_5": {
        "training": {
            "loss": [
                0.7614785212620049
            ],
            "accuracy": [
                0.7438296178343949
            ]
        },
        "validation": {
            "random_5": {
                "accuracy": [
                    0.9498407643312102
                ]
            }
        }
    },
    "random_6": {
        "training": {
            "loss": [
                0.7601363026792076
            ],
            "accuracy": [
                0.741640127388535
            ]
        },
        "validation": {
            "random_6": {
                "accuracy": [
                    0.9156050955414012
                ]
            }
        }
    },
    "random_7": {
        "training": {
            "loss": [
                0.7520573195188668
            ],
            "accuracy": [
                0.7412420382165605
            ]
        },
        "validation": {
            "random_7": {
                "accuracy": [
                    0.9480493630573248
                ]
            }
        }
    },
    "random_8": {
        "training": {
            "loss": [
                0.7444379541334832
            ],
            "accuracy": [
                0.7466162420382165
            ]
        },
        "validation": {
            "random_8": {
                "accuracy": [
                    0.9373009554140127
                ]
            }
        }
    },
    "random_9": {
        "training": {
            "loss": [
                0.7596243742355115
            ],
            "accuracy": [
                0.7428343949044586
            ]
        },
        "validation": {
            "random_9": {
                "accuracy": [
                    0.9297372611464968
                ]
            }
        }
    },
    "random_10": {
        "training": {
            "loss": [
                0.7714059885330261
            ],
            "accuracy": [
                0.7398487261146497
            ]
        },
        "validation": {
            "random_10": {
                "accuracy": [
                    0.9307324840764332
                ]
            }
        }
    },
    "cont_1": {
        "training": {
            "loss": [
                0.7562019760441628
            ],
            "accuracy": [
                0.7374601910828026
            ]
        },
        "validation": {
            "cont_1": {
                "accuracy": [
                    0.9456608280254777
                ]
            },
            "cont_2": {
                "accuracy": [
                    0.8447452229299363
                ]
            },
            "cont_3": {
                "accuracy": [
                    0.8491242038216561
                ]
            },
            "cont_4": {
                "accuracy": [
                    0.8539012738853503
                ]
            },
            "cont_5": {
                "accuracy": [
                    0.8481289808917197
                ]
            },
            "cont_6": {
                "accuracy": [
                    0.8515127388535032
                ]
            },
            "cont_7": {
                "accuracy": [
                    0.8477308917197452
                ]
            },
            "cont_8": {
                "accuracy": [
                    0.8499203821656051
                ]
            },
            "cont_9": {
                "accuracy": [
                    0.8588773885350318
                ]
            },
            "cont_10": {
                "accuracy": [
                    0.857484076433121
                ]
            }
        }
    },
    "cont_2": {
        "training": {
            "loss": [
                0.5259298630960428
            ],
            "accuracy": [
                0.8206608280254777
            ]
        },
        "validation": {
            "cont_1": {
                "accuracy": [
                    0.9166003184713376
                ]
            },
            "cont_2": {
                "accuracy": [
                    0.9546178343949044
                ]
            },
            "cont_3": {
                "accuracy": [
                    0.8813694267515924
                ]
            },
            "cont_4": {
                "accuracy": [
                    0.8755971337579618
                ]
            },
            "cont_5": {
                "accuracy": [
                    0.8785828025477707
                ]
            },
            "cont_6": {
                "accuracy": [
                    0.8777866242038217
                ]
            },
            "cont_7": {
                "accuracy": [
                    0.878781847133758
                ]
            },
            "cont_8": {
                "accuracy": [
                    0.8722133757961783
                ]
            },
            "cont_9": {
                "accuracy": [
                    0.8831608280254777
                ]
            },
            "cont_10": {
                "accuracy": [
                    0.8748009554140127
                ]
            }
        }
    },
    "cont_3": {
        "training": {
            "loss": [
                0.4220822946565926
            ],
            "accuracy": [
                0.8568869426751592
            ]
        },
        "validation": {
            "cont_1": {
                "accuracy": [
                    0.9068471337579618
                ]
            },
            "cont_2": {
                "accuracy": [
                    0.9271496815286624
                ]
            },
            "cont_3": {
                "accuracy": [
                    0.9661624203821656
                ]
            },
            "cont_4": {
                "accuracy": [
                    0.8746019108280255
                ]
            },
            "cont_5": {
                "accuracy": [
                    0.8829617834394905
                ]
            },
            "cont_6": {
                "accuracy": [
                    0.8859474522292994
                ]
            },
            "cont_7": {
                "accuracy": [
                    0.8847531847133758
                ]
            },
            "cont_8": {
                "accuracy": [
                    0.879578025477707
                ]
            },