{
    "random_1": {
        "training": {
            "loss": [
                2.080244390646617
            ],
            "accuracy": [
                0.4698333333333333
            ]
        },
        "validation": {
            "random_1": {
                "accuracy": [
                    0.8045
                ]
            }
        }
    },
    "random_2": {
        "training": {
            "loss": [
                2.077469973087311
            ],
            "accuracy": [
                0.4705
            ]
        },
        "validation": {
            "random_2": {
                "accuracy": [
                    0.8188333333333333
                ]
            }
        }
    },
    "random_3": {
        "training": {
            "loss": [
                2.089261385758718
            ],
            "accuracy": [
                0.47
            ]
        },
        "validation": {
            "random_3": {
                "accuracy": [
                    0.8171666666666667
                ]
            }
        }
    },
    "random_4": {
        "training": {
            "loss": [
                2.0512494791348774
            ],
            "accuracy": [
                0.4735
            ]
        },
        "validation": {
            "random_4": {
                "accuracy": [
                    0.8033333333333333
                ]
            }
        }
    },
    "random_5": {
        "training": {
            "loss": [
                2.035595463593801
            ],
            "accuracy": [
                0.4820833333333333
            ]
        },
        "validation": {
            "random_5": {
                "accuracy": [
                    0.81925
                ]
            }
        }
    },
    "cont_1": {
        "training": {
            "loss": [
                2.093358270486196
            ],
            "accuracy": [
                0.4698333333333333
            ]
        },
        "validation": {
            "cont_1": {
                "accuracy": [
                    0.8018333333333333
                ]
            },
            "cont_2": {
                "accuracy": [
                    0.6395833333333333
                ]
            },
            "cont_3": {
                "accuracy": [
                    0.63525
                ]
            },
            "cont_4": {
                "accuracy": [
                    0.6365
                ]
            },
            "cont_5": {
                "accuracy": [
                    0.6360833333333333
                ]
            }
        }
    },
    "cont_2": {
        "training": {
            "loss": [
                -3294.1765667092004
            ],
            "accuracy": [
                0.3135
            ]
        },
        "validation": {
            "cont_1": {
                "accuracy": [
                    0.04516666666666667
                ]
            },
            "cont_2": {
                "accuracy": [
                    0.05333333333333334
                ]
            },
            "cont_3": {
                "accuracy": [
                    0.042
                ]
            },
            "cont_4": {
                "accuracy": [
                    0.04516666666666667
                ]
            },
            "cont_5": {
                "accuracy": [
                    0.04666666666666667
                ]
            }
        }
    },
    "cont_3": {
        "training": {
            "loss": [
                -596.705693262736
            ],
            "accuracy": [
                0.14691666666666667
            ]
        },
        "validation": {
            "cont_1": {
                "accuracy": [
                    0.14458333333333334
                ]
            },
            "cont_2": {
                "accuracy": [
                    0.15141666666666667
                ]
            },
            "cont_3": {
                "accuracy": [
                    0.19866666666666666
                ]
            },
            "cont_4": {
                "accuracy": [
                    0.14475
                ]
            },
            "cont_5": {
                "accuracy": [
                    0.15066666666666667
                ]
            }
        }
    },
    "cont_4": {
        "training": {
            "loss": [
                -37.151180453618366
            ],
            "accuracy": [
                0.20533333333333334
            ]
        },
        "validation": {
            "cont_1": {
                "accuracy": [
                    0.2175
                ]
            },
            "cont_2": {
                "accuracy": [
                    0.22183333333333333
                ]
            },
            "cont_3": {
                "accuracy": [
                    0.22533333333333333
                ]
            },
            "cont_4": {
                "accuracy": [
                    0.27191666666666664
                ]
            },
            "cont_5": {
                "accuracy": [
                    0.21441666666666667
                ]
            }
        }
    },
    "cont_5": {
        "training": {
            "loss": [
                -9.617990736325583
            ],
            "accuracy": [
                0.24325
            ]
        },
        "validation": {
            "cont_1": {
                "accuracy": [
                    0.25508333333333333
                ]
            },
            "cont_2": {
                "accuracy": [
                    0.27216666666666667
                ]
            },
            "cont_3": {
                "accuracy": [
                    0.27025
                ]
            },
            "cont_4": {
                "accuracy": [
                    0.2796666666666667
                ]
            },
            "cont_5": {
                "accuracy": [
                    0.3160833333333333
                ]
            }
        }
    },
    "training_metrics": {
        "training": {},
        "validation": {
            "cont_1": {
                "accuracy": [
                    0.25508333333333333
                ],
                "flatness": [
                    0.30498289172784954
                ]
            },
            "cont_2": {
                "accuracy": [
                    0.27216666666666667
                ],
                "flatness": [
                    0.22963870177587262
                ]
            },
            "cont_3": {
                "accuracy": [
                    0.27025
                ],
                "flatness": [
                    0.2988217537367934
                ]
            },
            "cont_4": {
                "accuracy": [
                    0.2796666666666667
                ],
                "flatness": [
                    0.2223041214478389
                ]
            },
            "cont_5": {
                "accuracy": [
                    0.3160833333333333
                ],
                "flatness": [
                    0.3012821402306187
                ]
            }
        }
    }
}