{
    "random_1": {
        "training": {
            "loss": [
                0.6405190577208996
            ],
            "accuracy": [
                0.7835833333333333
            ]
        },
        "validation": {
            "random_1": {
                "accuracy": [
                    0.7898333333333334
                ]
            }
        }
    },
    "random_2": {
        "training": {
            "loss": [
                0.6485031069219113
            ],
            "accuracy": [
                0.7770833333333333
            ]
        },
        "validation": {
            "random_2": {
                "accuracy": [
                    0.8360833333333333
                ]
            }
        }
    },
    "random_3": {
        "training": {
            "loss": [
                0.6444252247611681
            ],
            "accuracy": [
                0.7775833333333333
            ]
        },
        "validation": {
            "random_3": {
                "accuracy": [
                    0.8958333333333334
                ]
            }
        }
    },
    "random_4": {
        "training": {
            "loss": [
                0.6286531071960926
            ],
            "accuracy": [
                0.784
            ]
        },
        "validation": {
            "random_4": {
                "accuracy": [
                    0.9116666666666666
                ]
            }
        }
    },
    "random_5": {
        "training": {
            "loss": [
                0.6426839778870345
            ],
            "accuracy": [
                0.78375
            ]
        },
        "validation": {
            "random_5": {
                "accuracy": [
                    0.8639166666666667
                ]
            }
        }
    },
    "cont_1": {
        "training": {
            "loss": [
                0.661953184992075
            ],
            "accuracy": [
                0.7714166666666666
            ]
        },
        "validation": {
            "cont_1": {
                "accuracy": [
                    0.8630833333333333
                ]
            },
            "cont_2": {
                "accuracy": [
                    0.8105833333333333
                ]
            },
            "cont_3": {
                "accuracy": [
                    0.8209166666666666
                ]
            },
            "cont_4": {
                "accuracy": [
                    0.8225833333333333
                ]
            },
            "cont_5": {
                "accuracy": [
                    0.8200833333333334
                ]
            }
        }
    },
    "cont_2": {
        "training": {
            "loss": [
                0.4795309265529116
            ],
            "accuracy": [
                0.83725
            ]
        },
        "validation": {
            "cont_1": {
                "accuracy": [
                    0.8629166666666667
                ]
            },
            "cont_2": {
                "accuracy": [
                    0.8880833333333333
                ]
            },
            "cont_3": {
                "accuracy": [
                    0.8446666666666667
                ]
            },
            "cont_4": {
                "accuracy": [
                    0.8474166666666667
                ]
            },
            "cont_5": {
                "accuracy": [
                    0.8448333333333333
                ]
            }
        }
    },
    "cont_3": {
        "training": {
            "loss": [
                0.41398813255379596
            ],
            "accuracy": [
                0.8599166666666667
            ]
        },
        "validation": {
            "cont_1": {
                "accuracy": [
                    0.8885833333333333
                ]
            },
            "cont_2": {
                "accuracy": [
                    0.8911666666666667
                ]
            },
            "cont_3": {
                "accuracy": [
                    0.91825
                ]
            },
            "cont_4": {
                "accuracy": [
                    0.869
                ]
            },
            "cont_5": {
                "accuracy": [
                    0.8733333333333333
                ]
            }
        }
    },
    "cont_4": {
        "training": {
            "loss": [
                0.38963115444779395
            ],
            "accuracy": [
                0.8666666666666667
            ]
        },
        "validation": {
            "cont_1": {
                "accuracy": [
                    0.86275
                ]
            },
            "cont_2": {
                "accuracy": [
                    0.8578333333333333
                ]
            },
            "cont_3": {
                "accuracy": [
                    0.8686666666666667
                ]
            },
            "cont_4": {
                "accuracy": [
                    0.8859166666666667
                ]
            },
            "cont_5": {
                "accuracy": [
                    0.8531666666666666
                ]
            }
        }
    },
    "cont_5": {
        "training": {
            "loss": [
                0.3555032020993531
            ],
            "accuracy": [
                0.8770833333333333
            ]
        },
        "validation": {
            "cont_1": {
                "accuracy": [
                    0.88725
                ]
            },
            "cont_2": {
                "accuracy": [
                    0.8895833333333333
                ]
            },
            "cont_3": {
                "accuracy": [
                    0.9000833333333333
                ]
            },
            "cont_4": {
                "accuracy": [
                    0.9026666666666666
                ]
            },
            "cont_5": {
                "accuracy": [
                    0.9256666666666666
                ]
            }
        }
    },
    "training_metrics": {
        "training": {},
        "validation": {
            "cont_1": {
                "accuracy": [
                    0.88725
                ],
                "flatness": [
                    0.36667605898375133
                ]
            },
            "cont_2": {
                "accuracy": [
                    0.8895833333333333
                ],
                "flatness": [
                    0.21901639344262294
                ]
            },
            "cont_3": {
                "accuracy": [
                    0.9000833333333333
                ],
                "flatness": [
                    0.15294880103694103
                ]
            },
            "cont_4": {
                "accuracy": [
                    0.9026666666666666
                ],
                "flatness": [
                    0.297082717872969
                ]
            },
            "cont_5": {
                "accuracy": [
                    0.9256666666666666
                ],
                "flatness": [
                    0.2929420237666547
                ]
            }
        }
    }
}