{
    "random_1": {
        "training": {
            "loss": [
                0.9534361888044558
            ],
            "accuracy": [
                0.7181509584664537
            ]
        },
        "validation": {
            "random_1": {
                "accuracy": [
                    0.9116413738019169
                ],
                "flatness": [
                    0.27980095279816014
                ]
            }
        }
    },
    "random_2": {
        "training": {
            "loss": [
                1.375669876417032
            ],
            "accuracy": [
                0.6109225239616614
            ]
        },
        "validation": {
            "random_2": {
                "accuracy": [
                    0.8626198083067093
                ],
                "flatness": [
                    0.3674761284722222
                ]
            }
        }
    },
    "random_3": {
        "training": {
            "loss": [
                1.3717434758576341
            ],
            "accuracy": [
                0.6132188498402555
            ]
        },
        "validation": {
            "random_3": {
                "accuracy": [
                    0.8448482428115016
                ],
                "flatness": [
                    0.3962435003545261
                ]
            }
        }
    },
    "random_4": {
        "training": {
            "loss": [
                1.3573634630194107
            ],
            "accuracy": [
                0.6205071884984026
            ]
        },
        "validation": {
            "random_4": {
                "accuracy": [
                    0.8513378594249201
                ],
                "flatness": [
                    0.40010554708572765
                ]
            }
        }
    },
    "random_5": {
        "training": {
            "loss": [
                1.3782955996525554
            ],
            "accuracy": [
                0.614117412140575
            ]
        },
        "validation": {
            "random_5": {
                "accuracy": [
                    0.8349640575079872
                ],
                "flatness": [
                    0.41333178883175903
                ]
            }
        }
    },
    "cont_1": {
        "training": {
            "loss": [
                0.8026881689747302
            ],
            "accuracy": [
                0.7656749201277955
            ]
        },
        "validation": {
            "cont_1": {
                "accuracy": [
                    0.8771964856230032
                ],
                "flatness": [
                    0.34155332346915546
                ]
            },
            "cont_2": {
                "accuracy": [
                    0.6143170926517572
                ],
                "flatness": [
                    0.39868966357874214
                ]
            },
            "cont_3": {
                "accuracy": [
                    0.6262979233226837
                ],
                "flatness": [
                    0.3511457835166587
                ]
            },
            "cont_4": {
                "accuracy": [
                    0.623202875399361
                ],
                "flatness": [
                    0.3955122556872797
                ]
            },
            "cont_5": {
                "accuracy": [
                    0.6182108626198083
                ],
                "flatness": [
                    0.2960281411498708
                ]
            }
        }
    },
    "cont_2": {
        "training": {
            "loss": [
                1.3145895345142473
            ],
            "accuracy": [
                0.6394768370607029
            ]
        },
        "validation": {
            "cont_1": {
                "accuracy": [
                    0.803214856230032
                ],
                "flatness": [
                    0.3606114045991299
                ]
            },
            "cont_2": {
                "accuracy": [
                    0.8638178913738019
                ],
                "flatness": [
                    0.35995723532131296
                ]
            },
            "cont_3": {
                "accuracy": [
                    0.6875
                ],
                "flatness": [
                    0.48380681818181814
                ]
            },
            "cont_4": {
                "accuracy": [
                    0.680111821086262
                ],
                "flatness": [
                    0.45086795361127424
                ]
            },
            "cont_5": {
                "accuracy": [
                    0.6733226837060703
                ],
                "flatness": [
                    0.4179946989916964
                ]
            }
        }
    },
    "cont_3": {
        "training": {
            "loss": [
                1.4682579767970612
            ],
            "accuracy": [
                0.5914536741214057
            ]
        },
        "validation": {
            "cont_1": {
                "accuracy": [
                    0.7160543130990416
                ],
                "flatness": [
                    0.43123692833240374
                ]
            },
            "cont_2": {
                "accuracy": [
                    0.7285343450479234
                ],
                "flatness": [
                    0.452267198848842
                ]
            },
            "cont_3": {
                "accuracy": [
                    0.8277755591054313
                ],
                "flatness": [
                    0.4138538776987094
                ]
            },
            "cont_4": {
                "accuracy": [
                    0.6538538338658147
                ],
                "flatness": [
                    0.49884524354863335
                ]
            },
            "cont_5": {
                "accuracy": [
                    0.647064696485623
                ],
                "flatness": [
                    0.3812287841382503
                ]
            }
        }
    },
    "cont_4": {
        "training": {
            "loss": [
                1.3323147274053897
            ],
            "accuracy": [
                0.6192092651757188
            ]
        },
        "validation": {
            "cont_1": {
                "accuracy": [
                    0.7075678913738019
                ],
                "flatness": [
                    0.44220579935092424
                ]
            },
            "cont_2": {
                "accuracy": [
                    0.7018769968051118
                ],
                "flatness": [
                    0.3486744310099573
                ]
            },
            "cont_3": {
                "accuracy": [
                    0.7290335463258786
                ],
                "flatness": [
                    0.47285418378526434
                ]
            },
            "cont_4": {
                "accuracy": [
                    0.8416533546325878
                ],
                "flatness": [
                    0.37755857058125747
                ]
            },
            "cont_5": {
                "accuracy": [
                    0.6565495207667732
                ],
                "flatness": [
                    0.38196852189781016
                ]
            }
        }
    },
    "cont_5": {
        "training": {
            "loss": [
                1.5593174922580537
            ],
            "accuracy": [
                0.5614017571884984
            ]
        },
        "validation": {
            "cont_1": {
                "accuracy": [
                    0.6682308306709265
                ],
                "flatness": [
                    0.3054357164201405
                ]
            },