{
    "random_1": {
        "training": {
            "loss": [
                0.27498941213047257
            ],
            "accuracy": [
                0.9076477635782748
            ]
        },
        "validation": {
            "random_1": {
                "accuracy": [
                    0.9797324281150159
                ],
                "flatness": [
                    0.5843033476001224
                ]
            }
        }
    },
    "random_2": {
        "training": {
            "loss": [
                0.40609285135429124
            ],
            "accuracy": [
                0.860323482428115
            ]
        },
        "validation": {
            "random_2": {
                "accuracy": [
                    0.9667531948881789
                ],
                "flatness": [
                    0.6349781834142312
                ]
            }
        }
    },
    "random_3": {
        "training": {
            "loss": [
                0.40520283198966006
            ],
            "accuracy": [
                0.8666134185303515
            ]
        },
        "validation": {
            "random_3": {
                "accuracy": [
                    0.9568690095846646
                ],
                "flatness": [
                    0.5790777598080135
                ]
            }
        }
    },
    "random_4": {
        "training": {
            "loss": [
                0.404080283741791
            ],
            "accuracy": [
                0.865714856230032
            ]
        },
        "validation": {
            "random_4": {
                "accuracy": [
                    0.9589656549520766
                ],
                "flatness": [
                    0.5073418792295679
                ]
            }
        }
    },
    "random_5": {
        "training": {
            "loss": [
                0.4109185516191557
            ],
            "accuracy": [
                0.8644169329073482
            ]
        },
        "validation": {
            "random_5": {
                "accuracy": [
                    0.9605630990415336
                ],
                "flatness": [
                    0.6663165211516474
                ]
            }
        }
    },
    "cont_1": {
        "training": {
            "loss": [
                0.2043673958415136
            ],
            "accuracy": [
                0.932008785942492
            ]
        },
        "validation": {
            "cont_1": {
                "accuracy": [
                    0.9489816293929713
                ],
                "flatness": [
                    0.5174132035770647
                ]
            },
            "cont_2": {
                "accuracy": [
                    0.8579273162939297
                ],
                "flatness": [
                    0.5450090189689283
                ]
            },
            "cont_3": {
                "accuracy": [
                    0.8636182108626198
                ],
                "flatness": [
                    0.6235122832369943
                ]
            },
            "cont_4": {
                "accuracy": [
                    0.8556309904153354
                ],
                "flatness": [
                    0.598973162193699
                ]
            },
            "cont_5": {
                "accuracy": [
                    0.8672124600638977
                ],
                "flatness": [
                    0.5801634814644255
                ]
            }
        }
    },
    "cont_2": {
        "training": {
            "loss": [
                0.4822176143098563
            ],
            "accuracy": [
                0.8574281150159745
            ]
        },
        "validation": {
            "cont_1": {
                "accuracy": [
                    0.9592651757188498
                ],
                "flatness": [
                    0.5550309637801831
                ]
            },
            "cont_2": {
                "accuracy": [
                    0.8753993610223643
                ],
                "flatness": [
                    0.6452412180656933
                ]
            },
            "cont_3": {
                "accuracy": [
                    0.8764976038338658
                ],
                "flatness": [
                    0.5089503360291604
                ]
            },
            "cont_4": {
                "accuracy": [
                    0.8698083067092651
                ],
                "flatness": [
                    0.5238672233700643
                ]
            },
            "cont_5": {
                "accuracy": [
                    0.8773961661341853
                ],
                "flatness": [
                    0.6446631770596267
                ]
            }
        }
    },
    "cont_3": {
        "training": {
            "loss": [
                0.47200004901653664
            ],
            "accuracy": [
                0.8651158146964856
            ]
        },
        "validation": {
            "cont_1": {
                "accuracy": [
                    0.9603634185303515
                ],
                "flatness": [
                    0.5879528797172263
                ]
            },
            "cont_2": {
                "accuracy": [
                    0.8750998402555911
                ],
                "flatness": [
                    0.5463662293211637
                ]
            },
            "cont_3": {
                "accuracy": [
                    0.8825878594249201
                ],
                "flatness": [
                    0.5213716063348416
                ]
            },
            "cont_4": {
                "accuracy": [
                    0.87310303514377
                ],
                "flatness": [
                    0.5804995711835335
                ]
            },
            "cont_5": {
                "accuracy": [
                    0.87689696485623
                ],
                "flatness": [
                    0.5546012182625526
                ]
            }
        }
    },
    "cont_4": {
        "training": {
            "loss": [
                0.48634771342737415
            ],
            "accuracy": [
                0.8593250798722045
            ]
        },
        "validation": {
            "cont_1": {
                "accuracy": [
                    0.9620607028753994
                ],
                "flatness": [
                    0.560726701951017
                ]
            },
            "cont_2": {
                "accuracy": [
                    0.8762979233226837
                ],
                "flatness": [
                    0.5901959667312293
                ]
            },
            "cont_3": {
                "accuracy": [
                    0.8815894568690096
                ],
                "flatness": [
                    0.5642773216308041
                ]
            },
            "cont_4": {
                "accuracy": [
                    0.8743011182108626
                ],
                "flatness": [
                    0.5660771382893686
                ]
            },
            "cont_5": {
                "accuracy": [
                    0.8814896166134185
                ],
                "flatness": [
                    0.6217281119039529
                ]
            }
        }
    },
    "cont_5": {
        "training": {
            "loss": [
                0.458904410239321
            ],
            "accuracy": [
                0.8650159744408946
            ]
        },
        "validation": {
            "cont_1": {
                "accuracy": [
                    0.9624600638977636
                ],
                "flatness": [
                    0.5146317427385892
                ]
            },