{
    "random_1": {
        "training": {
            "loss": [
                0.09169877334674702
            ],
            "accuracy": [
                0.9689477848101266
            ]
        },
        "validation": {
            "random_1": {
                "accuracy": [
                    0.9897151898734177
                ]
            }
        }
    },
    "random_2": {
        "training": {
            "loss": [
                0.19143711497323423
            ],
            "accuracy": [
                0.9380933544303798
            ]
        },
        "validation": {
            "random_2": {
                "accuracy": [
                    0.9857594936708861
                ]
            }
        }
    },
    "random_3": {
        "training": {
            "loss": [
                0.3693040435827231
            ],
            "accuracy": [
                0.8866693037974683
            ]
        },
        "validation": {
            "random_3": {
                "accuracy": [
                    0.9729034810126582
                ]
            }
        }
    },
    "random_4": {
        "training": {
            "loss": [
                0.36106535924386374
            ],
            "accuracy": [
                0.8815268987341772
            ]
        },
        "validation": {
            "random_4": {
                "accuracy": [
                    0.9849683544303798
                ]
            }
        }
    },
    "random_5": {
        "training": {
            "loss": [
                0.36414068956163864
            ],
            "accuracy": [
                0.8823180379746836
            ]
        },
        "validation": {
            "random_5": {
                "accuracy": [
                    0.977254746835443
                ]
            }
        }
    },
    "random_6": {
        "training": {
            "loss": [
                0.3559951084324076
            ],
            "accuracy": [
                0.8870648734177216
            ]
        },
        "validation": {
            "random_6": {
                "accuracy": [
                    0.982001582278481
                ]
            }
        }
    },
    "random_7": {
        "training": {
            "loss": [
                0.3518868981848789
            ],
            "accuracy": [
                0.8852848101265823
            ]
        },
        "validation": {
            "random_7": {
                "accuracy": [
                    0.9770569620253164
                ]
            }
        }
    },
    "random_8": {
        "training": {
            "loss": [
                0.3466273514153082
            ],
            "accuracy": [
                0.8805379746835443
            ]
        },
        "validation": {
            "random_8": {
                "accuracy": [
                    0.9794303797468354
                ]
            }
        }
    },
    "random_9": {
        "training": {
            "loss": [
                0.3654900791147087
            ],
            "accuracy": [
                0.8840981012658228
            ]
        },
        "validation": {
            "random_9": {
                "accuracy": [
                    0.9760680379746836
                ]
            }
        }
    },
    "random_10": {
        "training": {
            "loss": [
                0.3635950389353535
            ],
            "accuracy": [
                0.8827136075949367
            ]
        },
        "validation": {
            "random_10": {
                "accuracy": [
                    0.9814082278481012
                ]
            }
        }
    },
    "cont_1": {
        "training": {
            "loss": [
                0.0983439844361023
            ],
            "accuracy": [
                0.964003164556962
            ]
        },
        "validation": {
            "cont_1": {
                "accuracy": [
                    0.9812104430379747
                ]
            },
            "cont_2": {
                "accuracy": [
                    0.9278085443037974
                ]
            },
            "cont_3": {
                "accuracy": [
                    0.8674841772151899
                ]
            },
            "cont_4": {
                "accuracy": [
                    0.8666930379746836
                ]
            },
            "cont_5": {
                "accuracy": [
                    0.868868670886076
                ]
            },
            "cont_6": {
                "accuracy": [
                    0.8757911392405063
                ]
            },
            "cont_7": {
                "accuracy": [
                    0.8751977848101266
                ]
            },
            "cont_8": {
                "accuracy": [
                    0.8765822784810127
                ]
            },
            "cont_9": {
                "accuracy": [
                    0.867879746835443
                ]
            },
            "cont_10": {
                "accuracy": [
                    0.8732199367088608
                ]
            }
        }
    },
    "cont_2": {
        "training": {
            "loss": [
                0.2945157477184187
            ],
            "accuracy": [
                0.9013053797468354
            ]
        },
        "validation": {
            "cont_1": {
                "accuracy": [
                    0.957871835443038
                ]
            },
            "cont_2": {
                "accuracy": [
                    0.9756724683544303
                ]
            },
            "cont_3": {
                "accuracy": [
                    0.8716376582278481
                ]
            },
            "cont_4": {
                "accuracy": [
                    0.881131329113924
                ]
            },
            "cont_5": {
                "accuracy": [
                    0.8777689873417721
                ]
            },
            "cont_6": {
                "accuracy": [
                    0.8868670886075949
                ]
            },
            "cont_7": {
                "accuracy": [
                    0.8833069620253164
                ]
            },
            "cont_8": {
                "accuracy": [
                    0.8854825949367089
                ]
            },
            "cont_9": {
                "accuracy": [
                    0.8783623417721519
                ]
            },
            "cont_10": {
                "accuracy": [
                    0.8791534810126582
                ]
            }
        }
    },
    "cont_3": {
        "training": {
            "loss": [
                0.4029927298992495
            ],
            "accuracy": [
                0.8651107594936709
            ]
        },
        "validation": {
            "cont_1": {
                "accuracy": [
                    0.9493670886075949
                ]
            },
            "cont_2": {
                "accuracy": [
                    0.9564873417721519
                ]
            },
            "cont_3": {
                "accuracy": [
                    0.9697389240506329
                ]
            },
            "cont_4": {
                "accuracy": [
                    0.8912183544303798
                ]
            },
            "cont_5": {
                "accuracy": [
                    0.8809335443037974
                ]
            },
            "cont_6": {
                "accuracy": [
                    0.8941851265822784
                ]
            },
            "cont_7": {
                "accuracy": [
                    0.8904272151898734
                ]
            },
            "cont_8": {
                "accuracy": [
                    0.8876582278481012
                ]
            },