{
    "random_1": {
        "training": {
            "loss": [
                2.3349855220355926
            ],
            "accuracy": [
                0.41992811501597443
            ]
        },
        "validation": {
            "random_1": {
                "accuracy": [
                    0.7752595846645367
                ],
                "flatness": [
                    0.3156704764971024
                ]
            }
        }
    },
    "random_2": {
        "training": {
            "loss": [
                2.3428140056019013
            ],
            "accuracy": [
                0.4123402555910543
            ]
        },
        "validation": {
            "random_2": {
                "accuracy": [
                    0.7515974440894568
                ],
                "flatness": [
                    0.21204835281615306
                ]
            }
        }
    },
    "random_3": {
        "training": {
            "loss": [
                2.3799147247887267
            ],
            "accuracy": [
                0.4045527156549521
            ]
        },
        "validation": {
            "random_3": {
                "accuracy": [
                    0.7638777955271565
                ],
                "flatness": [
                    0.3152602600967194
                ]
            }
        }
    },
    "random_4": {
        "training": {
            "loss": [
                2.3562784493921662
            ],
            "accuracy": [
                0.4139376996805112
            ]
        },
        "validation": {
            "random_4": {
                "accuracy": [
                    0.7577875399361023
                ],
                "flatness": [
                    0.2711429512516469
                ]
            }
        }
    },
    "random_5": {
        "training": {
            "loss": [
                2.3570238336587486
            ],
            "accuracy": [
                0.4073482428115016
            ]
        },
        "validation": {
            "random_5": {
                "accuracy": [
                    0.7545926517571885
                ],
                "flatness": [
                    0.31059804181000267
                ]
            }
        }
    },
    "cont_1": {
        "training": {
            "loss": [
                2.3671137570573118
            ],
            "accuracy": [
                0.4104432907348243
            ]
        },
        "validation": {
            "cont_1": {
                "accuracy": [
                    0.7676717252396166
                ],
                "flatness": [
                    0.21803956951489142
                ]
            },
            "cont_2": {
                "accuracy": [
                    0.5708865814696485
                ],
                "flatness": [
                    0.27335497551591464
                ]
            },
            "cont_3": {
                "accuracy": [
                    0.5761781150159745
                ],
                "flatness": [
                    0.3603350805752902
                ]
            },
            "cont_4": {
                "accuracy": [
                    0.586361821086262
                ],
                "flatness": [
                    0.3284288268346671
                ]
            },
            "cont_5": {
                "accuracy": [
                    0.5722843450479234
                ],
                "flatness": [
                    0.31534804605722255
                ]
            }
        }
    },
    "cont_2": {
        "training": {
            "loss": [
                1.575580553315318
            ],
            "accuracy": [
                0.5668929712460063
            ]
        },
        "validation": {
            "cont_1": {
                "accuracy": [
                    0.7106629392971247
                ],
                "flatness": [
                    0.4196675681371171
                ]
            },
            "cont_2": {
                "accuracy": [
                    0.8159944089456869
                ],
                "flatness": [
                    0.372676036950936
                ]
            },
            "cont_3": {
                "accuracy": [
                    0.6351837060702875
                ],
                "flatness": [
                    0.35791810751336056
                ]
            },
            "cont_4": {
                "accuracy": [
                    0.6462659744408946
                ],
                "flatness": [
                    0.42340587826355625
                ]
            },
            "cont_5": {
                "accuracy": [
                    0.6373801916932907
                ],
                "flatness": [
                    0.3278802474937343
                ]
            }
        }
    },
    "cont_3": {
        "training": {
            "loss": [
                1.3318872430834907
            ],
            "accuracy": [
                0.6219049520766773
            ]
        },
        "validation": {
            "cont_1": {
                "accuracy": [
                    0.7079672523961661
                ],
                "flatness": [
                    0.4060922295868002
                ]
            },
            "cont_2": {
                "accuracy": [
                    0.7458067092651757
                ],
                "flatness": [
                    0.3501347054886212
                ]
            },
            "cont_3": {
                "accuracy": [
                    0.8384584664536742
                ],
                "flatness": [
                    0.4607600023815194
                ]
            },
            "cont_4": {
                "accuracy": [
                    0.665435303514377
                ],
                "flatness": [
                    0.385086271567892
                ]
            },
            "cont_5": {
                "accuracy": [
                    0.6569488817891374
                ],
                "flatness": [
                    0.5217657674772036
                ]
            }
        }
    },
    "cont_4": {
        "training": {
            "loss": [
                1.1940463353841069
            ],
            "accuracy": [
                0.6587460063897763
            ]
        },
        "validation": {
            "cont_1": {
                "accuracy": [
                    0.71875
                ],
                "flatness": [
                    0.5502717391304348
                ]
            },
            "cont_2": {
                "accuracy": [
                    0.7398162939297125
                ],
                "flatness": [
                    0.5298507085020243
                ]
            },
            "cont_3": {
                "accuracy": [
                    0.7673722044728435
                ],
                "flatness": [
                    0.4311589253187614
                ]
            },
            "cont_4": {
                "accuracy": [
                    0.8655151757188498
                ],
                "flatness": [
                    0.43326796631676084
                ]
            },
            "cont_5": {
                "accuracy": [
                    0.6823083067092651
                ],
                "flatness": [
                    0.44025643839625406
                ]
            }
        }
    },
    "cont_5": {
        "training": {
            "loss": [
                1.3695302725599978
            ],
            "accuracy": [
                0.6140175718849841
            ]
        },
        "validation": {
            "cont_1": {
                "accuracy": [
                    0.689297124600639
                ],
                "flatness": [
                    0.4465599652375435
                ]
            },