{
    "random_1": {
        "training": {
            "loss": [
                0.16092817778118884
            ],
            "accuracy": [
                0.9443889776357828
            ]
        },
        "validation": {
            "random_1": {
                "accuracy": [
                    0.9831269968051118
                ],
                "flatness": [
                    0.6025496344064182
                ]
            }
        }
    },
    "random_2": {
        "training": {
            "loss": [
                0.3867611229038848
            ],
            "accuracy": [
                0.8728035143769968
            ]
        },
        "validation": {
            "random_2": {
                "accuracy": [
                    0.979632587859425
                ],
                "flatness": [
                    0.6272281390134529
                ]
            }
        }
    },
    "random_3": {
        "training": {
            "loss": [
                0.37324274219453524
            ],
            "accuracy": [
                0.8818889776357828
            ]
        },
        "validation": {
            "random_3": {
                "accuracy": [
                    0.9685503194888179
                ],
                "flatness": [
                    0.56281762189465
                ]
            }
        }
    },
    "random_4": {
        "training": {
            "loss": [
                0.36093504138933585
            ],
            "accuracy": [
                0.8803913738019169
            ]
        },
        "validation": {
            "random_4": {
                "accuracy": [
                    0.9806309904153354
                ],
                "flatness": [
                    0.6532783547139076
                ]
            }
        }
    },
    "random_5": {
        "training": {
            "loss": [
                0.37438449989587735
            ],
            "accuracy": [
                0.87689696485623
            ]
        },
        "validation": {
            "random_5": {
                "accuracy": [
                    0.9698482428115016
                ],
                "flatness": [
                    0.7070613290096768
                ]
            }
        }
    },
    "cont_1": {
        "training": {
            "loss": [
                0.12069466878130389
            ],
            "accuracy": [
                0.9599640575079872
            ]
        },
        "validation": {
            "cont_1": {
                "accuracy": [
                    0.9605630990415336
                ],
                "flatness": [
                    0.6189403388421162
                ]
            },
            "cont_2": {
                "accuracy": [
                    0.8571285942492013
                ],
                "flatness": [
                    0.5894954863133373
                ]
            },
            "cont_3": {
                "accuracy": [
                    0.8643170926517572
                ],
                "flatness": [
                    0.6187146240036965
                ]
            },
            "cont_4": {
                "accuracy": [
                    0.856729233226837
                ],
                "flatness": [
                    0.545543205920056
                ]
            },
            "cont_5": {
                "accuracy": [
                    0.8595247603833865
                ],
                "flatness": [
                    0.6280723661284702
                ]
            }
        }
    },
    "cont_2": {
        "training": {
            "loss": [
                0.5337202564215127
            ],
            "accuracy": [
                0.8234824281150159
            ]
        },
        "validation": {
            "cont_1": {
                "accuracy": [
                    0.930111821086262
                ],
                "flatness": [
                    0.620515108415629
                ]
            },
            "cont_2": {
                "accuracy": [
                    0.9537739616613419
                ],
                "flatness": [
                    0.6118784674971213
                ]
            },
            "cont_3": {
                "accuracy": [
                    0.8856829073482428
                ],
                "flatness": [
                    0.5764443129297712
                ]
            },
            "cont_4": {
                "accuracy": [
                    0.8875798722044729
                ],
                "flatness": [
                    0.5866549493813272
                ]
            },
            "cont_5": {
                "accuracy": [
                    0.8835862619808307
                ],
                "flatness": [
                    0.6348418079096045
                ]
            }
        }
    },
    "cont_3": {
        "training": {
            "loss": [
                0.3928347287205652
            ],
            "accuracy": [
                0.8708067092651757
            ]
        },
        "validation": {
            "cont_1": {
                "accuracy": [
                    0.9269169329073482
                ],
                "flatness": [
                    0.7465525366221456
                ]
            },
            "cont_2": {
                "accuracy": [
                    0.9223242811501597
                ],
                "flatness": [
                    0.6746711950638666
                ]
            },
            "cont_3": {
                "accuracy": [
                    0.9636581469648562
                ],
                "flatness": [
                    0.7341004455035226
                ]
            },
            "cont_4": {
                "accuracy": [
                    0.8993610223642172
                ],
                "flatness": [
                    0.770946658525755
                ]
            },
            "cont_5": {
                "accuracy": [
                    0.9009584664536742
                ],
                "flatness": [
                    0.760474844858156
                ]
            }
        }
    },
    "cont_4": {
        "training": {
            "loss": [
                0.3502622750787118
            ],
            "accuracy": [
                0.8817891373801917
            ]
        },
        "validation": {
            "cont_1": {
                "accuracy": [
                    0.9259185303514377
                ],
                "flatness": [
                    0.7112869312055208
                ]
            },
            "cont_2": {
                "accuracy": [
                    0.9106429712460063
                ],
                "flatness": [
                    0.7806983883346125
                ]
            },
            "cont_3": {
                "accuracy": [
                    0.932008785942492
                ],
                "flatness": [
                    0.7952832083556507
                ]
            },
            "cont_4": {
                "accuracy": [
                    0.9661541533546326
                ],
                "flatness": [
                    0.7958826340808102
                ]
            },
            "cont_5": {
                "accuracy": [
                    0.8980630990415336
                ],
                "flatness": [
                    0.8275187604224568
                ]
            }
        }
    },
    "cont_5": {
        "training": {
            "loss": [
                0.3830831677864154
            ],
            "accuracy": [
                0.8690095846645367
            ]
        },
        "validation": {
            "cont_1": {
                "accuracy": [
                    0.9260183706070287
                ],
                "flatness": [
                    0.794733153638814
                ]
            },