{
    "random_1": {
        "training": {
            "loss": [
                0.27570143600884145
            ],
            "accuracy": [
                0.9078474440894568
            ]
        },
        "validation": {
            "random_1": {
                "accuracy": [
                    0.9641573482428115
                ],
                "flatness": [
                    0.4464714714714715
                ]
            }
        }
    },
    "random_2": {
        "training": {
            "loss": [
                0.3982755364582371
            ],
            "accuracy": [
                0.8642172523961661
            ]
        },
        "validation": {
            "random_2": {
                "accuracy": [
                    0.9573682108626198
                ],
                "flatness": [
                    0.47575086036083014
                ]
            }
        }
    },
    "random_3": {
        "training": {
            "loss": [
                0.39051635003984925
            ],
            "accuracy": [
                0.8671126198083067
            ]
        },
        "validation": {
            "random_3": {
                "accuracy": [
                    0.9589656549520766
                ],
                "flatness": [
                    0.6132502602811035
                ]
            }
        }
    },
    "random_4": {
        "training": {
            "loss": [
                0.40440767876113565
            ],
            "accuracy": [
                0.8638178913738019
            ]
        },
        "validation": {
            "random_4": {
                "accuracy": [
                    0.9478833865814696
                ],
                "flatness": [
                    0.6024936802190857
                ]
            }
        }
    },
    "random_5": {
        "training": {
            "loss": [
                0.41447310501965473
            ],
            "accuracy": [
                0.8628194888178914
            ]
        },
        "validation": {
            "random_5": {
                "accuracy": [
                    0.9611621405750799
                ],
                "flatness": [
                    0.4326224420899553
                ]
            }
        }
    },
    "cont_1": {
        "training": {
            "loss": [
                0.2283951814848775
            ],
            "accuracy": [
                0.9206269968051118
            ]
        },
        "validation": {
            "cont_1": {
                "accuracy": [
                    0.9403953674121406
                ],
                "flatness": [
                    0.3877607760908801
                ]
            },
            "cont_2": {
                "accuracy": [
                    0.8463458466453674
                ],
                "flatness": [
                    0.5310052200070781
                ]
            },
            "cont_3": {
                "accuracy": [
                    0.8610223642172524
                ],
                "flatness": [
                    0.5169635609925789
                ]
            },
            "cont_4": {
                "accuracy": [
                    0.8545327476038339
                ],
                "flatness": [
                    0.4109519219534993
                ]
            },
            "cont_5": {
                "accuracy": [
                    0.8487420127795527
                ],
                "flatness": [
                    0.455867692036231
                ]
            }
        }
    },
    "cont_2": {
        "training": {
            "loss": [
                0.37574816413057116
            ],
            "accuracy": [
                0.8738019169329073
            ]
        },
        "validation": {
            "cont_1": {
                "accuracy": [
                    0.942991214057508
                ],
                "flatness": [
                    0.6296453149814717
                ]
            },
            "cont_2": {
                "accuracy": [
                    0.9604632587859425
                ],
                "flatness": [
                    0.6216482588357588
                ]
            },
            "cont_3": {
                "accuracy": [
                    0.9038538338658147
                ],
                "flatness": [
                    0.5410858279023527
                ]
            },
            "cont_4": {
                "accuracy": [
                    0.8986621405750799
                ],
                "flatness": [
                    0.6115862126430397
                ]
            },
            "cont_5": {
                "accuracy": [
                    0.8944688498402555
                ],
                "flatness": [
                    0.6710075064181271
                ]
            }
        }
    },
    "cont_3": {
        "training": {
            "loss": [
                0.3078630579927097
            ],
            "accuracy": [
                0.8975638977635783
            ]
        },
        "validation": {
            "cont_1": {
                "accuracy": [
                    0.9337060702875399
                ],
                "flatness": [
                    0.7957201668092386
                ]
            },
            "cont_2": {
                "accuracy": [
                    0.9375998402555911
                ],
                "flatness": [
                    0.7057581727185603
                ]
            },
            "cont_3": {
                "accuracy": [
                    0.9639576677316294
                ],
                "flatness": [
                    0.7148265147591921
                ]
            },
            "cont_4": {
                "accuracy": [
                    0.9030551118210862
                ],
                "flatness": [
                    0.6635461580983969
                ]
            },
            "cont_5": {
                "accuracy": [
                    0.9030551118210862
                ],
                "flatness": [
                    0.7372975400773909
                ]
            }
        }
    },
    "cont_4": {
        "training": {
            "loss": [
                0.30434737328332834
            ],
            "accuracy": [
                0.8974640575079872
            ]
        },
        "validation": {
            "cont_1": {
                "accuracy": [
                    0.9371006389776357
                ],
                "flatness": [
                    0.6825824366077136
                ]
            },
            "cont_2": {
                "accuracy": [
                    0.9386980830670927
                ],
                "flatness": [
                    0.703059854286322
                ]
            },
            "cont_3": {
                "accuracy": [
                    0.9548722044728435
                ],
                "flatness": [
                    0.7097644813885403
                ]
            },
            "cont_4": {
                "accuracy": [
                    0.9751397763578274
                ],
                "flatness": [
                    0.6533518480597932
                ]
            },
            "cont_5": {
                "accuracy": [
                    0.9126397763578274
                ],
                "flatness": [
                    0.6961690460562302
                ]
            }
        }
    },
    "cont_5": {
        "training": {
            "loss": [
                0.29025458554014233
            ],
            "accuracy": [
                0.9033546325878594
            ]
        },
        "validation": {
            "cont_1": {
                "accuracy": [
                    0.9371006389776357
                ],
                "flatness": [
                    0.6832077029618582
                ]
            },