{
    "random_1": {
        "training": {
            "loss": [
                0.7497016101316282
            ],
            "accuracy": [
                0.73546974522293
            ]
        },
        "validation": {
            "random_1": {
                "accuracy": [
                    0.9357085987261147
                ]
            }
        }
    },
    "random_2": {
        "training": {
            "loss": [
                0.7715845557914418
            ],
            "accuracy": [
                0.7428343949044586
            ]
        },
        "validation": {
            "random_2": {
                "accuracy": [
                    0.9384952229299363
                ]
            }
        }
    },
    "random_3": {
        "training": {
            "loss": [
                0.7647461180284525
            ],
            "accuracy": [
                0.7414410828025477
            ]
        },
        "validation": {
            "random_3": {
                "accuracy": [
                    0.9215764331210191
                ]
            }
        }
    },
    "random_4": {
        "training": {
            "loss": [
                0.7428001219489772
            ],
            "accuracy": [
                0.7468152866242038
            ]
        },
        "validation": {
            "random_4": {
                "accuracy": [
                    0.9410828025477707
                ]
            }
        }
    },
    "random_5": {
        "training": {
            "loss": [
                0.7575611235799303
            ],
            "accuracy": [
                0.7394506369426752
            ]
        },
        "validation": {
            "random_5": {
                "accuracy": [
                    0.919187898089172
                ]
            }
        }
    },
    "random_6": {
        "training": {
            "loss": [
                0.7652808040570301
            ],
            "accuracy": [
                0.7414410828025477
            ]
        },
        "validation": {
            "random_6": {
                "accuracy": [
                    0.9341162420382165
                ]
            }
        }
    },
    "random_7": {
        "training": {
            "loss": [
                0.7616337325162948
            ],
            "accuracy": [
                0.7404458598726115
            ]
        },
        "validation": {
            "random_7": {
                "accuracy": [
                    0.9259554140127388
                ]
            }
        }
    },
    "random_8": {
        "training": {
            "loss": [
                0.7620231738895368
            ],
            "accuracy": [
                0.7346735668789809
            ]
        },
        "validation": {
            "random_8": {
                "accuracy": [
                    0.9388933121019108
                ]
            }
        }
    },
    "random_9": {
        "training": {
            "loss": [
                0.7427219726667282
            ],
            "accuracy": [
                0.7460191082802548
            ]
        },
        "validation": {
            "random_9": {
                "accuracy": [
                    0.9436703821656051
                ]
            }
        }
    },
    "random_10": {
        "training": {
            "loss": [
                0.7801007429125962
            ],
            "accuracy": [
                0.7291003184713376
            ]
        },
        "validation": {
            "random_10": {
                "accuracy": [
                    0.9138136942675159
                ]
            }
        }
    },
    "cont_1": {
        "training": {
            "loss": [
                0.75170748296437
            ],
            "accuracy": [
                0.741640127388535
            ]
        },
        "validation": {
            "cont_1": {
                "accuracy": [
                    0.9363057324840764
                ]
            },
            "cont_2": {
                "accuracy": [
                    0.8477308917197452
                ]
            },
            "cont_3": {
                "accuracy": [
                    0.839968152866242
                ]
            },
            "cont_4": {
                "accuracy": [
                    0.8473328025477707
                ]
            },
            "cont_5": {
                "accuracy": [
                    0.84375
                ]
            },
            "cont_6": {
                "accuracy": [
                    0.8465366242038217
                ]
            },
            "cont_7": {
                "accuracy": [
                    0.8469347133757962
                ]
            },
            "cont_8": {
                "accuracy": [
                    0.8355891719745223
                ]
            },
            "cont_9": {
                "accuracy": [
                    0.8497213375796179
                ]
            },
            "cont_10": {
                "accuracy": [
                    0.8453423566878981
                ]
            }
        }
    },
    "cont_2": {
        "training": {
            "loss": [
                0.5142228245545345
            ],
            "accuracy": [
                0.8260350318471338
            ]
        },
        "validation": {
            "cont_1": {
                "accuracy": [
                    0.8927149681528662
                ]
            },
            "cont_2": {
                "accuracy": [
                    0.9392914012738853
                ]
            },
            "cont_3": {
                "accuracy": [
                    0.8495222929936306
                ]
            },
            "cont_4": {
                "accuracy": [
                    0.8642515923566879
                ]
            },
            "cont_5": {
                "accuracy": [
                    0.86046974522293
                ]
            },
            "cont_6": {
                "accuracy": [
                    0.8517117834394905
                ]
            },
            "cont_7": {
                "accuracy": [
                    0.8546974522292994
                ]
            },
            "cont_8": {
                "accuracy": [
                    0.8570859872611465
                ]
            },
            "cont_9": {
                "accuracy": [
                    0.8564888535031847
                ]
            },
            "cont_10": {
                "accuracy": [
                    0.8562898089171974
                ]
            }
        }
    },
    "cont_3": {
        "training": {
            "loss": [
                0.44138425413020854
            ],
            "accuracy": [
                0.8541003184713376
            ]
        },
        "validation": {
            "cont_1": {
                "accuracy": [
                    0.9026671974522293
                ]
            },
            "cont_2": {
                "accuracy": [
                    0.9249601910828026
                ]
            },
            "cont_3": {
                "accuracy": [
                    0.9552149681528662
                ]
            },
            "cont_4": {
                "accuracy": [
                    0.8863455414012739
                ]
            },
            "cont_5": {
                "accuracy": [
                    0.8781847133757962
                ]
            },
            "cont_6": {
                "accuracy": [
                    0.8815684713375797
                ]
            },
            "cont_7": {
                "accuracy": [
                    0.8765923566878981
                ]
            },
            "cont_8": {
                "accuracy": [
                    0.8821656050955414
                ]
            },
            "cont_9": {
                "accuracy": [
                    0.8821656050955414
                ]
            },