{
    "joint_training": {
        "training": {
            "loss": [
                0.3743916891515255
            ],
            "accuracy": [
                0.8723
            ]
        },
        "validation": {
            "cont_1": {
                "accuracy": [
                    0.9491666666666667
                ],
                "flatness": [
                    0.4578115613881059
                ]
            },
            "cont_2": {
                "accuracy": [
                    0.9505
                ],
                "flatness": [
                    0.4384811318142806
                ]
            },
            "cont_3": {
                "accuracy": [
                    0.9505
                ],
                "flatness": [
                    0.4585536698136715
                ]
            },
            "cont_4": {
                "accuracy": [
                    0.9473333333333334
                ],
                "flatness": [
                    0.5250194451646356
                ]
            },
            "cont_5": {
                "accuracy": [
                    0.948
                ],
                "flatness": [
                    0.44727126360204306
                ]
            },
            "cont_6": {
                "accuracy": [
                    0.949
                ],
                "flatness": [
                    0.3840607842049803
                ]
            },
            "cont_7": {
                "accuracy": [
                    0.9488333333333333
                ],
                "flatness": [
                    0.43682453983192654
                ]
            },
            "cont_8": {
                "accuracy": [
                    0.9526666666666667
                ],
                "flatness": [
                    0.34149294685278625
                ]
            },
            "cont_9": {
                "accuracy": [
                    0.954
                ],
                "flatness": [
                    0.4299762771709147
                ]
            },
            "cont_10": {
                "accuracy": [
                    0.9456666666666667
                ],
                "flatness": [
                    0.5228141290837245
                ]
            }
        }
    }
}