{
    "random_1": {
        "training": {
            "loss": [
                2.16276918387413,
                1.2326795469125111
            ],
            "accuracy": [
                0.42875,
                0.6293333333333333
            ]
        },
        "validation": {
            "random_1": {
                "accuracy": [
                    0.7420833333333333
                ]
            }
        }
    },
    "random_2": {
        "training": {
            "loss": [
                2.1673268750508625,
                1.2225940345923105
            ],
            "accuracy": [
                0.42383333333333334,
                0.6366666666666667
            ]
        },
        "validation": {
            "random_2": {
                "accuracy": [
                    0.749
                ]
            }
        }
    },
    "random_3": {
        "training": {
            "loss": [
                2.1570053955713906,
                1.2007876146237055
            ],
            "accuracy": [
                0.435,
                0.6399166666666667
            ]
        },
        "validation": {
            "random_3": {
                "accuracy": [
                    0.7719166666666667
                ]
            }
        }
    },
    "random_4": {
        "training": {
            "loss": [
                2.1648141677379606,
                1.2261120788653692
            ],
            "accuracy": [
                0.428,
                0.6451666666666667
            ]
        },
        "validation": {
            "random_4": {
                "accuracy": [
                    0.7723333333333333
                ]
            }
        }
    },
    "random_5": {
        "training": {
            "loss": [
                2.164005381822586,
                1.2296814566850662
            ],
            "accuracy": [
                0.4355833333333333,
                0.6450833333333333
            ]
        },
        "validation": {
            "random_5": {
                "accuracy": [
                    0.7266666666666667
                ]
            }
        }
    },
    "cont_1": {
        "training": {
            "loss": [
                2.1651581540107725,
                1.2379816668430965
            ],
            "accuracy": [
                0.43125,
                0.6355
            ]
        },
        "validation": {
            "cont_1": {
                "accuracy": [
                    0.7613333333333333
                ]
            },
            "cont_2": {
                "accuracy": [
                    0.5875833333333333
                ]
            },
            "cont_3": {
                "accuracy": [
                    0.5973333333333334
                ]
            },
            "cont_4": {
                "accuracy": [
                    0.5949166666666666
                ]
            },
            "cont_5": {
                "accuracy": [
                    0.5965
                ]
            }
        }
    },
    "cont_2": {
        "training": {
            "loss": [
                1.0384440960089365,
                -1.7923038459618887
            ],
            "accuracy": [
                0.5935833333333334,
                0.7145
            ]
        },
        "validation": {
            "cont_1": {
                "accuracy": [
                    0.6798333333333333
                ]
            },
            "cont_2": {
                "accuracy": [
                    0.7970833333333334
                ]
            },
            "cont_3": {
                "accuracy": [
                    0.6214166666666666
                ]
            },
            "cont_4": {
                "accuracy": [
                    0.6146666666666667
                ]
            },
            "cont_5": {
                "accuracy": [
                    0.6279166666666667
                ]
            }
        }
    },
    "cont_3": {
        "training": {
            "loss": [
                1.2643365376393,
                0.47980350511272746
            ],
            "accuracy": [
                0.63425,
                0.7469166666666667
            ]
        },
        "validation": {
            "cont_1": {
                "accuracy": [
                    0.6649166666666667
                ]
            },
            "cont_2": {
                "accuracy": [
                    0.70125
                ]
            },
            "cont_3": {
                "accuracy": [
                    0.8026666666666666
                ]
            },
            "cont_4": {
                "accuracy": [
                    0.62475
                ]
            },
            "cont_5": {
                "accuracy": [
                    0.6321666666666667
                ]
            }
        }
    },
    "cont_4": {
        "training": {
            "loss": [
                1.1679114809830984,
                0.4058699253400167
            ],
            "accuracy": [
                0.6536666666666666,
                0.7603333333333333
            ]
        },
        "validation": {
            "cont_1": {
                "accuracy": [
                    0.70075
                ]
            },
            "cont_2": {
                "accuracy": [
                    0.7220833333333333
                ]
            },
            "cont_3": {
                "accuracy": [
                    0.7585
                ]
            },
            "cont_4": {
                "accuracy": [
                    0.855
                ]
            },
            "cont_5": {
                "accuracy": [
                    0.67075
                ]
            }
        }
    },
    "cont_5": {
        "training": {
            "loss": [
                1.1370467654069265,
                0.3859487368663152
            ],
            "accuracy": [
                0.6655833333333333,
                0.7721666666666667
            ]
        },
        "validation": {
            "cont_1": {
                "accuracy": [
                    0.7156666666666667
                ]
            },
            "cont_2": {
                "accuracy": [
                    0.7305833333333334
                ]
            },
            "cont_3": {
                "accuracy": [
                    0.7473333333333333
                ]
            },
            "cont_4": {
                "accuracy": [
                    0.7738333333333334
                ]
            },
            "cont_5": {
                "accuracy": [
                    0.8800833333333333
                ]
            }
        }
    },
    "training_metrics": {
        "training": {},
        "validation": {
            "cont_1": {
                "accuracy": [
                    0.7156666666666667
                ],
                "flatness": [
                    0.3118304611085235
                ]
            },
            "cont_2": {
                "accuracy": [
                    0.7305833333333334
                ],
                "flatness": [
                    0.08600433443595298
                ]
            },
            "cont_3": {
                "accuracy": [
                    0.7473333333333333
                ],
                "flatness": [
                    0.18688670829616413
                ]
            },
            "cont_4": {
                "accuracy": [
                    0.7738333333333334
                ],
                "flatness": [
                    0.13439586474262327
                ]
            },
            "cont_5": {
                "accuracy": [
                    0.8800833333333333
                ],
                "flatness": [
                    0.15055392481772562
                ]
            }
        }
    }
}