{
    "random_1": {
        "training": {
            "loss": [
                0.38369325676950783
            ],
            "accuracy": [
                0.8802915335463258
            ]
        },
        "validation": {
            "random_1": {
                "accuracy": [
                    0.9549720447284346
                ],
                "flatness": [
                    0.42826842655514896
                ]
            }
        }
    },
    "random_2": {
        "training": {
            "loss": [
                1.4182464686064675
            ],
            "accuracy": [
                0.6163138977635783
            ]
        },
        "validation": {
            "random_2": {
                "accuracy": [
                    0.8809904153354633
                ],
                "flatness": [
                    0.47287865480507707
                ]
            }
        }
    },
    "random_3": {
        "training": {
            "loss": [
                1.4126222522114031
            ],
            "accuracy": [
                0.6184105431309904
            ]
        },
        "validation": {
            "random_3": {
                "accuracy": [
                    0.8907747603833865
                ],
                "flatness": [
                    0.437207184487783
                ]
            }
        }
    },
    "random_4": {
        "training": {
            "loss": [
                1.3818766421403368
            ],
            "accuracy": [
                0.6245007987220448
            ]
        },
        "validation": {
            "random_4": {
                "accuracy": [
                    0.8800918530351438
                ],
                "flatness": [
                    0.45005955757231986
                ]
            }
        }
    },
    "random_5": {
        "training": {
            "loss": [
                1.3800444871472854
            ],
            "accuracy": [
                0.6303913738019169
            ]
        },
        "validation": {
            "random_5": {
                "accuracy": [
                    0.896964856230032
                ],
                "flatness": [
                    0.44311762577916297
                ]
            }
        }
    },
    "cont_1": {
        "training": {
            "loss": [
                0.20455116240200572
            ],
            "accuracy": [
                0.9360023961661342
            ]
        },
        "validation": {
            "cont_1": {
                "accuracy": [
                    0.9377995207667732
                ],
                "flatness": [
                    0.39091677312892575
                ]
            },
            "cont_2": {
                "accuracy": [
                    0.6137180511182109
                ],
                "flatness": [
                    0.4089444037741988
                ]
            },
            "cont_3": {
                "accuracy": [
                    0.6106230031948882
                ],
                "flatness": [
                    0.3879874509483322
                ]
            },
            "cont_4": {
                "accuracy": [
                    0.6198083067092651
                ],
                "flatness": [
                    0.3998842219716495
                ]
            },
            "cont_5": {
                "accuracy": [
                    0.628694089456869
                ],
                "flatness": [
                    0.36565130220740033
                ]
            }
        }
    },
    "cont_2": {
        "training": {
            "loss": [
                1.4239391339853549
            ],
            "accuracy": [
                0.630591054313099
            ]
        },
        "validation": {
            "cont_1": {
                "accuracy": [
                    0.919129392971246
                ],
                "flatness": [
                    0.41351971540299803
                ]
            },
            "cont_2": {
                "accuracy": [
                    0.8802915335463258
                ],
                "flatness": [
                    0.4304326868549394
                ]
            },
            "cont_3": {
                "accuracy": [
                    0.6851038338658147
                ],
                "flatness": [
                    0.43361356018653446
                ]
            },
            "cont_4": {
                "accuracy": [
                    0.6924920127795527
                ],
                "flatness": [
                    0.43378207900807386
                ]
            },
            "cont_5": {
                "accuracy": [
                    0.6964856230031949
                ],
                "flatness": [
                    0.39764370699541285
                ]
            }
        }
    },
    "cont_3": {
        "training": {
            "loss": [
                1.1961042950518976
            ],
            "accuracy": [
                0.6648362619808307
            ]
        },
        "validation": {
            "cont_1": {
                "accuracy": [
                    0.887779552715655
                ],
                "flatness": [
                    0.46200236167341424
                ]
            },
            "cont_2": {
                "accuracy": [
                    0.8315694888178914
                ],
                "flatness": [
                    0.45212885700564287
                ]
            },
            "cont_3": {
                "accuracy": [
                    0.8957667731629393
                ],
                "flatness": [
                    0.5259111680784663
                ]
            },
            "cont_4": {
                "accuracy": [
                    0.7241413738019169
                ],
                "flatness": [
                    0.5049083138011857
                ]
            },
            "cont_5": {
                "accuracy": [
                    0.7190495207667732
                ],
                "flatness": [
                    0.5212501735628992
                ]
            }
        }
    },
    "cont_4": {
        "training": {
            "loss": [
                1.054954941375568
            ],
            "accuracy": [
                0.696685303514377
            ]
        },
        "validation": {
            "cont_1": {
                "accuracy": [
                    0.8600239616613419
                ],
                "flatness": [
                    0.4451184118876248
                ]
            },
            "cont_2": {
                "accuracy": [
                    0.8050119808306709
                ],
                "flatness": [
                    0.5051361155897309
                ]
            },
            "cont_3": {
                "accuracy": [
                    0.8432507987220448
                ],
                "flatness": [
                    0.4625421797300497
                ]
            },
            "cont_4": {
                "accuracy": [
                    0.9090455271565495
                ],
                "flatness": [
                    0.36589717188358045
                ]
            },
            "cont_5": {
                "accuracy": [
                    0.7276357827476039
                ],
                "flatness": [
                    0.4963098586717892
                ]
            }
        }
    },
    "cont_5": {
        "training": {
            "loss": [
                1.0079298904909493
            ],
            "accuracy": [
                0.7062699680511182
            ]
        },
        "validation": {
            "cont_1": {
                "accuracy": [
                    0.8490415335463258
                ],
                "flatness": [
                    0.5576140639698965
                ]
            },