{
    "random_1": {
        "training": {
            "loss": [
                3.465494254660655
            ],
            "accuracy": [
                0.18746830628803246
            ]
        },
        "validation": {
            "random_1": {
                "accuracy": [
                    0.3998542089189042
                ]
            }
        }
    },
    "random_2": {
        "training": {
            "loss": [
                3.4725599961155087
            ],
            "accuracy": [
                0.19231110548271851
            ]
        },
        "validation": {
            "random_2": {
                "accuracy": [
                    0.4126457910810958
                ]
            }
        }
    },
    "random_3": {
        "training": {
            "loss": [
                3.426111236788922
            ],
            "accuracy": [
                0.20107124745845795
            ]
        },
        "validation": {
            "random_3": {
                "accuracy": [
                    0.40602814401622717
                ]
            }
        }
    },
    "random_4": {
        "training": {
            "loss": [
                3.4161783606720744
            ],
            "accuracy": [
                0.20045638945837777
            ]
        },
        "validation": {
            "random_4": {
                "accuracy": [
                    0.3932492393569579
                ]
            }
        }
    },
    "random_5": {
        "training": {
            "loss": [
                3.457050122910049
            ],
            "accuracy": [
                0.1927104462655998
            ]
        },
        "validation": {
            "random_5": {
                "accuracy": [
                    0.41546019270985896
                ]
            }
        }
    },
    "cont_1": {
        "training": {
            "loss": [
                3.4659148645691165
            ],
            "accuracy": [
                0.1894586714056394
            ]
        },
        "validation": {
            "cont_1": {
                "accuracy": [
                    0.39250760649389477
                ]
            },
            "cont_2": {
                "accuracy": [
                    0.28837474645634936
                ]
            },
            "cont_3": {
                "accuracy": [
                    0.2911004056855583
                ]
            },
            "cont_4": {
                "accuracy": [
                    0.29109406694920986
                ]
            },
            "cont_5": {
                "accuracy": [
                    0.2934520791075051
                ]
            }
        }
    },
    "cont_2": {
        "training": {
            "loss": [
                -34951.423552578286
            ],
            "accuracy": [
                0.044212728194726165
            ]
        },
        "validation": {
            "cont_1": {
                "accuracy": [
                    0.00972996957403651
                ]
            },
            "cont_2": {
                "accuracy": [
                    0.010046906693711968
                ]
            },
            "cont_3": {
                "accuracy": [
                    0.011061105476673428
                ]
            },
            "cont_4": {
                "accuracy": [
                    0.01095334685673941
                ]
            },
            "cont_5": {
                "accuracy": [
                    0.01140973630831643
                ]
            }
        }
    },
    "cont_3": {
        "training": {
            "loss": [
                -1257.3070720206892
            ],
            "accuracy": [
                0.012867647058823529
            ]
        },
        "validation": {
            "cont_1": {
                "accuracy": [
                    0.013374746450304259
                ]
            },
            "cont_2": {
                "accuracy": [
                    0.012962728194726165
                ]
            },
            "cont_3": {
                "accuracy": [
                    0.01371069979791588
                ]
            },
            "cont_4": {
                "accuracy": [
                    0.012316176471343872
                ]
            },
            "cont_5": {
                "accuracy": [
                    0.012043610547667343
                ]
            }
        }
    },
    "cont_4": {
        "training": {
            "loss": [
                -6065.442158087272
            ],
            "accuracy": [
                0.011948529411764705
            ]
        },
        "validation": {
            "cont_1": {
                "accuracy": [
                    0.012677484787018255
                ]
            },
            "cont_2": {
                "accuracy": [
                    0.013913539553752536
                ]
            },
            "cont_3": {
                "accuracy": [
                    0.013108519270532514
                ]
            },
            "cont_4": {
                "accuracy": [
                    0.014040314401622718
                ]
            },
            "cont_5": {
                "accuracy": [
                    0.013019776882312845
                ]
            }
        }
    },
    "cont_5": {
        "training": {
            "loss": [
                -396.51855285656137
            ],
            "accuracy": [
                0.014014959433559956
            ]
        },
        "validation": {
            "cont_1": {
                "accuracy": [
                    0.014737576064908721
                ]
            },
            "cont_2": {
                "accuracy": [
                    0.015517241380065981
                ]
            },
            "cont_3": {
                "accuracy": [
                    0.014991125760649086
                ]
            },
            "cont_4": {
                "accuracy": [
                    0.015625
                ]
            },
            "cont_5": {
                "accuracy": [
                    0.01606871196754564
                ]
            }
        }
    },
    "training_metrics": {
        "training": {},
        "validation": {
            "cont_1": {
                "accuracy": [
                    0.014737576064908721
                ],
                "flatness": [
                    0.5525969371130661
                ]
            },
            "cont_2": {
                "accuracy": [
                    0.015517241380065981
                ],
                "flatness": [
                    0.5849544831280346
                ]
            },
            "cont_3": {
                "accuracy": [
                    0.014991125760649086
                ],
                "flatness": [
                    0.5834914805727374
                ]
            },
            "cont_4": {
                "accuracy": [
                    0.015625
                ],
                "flatness": [
                    0.5373737373737374
                ]
            },
            "cont_5": {
                "accuracy": [
                    0.01606871196754564
                ],
                "flatness": [
                    0.44395832088139786
                ]
            }
        }
    }
}