{
    "random_1": {
        "training": {
            "loss": [
                0.6014046057363351
            ],
            "accuracy": [
                0.7955
            ]
        },
        "validation": {
            "random_1": {
                "accuracy": [
                    0.912
                ]
            }
        }
    },
    "random_2": {
        "training": {
            "loss": [
                0.5909670832405488
            ],
            "accuracy": [
                0.8000833333333334
            ]
        },
        "validation": {
            "random_2": {
                "accuracy": [
                    0.926
                ]
            }
        }
    },
    "random_3": {
        "training": {
            "loss": [
                0.5909333930313587
            ],
            "accuracy": [
                0.8030833333333334
            ]
        },
        "validation": {
            "random_3": {
                "accuracy": [
                    0.9165833333333333
                ]
            }
        }
    },
    "random_4": {
        "training": {
            "loss": [
                0.6048627317150433
            ],
            "accuracy": [
                0.7974166666666667
            ]
        },
        "validation": {
            "random_4": {
                "accuracy": [
                    0.9290833333333334
                ]
            }
        }
    },
    "random_5": {
        "training": {
            "loss": [
                0.5672478125641743
            ],
            "accuracy": [
                0.8104166666666667
            ]
        },
        "validation": {
            "random_5": {
                "accuracy": [
                    0.91525
                ]
            }
        }
    },
    "cont_1": {
        "training": {
            "loss": [
                0.5845061694681645
            ],
            "accuracy": [
                0.8020833333333334
            ]
        },
        "validation": {
            "cont_1": {
                "accuracy": [
                    0.9110833333333334
                ]
            },
            "cont_2": {
                "accuracy": [
                    0.865
                ]
            },
            "cont_3": {
                "accuracy": [
                    0.8651666666666666
                ]
            },
            "cont_4": {
                "accuracy": [
                    0.8729166666666667
                ]
            },
            "cont_5": {
                "accuracy": [
                    0.874
                ]
            }
        }
    },
    "cont_2": {
        "training": {
            "loss": [
                0.3747351943030953
            ],
            "accuracy": [
                0.8706666666666667
            ]
        },
        "validation": {
            "cont_1": {
                "accuracy": [
                    0.92175
                ]
            },
            "cont_2": {
                "accuracy": [
                    0.9409166666666666
                ]
            },
            "cont_3": {
                "accuracy": [
                    0.9005833333333333
                ]
            },
            "cont_4": {
                "accuracy": [
                    0.9006666666666666
                ]
            },
            "cont_5": {
                "accuracy": [
                    0.9015833333333333
                ]
            }
        }
    },
    "cont_3": {
        "training": {
            "loss": [
                0.331648320513467
            ],
            "accuracy": [
                0.8888333333333334
            ]
        },
        "validation": {
            "cont_1": {
                "accuracy": [
                    0.9346666666666666
                ]
            },
            "cont_2": {
                "accuracy": [
                    0.9394166666666667
                ]
            },
            "cont_3": {
                "accuracy": [
                    0.9596666666666667
                ]
            },
            "cont_4": {
                "accuracy": [
                    0.9141666666666667
                ]
            },
            "cont_5": {
                "accuracy": [
                    0.917
                ]
            }
        }
    },
    "cont_4": {
        "training": {
            "loss": [
                0.3005330505631864
            ],
            "accuracy": [
                0.899
            ]
        },
        "validation": {
            "cont_1": {
                "accuracy": [
                    0.91875
                ]
            },
            "cont_2": {
                "accuracy": [
                    0.9290833333333334
                ]
            },
            "cont_3": {
                "accuracy": [
                    0.9320833333333334
                ]
            },
            "cont_4": {
                "accuracy": [
                    0.9463333333333334
                ]
            },
            "cont_5": {
                "accuracy": [
                    0.9093333333333333
                ]
            }
        }
    },
    "cont_5": {
        "training": {
            "loss": [
                0.27472244173039995
            ],
            "accuracy": [
                0.9029166666666667
            ]
        },
        "validation": {
            "cont_1": {
                "accuracy": [
                    0.9354166666666667
                ]
            },
            "cont_2": {
                "accuracy": [
                    0.9385833333333333
                ]
            },
            "cont_3": {
                "accuracy": [
                    0.944
                ]
            },
            "cont_4": {
                "accuracy": [
                    0.95225
                ]
            },
            "cont_5": {
                "accuracy": [
                    0.9635
                ]
            }
        }
    },
    "training_metrics": {
        "training": {},
        "validation": {
            "cont_1": {
                "accuracy": [
                    0.9354166666666667
                ],
                "flatness": [
                    0.3852115812917595
                ]
            },
            "cont_2": {
                "accuracy": [
                    0.9385833333333333
                ],
                "flatness": [
                    0.3322383024061085
                ]
            },
            "cont_3": {
                "accuracy": [
                    0.944
                ],
                "flatness": [
                    0.3675847457627119
                ]
            },
            "cont_4": {
                "accuracy": [
                    0.95225
                ],
                "flatness": [
                    0.41095650651964644
                ]
            },
            "cont_5": {
                "accuracy": [
                    0.9635
                ],
                "flatness": [
                    0.35928040131465144
                ]
            }
        }
    }
}