{
    "joint_training": {
        "training": {
            "loss": [
                0.32944977088868616
            ],
            "accuracy": [
                0.8889
            ]
        },
        "validation": {
            "cont_1": {
                "accuracy": [
                    0.9574166666666667
                ],
                "flatness": [
                    0.7797504248915438
                ]
            },
            "cont_2": {
                "accuracy": [
                    0.9598333333333333
                ],
                "flatness": [
                    0.8088026978367957
                ]
            },
            "cont_3": {
                "accuracy": [
                    0.9590833333333333
                ],
                "flatness": [
                    0.7952014670440983
                ]
            },
            "cont_4": {
                "accuracy": [
                    0.96125
                ],
                "flatness": [
                    0.7203476832523441
                ]
            },
            "cont_5": {
                "accuracy": [
                    0.9568333333333333
                ],
                "flatness": [
                    0.7661305109141081
                ]
            }
        }
    }
}