{
    "random_1": {
        "training": {
            "loss": [
                3.3471081982277955,
                2.5416109707606975
            ],
            "accuracy": [
                0.204519523326572,
                0.3512614097363083
            ]
        },
        "validation": {
            "random_1": {
                "accuracy": [
                    0.47927231237322515
                ]
            }
        }
    },
    "random_2": {
        "training": {
            "loss": [
                3.3666565649166067,
                2.550708148288437
            ],
            "accuracy": [
                0.2002091784989858,
                0.35379690669371194
            ]
        },
        "validation": {
            "random_2": {
                "accuracy": [
                    0.4795892494929006
                ]
            }
        }
    },
    "random_3": {
        "training": {
            "loss": [
                3.3484145850245417,
                2.5459165198324176
            ],
            "accuracy": [
                0.2056921906693712,
                0.35059584178498987
            ]
        },
        "validation": {
            "random_3": {
                "accuracy": [
                    0.48801977687626774
                ]
            }
        }
    },
    "random_4": {
        "training": {
            "loss": [
                3.3381870599354015,
                2.5363604320594795
            ],
            "accuracy": [
                0.2043927484787018,
                0.35164173427991885
            ]
        },
        "validation": {
            "random_4": {
                "accuracy": [
                    0.4742647058823529
                ]
            }
        }
    },
    "random_5": {
        "training": {
            "loss": [
                3.3400503311147554,
                2.5310087692423235
            ],
            "accuracy": [
                0.20759381338742394,
                0.3568711967545639
            ]
        },
        "validation": {
            "random_5": {
                "accuracy": [
                    0.4822198275862069
                ]
            }
        }
    },
    "cont_1": {
        "training": {
            "loss": [
                3.3483049735336228,
                2.5468519411029003
            ],
            "accuracy": [
                0.2029982251521298,
                0.35164173427991885
            ]
        },
        "validation": {
            "cont_1": {
                "accuracy": [
                    0.47023960446247465
                ]
            },
            "cont_2": {
                "accuracy": [
                    0.3442254056795132
                ]
            },
            "cont_3": {
                "accuracy": [
                    0.34441556795131845
                ]
            },
            "cont_4": {
                "accuracy": [
                    0.3431795131845842
                ]
            },
            "cont_5": {
                "accuracy": [
                    0.3492330121703854
                ]
            }
        }
    },
    "cont_2": {
        "training": {
            "loss": [
                2.3832727589363016,
                0.8700768046579787
            ],
            "accuracy": [
                0.3510395537525355,
                0.4229842799188641
            ]
        },
        "validation": {
            "cont_1": {
                "accuracy": [
                    0.4363907200811359
                ]
            },
            "cont_2": {
                "accuracy": [
                    0.5438640973630832
                ]
            },
            "cont_3": {
                "accuracy": [
                    0.39259001014198786
                ]
            },
            "cont_4": {
                "accuracy": [
                    0.3935091277890467
                ]
            },
            "cont_5": {
                "accuracy": [
                    0.39607631845841784
                ]
            }
        }
    },
    "cont_3": {
        "training": {
            "loss": [
                2.4205501645984806,
                1.7849320529924204
            ],
            "accuracy": [
                0.37775735294117646,
                0.45135015212981744
            ]
        },
        "validation": {
            "cont_1": {
                "accuracy": [
                    0.4536954868154158
                ]
            },
            "cont_2": {
                "accuracy": [
                    0.4887170385395537
                ]
            },
            "cont_3": {
                "accuracy": [
                    0.5905172413793104
                ]
            },
            "cont_4": {
                "accuracy": [
                    0.4181985294117647
                ]
            },
            "cont_5": {
                "accuracy": [
                    0.4267241379310345
                ]
            }
        }
    },
    "cont_4": {
        "training": {
            "loss": [
                2.3361281147170017,
                1.9557676859063986
            ],
            "accuracy": [
                0.40045005070993916,
                0.47502535496957404
            ]
        },
        "validation": {
            "cont_1": {
                "accuracy": [
                    0.4500824036511156
                ]
            },
            "cont_2": {
                "accuracy": [
                    0.4674822515212982
                ]
            },
            "cont_3": {
                "accuracy": [
                    0.4942951318458418
                ]
            },
            "cont_4": {
                "accuracy": [
                    0.5902319979716024
                ]
            },
            "cont_5": {
                "accuracy": [
                    0.4285306795131846
                ]
            }
        }
    },
    "cont_5": {
        "training": {
            "loss": [
                2.258974549827179,
                1.8901030191241124
            ],
            "accuracy": [
                0.4211460446247465,
                0.4874492900608519
            ]
        },
        "validation": {
            "cont_1": {
                "accuracy": [
                    0.4597806795131846
                ]
            },
            "cont_2": {
                "accuracy": [
                    0.4767368154158215
                ]
            },
            "cont_3": {
                "accuracy": [
                    0.4902700304259635
                ]
            },
            "cont_4": {
                "accuracy": [
                    0.5212664807302231
                ]
            },
            "cont_5": {
                "accuracy": [
                    0.6152700304259635
                ]
            }
        }
    },
    "training_metrics": {
        "training": {},
        "validation": {
            "cont_1": {
                "accuracy": [
                    0.4597806795131846
                ],
                "flatness": [
                    0.16792701259510384
                ]
            },
            "cont_2": {
                "accuracy": [
                    0.4767368154158215
                ],
                "flatness": [
                    0.1691052259061832
                ]
            },
            "cont_3": {
                "accuracy": [
                    0.4902700304259635
                ],
                "flatness": [
                    0.12683692572502447
                ]
            },
            "cont_4": {
                "accuracy": [
                    0.5212664807302231
                ],
                "flatness": [
                    0.20455715420146622
                ]
            },
            "cont_5": {
                "accuracy": [
                    0.6152700304259635
                ],