{
    "random_1": {
        "training": {
            "loss": [
                0.6979308316210906
            ],
            "accuracy": [
                0.7674166666666666
            ]
        },
        "validation": {
            "random_1": {
                "accuracy": [
                    0.8421666666666666
                ]
            }
        }
    },
    "random_2": {
        "training": {
            "loss": [
                0.6975866866707802
            ],
            "accuracy": [
                0.7659166666666667
            ]
        },
        "validation": {
            "random_2": {
                "accuracy": [
                    0.8974166666666666
                ]
            }
        }
    },
    "random_3": {
        "training": {
            "loss": [
                0.6961149947146574
            ],
            "accuracy": [
                0.7631666666666667
            ]
        },
        "validation": {
            "random_3": {
                "accuracy": [
                    0.87725
                ]
            }
        }
    },
    "random_4": {
        "training": {
            "loss": [
                0.6932488267074028
            ],
            "accuracy": [
                0.7673333333333333
            ]
        },
        "validation": {
            "random_4": {
                "accuracy": [
                    0.9019166666666667
                ]
            }
        }
    },
    "random_5": {
        "training": {
            "loss": [
                0.7090761886288722
            ],
            "accuracy": [
                0.7638333333333334
            ]
        },
        "validation": {
            "random_5": {
                "accuracy": [
                    0.8855
                ]
            }
        }
    },
    "cont_1": {
        "training": {
            "loss": [
                0.7058113745450973
            ],
            "accuracy": [
                0.7565
            ]
        },
        "validation": {
            "cont_1": {
                "accuracy": [
                    0.87125
                ]
            },
            "cont_2": {
                "accuracy": [
                    0.81575
                ]
            },
            "cont_3": {
                "accuracy": [
                    0.82675
                ]
            },
            "cont_4": {
                "accuracy": [
                    0.82175
                ]
            },
            "cont_5": {
                "accuracy": [
                    0.8235833333333333
                ]
            }
        }
    },
    "cont_2": {
        "training": {
            "loss": [
                -0.09337222643693288
            ],
            "accuracy": [
                0.822
            ]
        },
        "validation": {
            "cont_1": {
                "accuracy": [
                    0.8535
                ]
            },
            "cont_2": {
                "accuracy": [
                    0.8778333333333334
                ]
            },
            "cont_3": {
                "accuracy": [
                    0.8368333333333333
                ]
            },
            "cont_4": {
                "accuracy": [
                    0.8330833333333333
                ]
            },
            "cont_5": {
                "accuracy": [
                    0.8373333333333334
                ]
            }
        }
    },
    "cont_3": {
        "training": {
            "loss": [
                0.363411683122317
            ],
            "accuracy": [
                0.8475833333333334
            ]
        },
        "validation": {
            "cont_1": {
                "accuracy": [
                    0.8855
                ]
            },
            "cont_2": {
                "accuracy": [
                    0.8878333333333334
                ]
            },
            "cont_3": {
                "accuracy": [
                    0.9204166666666667
                ]
            },
            "cont_4": {
                "accuracy": [
                    0.8714166666666666
                ]
            },
            "cont_5": {
                "accuracy": [
                    0.8769166666666667
                ]
            }
        }
    },
    "cont_4": {
        "training": {
            "loss": [
                0.34698792164276043
            ],
            "accuracy": [
                0.8581666666666666
            ]
        },
        "validation": {
            "cont_1": {
                "accuracy": [
                    0.8735833333333334
                ]
            },
            "cont_2": {
                "accuracy": [
                    0.876
                ]
            },
            "cont_3": {
                "accuracy": [
                    0.8898333333333334
                ]
            },
            "cont_4": {
                "accuracy": [
                    0.91025
                ]
            },
            "cont_5": {
                "accuracy": [
                    0.8723333333333333
                ]
            }
        }
    },
    "cont_5": {
        "training": {
            "loss": [
                0.2928354818175236
            ],
            "accuracy": [
                0.8713333333333333
            ]
        },
        "validation": {
            "cont_1": {
                "accuracy": [
                    0.8995833333333333
                ]
            },
            "cont_2": {
                "accuracy": [
                    0.9035
                ]
            },
            "cont_3": {
                "accuracy": [
                    0.9115
                ]
            },
            "cont_4": {
                "accuracy": [
                    0.9129166666666667
                ]
            },
            "cont_5": {
                "accuracy": [
                    0.93825
                ]
            }
        }
    },
    "training_metrics": {
        "training": {},
        "validation": {
            "cont_1": {
                "accuracy": [
                    0.8995833333333333
                ],
                "flatness": [
                    0.8177860120426125
                ]
            },
            "cont_2": {
                "accuracy": [
                    0.9035
                ],
                "flatness": [
                    0.8693967902600997
                ]
            },
            "cont_3": {
                "accuracy": [
                    0.9115
                ],
                "flatness": [
                    0.795940756993966
                ]
            },
            "cont_4": {
                "accuracy": [
                    0.9129166666666667
                ],
                "flatness": [
                    0.8545869465997262
                ]
            },
            "cont_5": {
                "accuracy": [
                    0.93825
                ],
                "flatness": [
                    0.8689936939337418
                ]
            }
        }
    }
}