{
    "joint_training": {
        "training": {
            "loss": [
                0.48325054616381724
            ],
            "accuracy": [
                0.8381833333333333
            ]
        },
        "validation": {
            "cont_1": {
                "accuracy": [
                    0.89175
                ],
                "flatness": [
                    0.778992617512382
                ]
            },
            "cont_2": {
                "accuracy": [
                    0.8890833333333333
                ],
                "flatness": [
                    0.7269659761927079
                ]
            },
            "cont_3": {
                "accuracy": [
                    0.8886666666666667
                ],
                "flatness": [
                    0.7980120030007501
                ]
            },
            "cont_4": {
                "accuracy": [
                    0.8933333333333333
                ],
                "flatness": [
                    0.8608208955223882
                ]
            },
            "cont_5": {
                "accuracy": [
                    0.8934166666666666
                ],
                "flatness": [
                    0.7434008021639772
                ]
            }
        }
    }
}