{
    "random_1": {
        "training": {
            "loss": [
                0.5565104480749502
            ],
            "accuracy": [
                0.8300718849840255
            ]
        },
        "validation": {
            "random_1": {
                "accuracy": [
                    0.9491813099041534
                ],
                "flatness": [
                    0.31215222993583674
                ]
            }
        }
    },
    "random_2": {
        "training": {
            "loss": [
                1.3886557792703185
            ],
            "accuracy": [
                0.6108226837060703
            ]
        },
        "validation": {
            "random_2": {
                "accuracy": [
                    0.8626198083067093
                ],
                "flatness": [
                    0.388306568287037
                ]
            }
        }
    },
    "random_3": {
        "training": {
            "loss": [
                1.3885686209026618
            ],
            "accuracy": [
                0.6164137380191693
            ]
        },
        "validation": {
            "random_3": {
                "accuracy": [
                    0.8703075079872205
                ],
                "flatness": [
                    0.3752265687736606
                ]
            }
        }
    },
    "random_4": {
        "training": {
            "loss": [
                1.388081127843156
            ],
            "accuracy": [
                0.6143170926517572
            ]
        },
        "validation": {
            "random_4": {
                "accuracy": [
                    0.8775958466453674
                ],
                "flatness": [
                    0.3084598976109215
                ]
            }
        }
    },
    "random_5": {
        "training": {
            "loss": [
                1.371088411480474
            ],
            "accuracy": [
                0.6173123003194888
            ]
        },
        "validation": {
            "random_5": {
                "accuracy": [
                    0.8651158146964856
                ],
                "flatness": [
                    0.3271328620888633
                ]
            }
        }
    },
    "cont_1": {
        "training": {
            "loss": [
                0.3215696166831845
            ],
            "accuracy": [
                0.9012579872204473
            ]
        },
        "validation": {
            "cont_1": {
                "accuracy": [
                    0.887979233226837
                ],
                "flatness": [
                    0.18761875983809312
                ]
            },
            "cont_2": {
                "accuracy": [
                    0.5806709265175719
                ],
                "flatness": [
                    0.24520396320495186
                ]
            },
            "cont_3": {
                "accuracy": [
                    0.5829672523961661
                ],
                "flatness": [
                    0.3367068419249872
                ]
            },
            "cont_4": {
                "accuracy": [
                    0.5773761980830671
                ],
                "flatness": [
                    0.3325252896420543
                ]
            },
            "cont_5": {
                "accuracy": [
                    0.5894568690095847
                ],
                "flatness": [
                    0.34989837398373985
                ]
            }
        }
    },
    "cont_2": {
        "training": {
            "loss": [
                1.3933615954920127
            ],
            "accuracy": [
                0.6185103833865815
            ]
        },
        "validation": {
            "cont_1": {
                "accuracy": [
                    0.8545327476038339
                ],
                "flatness": [
                    0.3288986739105036
                ]
            },
            "cont_2": {
                "accuracy": [
                    0.8690095846645367
                ],
                "flatness": [
                    0.31038387522977945
                ]
            },
            "cont_3": {
                "accuracy": [
                    0.6570487220447284
                ],
                "flatness": [
                    0.31271463303449326
                ]
            },
            "cont_4": {
                "accuracy": [
                    0.6615415335463258
                ],
                "flatness": [
                    0.3126575233926955
                ]
            },
            "cont_5": {
                "accuracy": [
                    0.6651357827476039
                ],
                "flatness": [
                    0.36206188081657154
                ]
            }
        }
    },
    "cont_3": {
        "training": {
            "loss": [
                1.220376639701307
            ],
            "accuracy": [
                0.6577476038338658
            ]
        },
        "validation": {
            "cont_1": {
                "accuracy": [
                    0.8172923322683706
                ],
                "flatness": [
                    0.328351759100904
                ]
            },
            "cont_2": {
                "accuracy": [
                    0.790435303514377
                ],
                "flatness": [
                    0.34222637994189725
                ]
            },
            "cont_3": {
                "accuracy": [
                    0.887879392971246
                ],
                "flatness": [
                    0.3117065388507815
                ]
            },
            "cont_4": {
                "accuracy": [
                    0.692991214057508
                ],
                "flatness": [
                    0.30523249531767754
                ]
            },
            "cont_5": {
                "accuracy": [
                    0.6814097444089456
                ],
                "flatness": [
                    0.3846575091575092
                ]
            }
        }
    },
    "cont_4": {
        "training": {
            "loss": [
                1.122176101699043
            ],
            "accuracy": [
                0.6781150159744409
            ]
        },
        "validation": {
            "cont_1": {
                "accuracy": [
                    0.7952276357827476
                ],
                "flatness": [
                    0.36791745134965476
                ]
            },
            "cont_2": {
                "accuracy": [
                    0.7736621405750799
                ],
                "flatness": [
                    0.43547957801006587
                ]
            },
            "cont_3": {
                "accuracy": [
                    0.8103035143769968
                ],
                "flatness": [
                    0.37818583661902416
                ]
            },
            "cont_4": {
                "accuracy": [
                    0.895167731629393
                ],
                "flatness": [
                    0.2838591623912558
                ]
            },
            "cont_5": {
                "accuracy": [
                    0.7008785942492013
                ],
                "flatness": [
                    0.4988158831908832
                ]
            }
        }
    },
    "cont_5": {
        "training": {
            "loss": [
                1.0632988306851432
            ],
            "accuracy": [
                0.6919928115015974
            ]
        },
        "validation": {
            "cont_1": {
                "accuracy": [
                    0.7933306709265175
                ],
                "flatness": [
                    0.43600789705512205
                ]
            },