{
    "random_1": {
        "training": {
            "loss": [
                0.0739644920067343
            ],
            "accuracy": [
                0.9760680379746836
            ]
        },
        "validation": {
            "random_1": {
                "accuracy": [
                    0.9920886075949367
                ]
            }
        }
    },
    "random_2": {
        "training": {
            "loss": [
                0.1328441914218136
            ],
            "accuracy": [
                0.9570806962025317
            ]
        },
        "validation": {
            "random_2": {
                "accuracy": [
                    0.989121835443038
                ]
            }
        }
    },
    "random_3": {
        "training": {
            "loss": [
                0.42692764857901805
            ],
            "accuracy": [
                0.8751977848101266
            ]
        },
        "validation": {
            "random_3": {
                "accuracy": [
                    0.9806170886075949
                ]
            }
        }
    },
    "random_4": {
        "training": {
            "loss": [
                0.4217604102590416
            ],
            "accuracy": [
                0.8694620253164557
            ]
        },
        "validation": {
            "random_4": {
                "accuracy": [
                    0.9784414556962026
                ]
            }
        }
    },
    "random_5": {
        "training": {
            "loss": [
                0.4144490272561206
            ],
            "accuracy": [
                0.8734177215189873
            ]
        },
        "validation": {
            "random_5": {
                "accuracy": [
                    0.9847705696202531
                ]
            }
        }
    },
    "random_6": {
        "training": {
            "loss": [
                0.4265532604878462
            ],
            "accuracy": [
                0.8738132911392406
            ]
        },
        "validation": {
            "random_6": {
                "accuracy": [
                    0.9877373417721519
                ]
            }
        }
    },
    "random_7": {
        "training": {
            "loss": [
                0.4066474462234521
            ],
            "accuracy": [
                0.8744066455696202
            ]
        },
        "validation": {
            "random_7": {
                "accuracy": [
                    0.9831882911392406
                ]
            }
        }
    },
    "random_8": {
        "training": {
            "loss": [
                0.43094647968117195
            ],
            "accuracy": [
                0.8694620253164557
            ]
        },
        "validation": {
            "random_8": {
                "accuracy": [
                    0.9794303797468354
                ]
            }
        }
    },
    "random_9": {
        "training": {
            "loss": [
                0.413343689298328
            ],
            "accuracy": [
                0.8706487341772152
            ]
        },
        "validation": {
            "random_9": {
                "accuracy": [
                    0.9788370253164557
                ]
            }
        }
    },
    "random_10": {
        "training": {
            "loss": [
                0.3985737203797208
            ],
            "accuracy": [
                0.8748022151898734
            ]
        },
        "validation": {
            "random_10": {
                "accuracy": [
                    0.9859572784810127
                ]
            }
        }
    },
    "cont_1": {
        "training": {
            "loss": [
                0.07000695604718986
            ],
            "accuracy": [
                0.9792325949367089
            ]
        },
        "validation": {
            "cont_1": {
                "accuracy": [
                    0.9764636075949367
                ]
            },
            "cont_2": {
                "accuracy": [
                    0.9339398734177216
                ]
            },
            "cont_3": {
                "accuracy": [
                    0.8581882911392406
                ]
            },
            "cont_4": {
                "accuracy": [
                    0.8623417721518988
                ]
            },
            "cont_5": {
                "accuracy": [
                    0.8573971518987342
                ]
            },
            "cont_6": {
                "accuracy": [
                    0.8635284810126582
                ]
            },
            "cont_7": {
                "accuracy": [
                    0.8633306962025317
                ]
            },
            "cont_8": {
                "accuracy": [
                    0.8538370253164557
                ]
            },
            "cont_9": {
                "accuracy": [
                    0.8538370253164557
                ]
            },
            "cont_10": {
                "accuracy": [
                    0.8623417721518988
                ]
            }
        }
    },
    "cont_2": {
        "training": {
            "loss": [
                0.16416886585611332
            ],
            "accuracy": [
                0.9442246835443038
            ]
        },
        "validation": {
            "cont_1": {
                "accuracy": [
                    0.9837816455696202
                ]
            },
            "cont_2": {
                "accuracy": [
                    0.9740901898734177
                ]
            },
            "cont_3": {
                "accuracy": [
                    0.8763844936708861
                ]
            },
            "cont_4": {
                "accuracy": [
                    0.8868670886075949
                ]
            },
            "cont_5": {
                "accuracy": [
                    0.883504746835443
                ]
            },
            "cont_6": {
                "accuracy": [
                    0.8868670886075949
                ]
            },
            "cont_7": {
                "accuracy": [
                    0.8827136075949367
                ]
            },
            "cont_8": {
                "accuracy": [
                    0.8815268987341772
                ]
            },
            "cont_9": {
                "accuracy": [
                    0.8823180379746836
                ]
            },
            "cont_10": {
                "accuracy": [
                    0.8896360759493671
                ]
            }
        }
    },
    "cont_3": {
        "training": {
            "loss": [
                0.35294829874853545
            ],
            "accuracy": [
                0.8872626582278481
            ]
        },
        "validation": {
            "cont_1": {
                "accuracy": [
                    0.984375
                ]
            },
            "cont_2": {
                "accuracy": [
                    0.9792325949367089
                ]
            },
            "cont_3": {
                "accuracy": [
                    0.975870253164557
                ]
            },
            "cont_4": {
                "accuracy": [
                    0.9080300632911392
                ]
            },
            "cont_5": {
                "accuracy": [
                    0.9100079113924051
                ]
            },
            "cont_6": {
                "accuracy": [
                    0.9084256329113924
                ]
            },
            "cont_7": {
                "accuracy": [
                    0.9048655063291139
                ]
            },
            "cont_8": {
                "accuracy": [
                    0.9036787974683544
                ]
            },