{
    "random_1": {
        "training": {
            "loss": [
                0.09063805158659341
            ],
            "accuracy": [
                0.9694466560509554
            ]
        },
        "validation": {
            "random_1": {
                "accuracy": [
                    0.9924363057324841
                ],
                "flatness": [
                    0.6427522069280329
                ]
            }
        }
    },
    "random_2": {
        "training": {
            "loss": [
                0.15258410164291503
            ],
            "accuracy": [
                0.9454617834394905
            ]
        },
        "validation": {
            "random_2": {
                "accuracy": [
                    0.9836783439490446
                ],
                "flatness": [
                    0.7429464291773649
                ]
            }
        }
    },
    "random_3": {
        "training": {
            "loss": [
                0.14513919879771342
            ],
            "accuracy": [
                0.9500398089171974
            ]
        },
        "validation": {
            "random_3": {
                "accuracy": [
                    0.9894506369426752
                ],
                "flatness": [
                    0.7075422453223232
                ]
            }
        }
    },
    "random_4": {
        "training": {
            "loss": [
                0.12942759864103454
            ],
            "accuracy": [
                0.9562101910828026
            ]
        },
        "validation": {
            "random_4": {
                "accuracy": [
                    0.9811902866242038
                ],
                "flatness": [
                    0.661624658280665
                ]
            }
        }
    },
    "random_5": {
        "training": {
            "loss": [
                0.11953887600855083
            ],
            "accuracy": [
                0.960390127388535
            ]
        },
        "validation": {
            "random_5": {
                "accuracy": [
                    0.9899482484076433
                ],
                "flatness": [
                    0.6947964222356641
                ]
            }
        }
    },
    "cont_1": {
        "training": {
            "loss": [
                0.06703250312281975
            ],
            "accuracy": [
                0.9758160828025477
            ]
        },
        "validation": {
            "cont_1": {
                "accuracy": [
                    0.9792993630573248
                ],
                "flatness": [
                    0.6013945633124529
                ]
            },
            "cont_2": {
                "accuracy": [
                    0.9370023885350318
                ],
                "flatness": [
                    0.7308879462797718
                ]
            },
            "cont_3": {
                "accuracy": [
                    0.9350119426751592
                ],
                "flatness": [
                    0.71172219361188
                ]
            },
            "cont_4": {
                "accuracy": [
                    0.9384952229299363
                ],
                "flatness": [
                    0.6038173389965757
                ]
            },
            "cont_5": {
                "accuracy": [
                    0.9479498407643312
                ],
                "flatness": [
                    0.7109916020716269
                ]
            }
        }
    },
    "cont_2": {
        "training": {
            "loss": [
                0.2359309194455291
            ],
            "accuracy": [
                0.9270501592356688
            ]
        },
        "validation": {
            "cont_1": {
                "accuracy": [
                    0.961484872611465
                ],
                "flatness": [
                    0.7323064398067164
                ]
            },
            "cont_2": {
                "accuracy": [
                    0.9717356687898089
                ],
                "flatness": [
                    0.7275158751015779
                ]
            },
            "cont_3": {
                "accuracy": [
                    0.9333200636942676
                ],
                "flatness": [
                    0.6783160066624953
                ]
            },
            "cont_4": {
                "accuracy": [
                    0.9388933121019108
                ],
                "flatness": [
                    0.7107353725346413
                ]
            },
            "cont_5": {
                "accuracy": [
                    0.9374004777070064
                ],
                "flatness": [
                    0.670321160709925
                ]
            }
        }
    },
    "cont_3": {
        "training": {
            "loss": [
                0.21328530114167815
            ],
            "accuracy": [
                0.9265525477707006
            ]
        },
        "validation": {
            "cont_1": {
                "accuracy": [
                    0.9572054140127388
                ],
                "flatness": [
                    0.7340296834589514
                ]
            },
            "cont_2": {
                "accuracy": [
                    0.9594944267515924
                ],
                "flatness": [
                    0.6987729494854346
                ]
            },
            "cont_3": {
                "accuracy": [
                    0.9747213375796179
                ],
                "flatness": [
                    0.6903415365513184
                ]
            },
            "cont_4": {
                "accuracy": [
                    0.9389928343949044
                ],
                "flatness": [
                    0.6104030215405382
                ]
            },
            "cont_5": {
                "accuracy": [
                    0.9422770700636943
                ],
                "flatness": [
                    0.7746775993325814
                ]
            }
        }
    },
    "cont_4": {
        "training": {
            "loss": [
                0.3096222567377956
            ],
            "accuracy": [
                0.897890127388535
            ]
        },
        "validation": {
            "cont_1": {
                "accuracy": [
                    0.9403861464968153
                ],
                "flatness": [
                    0.7096486399092742
                ]
            },
            "cont_2": {
                "accuracy": [
                    0.9398885350318471
                ],
                "flatness": [
                    0.6794771823096407
                ]
            },
            "cont_3": {
                "accuracy": [
                    0.9500398089171974
                ],
                "flatness": [
                    0.6827838890886697
                ]
            },
            "cont_4": {
                "accuracy": [
                    0.9738256369426752
                ],
                "flatness": [
                    0.6171696483376199
                ]
            },
            "cont_5": {
                "accuracy": [
                    0.9278463375796179
                ],
                "flatness": [
                    0.6573943489190911
                ]
            }
        }
    },
    "cont_5": {
        "training": {
            "loss": [
                0.23595275739385824
            ],
            "accuracy": [
                0.9196855095541401
            ]
        },
        "validation": {
            "cont_1": {
                "accuracy": [
                    0.9399880573248408
                ],
                "flatness": [
                    0.6614944423753284
                ]
            },