{
    "random_1": {
        "training": {
            "loss": [
                0.5552092034419378
            ],
            "accuracy": [
                0.8108333333333333
            ]
        },
        "validation": {
            "random_1": {
                "accuracy": [
                    0.8680833333333333
                ]
            }
        }
    },
    "random_2": {
        "training": {
            "loss": [
                0.5582631502548854
            ],
            "accuracy": [
                0.8099166666666666
            ]
        },
        "validation": {
            "random_2": {
                "accuracy": [
                    0.8331666666666667
                ]
            }
        }
    },
    "random_3": {
        "training": {
            "loss": [
                0.5622388537724813
            ],
            "accuracy": [
                0.8069166666666666
            ]
        },
        "validation": {
            "random_3": {
                "accuracy": [
                    0.9080833333333334
                ]
            }
        }
    },
    "random_4": {
        "training": {
            "loss": [
                0.5430971240401268
            ],
            "accuracy": [
                0.8128333333333333
            ]
        },
        "validation": {
            "random_4": {
                "accuracy": [
                    0.8683333333333333
                ]
            }
        }
    },
    "random_5": {
        "training": {
            "loss": [
                0.5561262747049331
            ],
            "accuracy": [
                0.8065
            ]
        },
        "validation": {
            "random_5": {
                "accuracy": [
                    0.8956666666666667
                ]
            }
        }
    },
    "cont_1": {
        "training": {
            "loss": [
                0.5635342235565186
            ],
            "accuracy": [
                0.8076666666666666
            ]
        },
        "validation": {
            "cont_1": {
                "accuracy": [
                    0.823
                ]
            },
            "cont_2": {
                "accuracy": [
                    0.7815833333333333
                ]
            },
            "cont_3": {
                "accuracy": [
                    0.7835
                ]
            },
            "cont_4": {
                "accuracy": [
                    0.78075
                ]
            },
            "cont_5": {
                "accuracy": [
                    0.7824166666666666
                ]
            }
        }
    },
    "cont_2": {
        "training": {
            "loss": [
                0.37987098676959674
            ],
            "accuracy": [
                0.8710833333333333
            ]
        },
        "validation": {
            "cont_1": {
                "accuracy": [
                    0.8869166666666667
                ]
            },
            "cont_2": {
                "accuracy": [
                    0.9095833333333333
                ]
            },
            "cont_3": {
                "accuracy": [
                    0.8655
                ]
            },
            "cont_4": {
                "accuracy": [
                    0.87
                ]
            },
            "cont_5": {
                "accuracy": [
                    0.86175
                ]
            }
        }
    },
    "cont_3": {
        "training": {
            "loss": [
                0.3448093885779381
            ],
            "accuracy": [
                0.8814166666666666
            ]
        },
        "validation": {
            "cont_1": {
                "accuracy": [
                    0.8940833333333333
                ]
            },
            "cont_2": {
                "accuracy": [
                    0.90475
                ]
            },
            "cont_3": {
                "accuracy": [
                    0.9274166666666667
                ]
            },
            "cont_4": {
                "accuracy": [
                    0.8845833333333334
                ]
            },
            "cont_5": {
                "accuracy": [
                    0.88025
                ]
            }
        }
    },
    "cont_4": {
        "training": {
            "loss": [
                0.3053849176565806
            ],
            "accuracy": [
                0.8983333333333333
            ]
        },
        "validation": {
            "cont_1": {
                "accuracy": [
                    0.8931666666666667
                ]
            },
            "cont_2": {
                "accuracy": [
                    0.8975
                ]
            },
            "cont_3": {
                "accuracy": [
                    0.89875
                ]
            },
            "cont_4": {
                "accuracy": [
                    0.9258333333333333
                ]
            },
            "cont_5": {
                "accuracy": [
                    0.8793333333333333
                ]
            }
        }
    },
    "cont_5": {
        "training": {
            "loss": [
                0.30028840264181295
            ],
            "accuracy": [
                0.8965833333333333
            ]
        },
        "validation": {
            "cont_1": {
                "accuracy": [
                    0.9145
                ]
            },
            "cont_2": {
                "accuracy": [
                    0.9189166666666667
                ]
            },
            "cont_3": {
                "accuracy": [
                    0.9240833333333334
                ]
            },
            "cont_4": {
                "accuracy": [
                    0.9293333333333333
                ]
            },
            "cont_5": {
                "accuracy": [
                    0.94525
                ]
            }
        }
    },
    "training_metrics": {
        "training": {},
        "validation": {
            "cont_1": {
                "accuracy": [
                    0.9145
                ],
                "flatness": [
                    0.3293070703001353
                ]
            },
            "cont_2": {
                "accuracy": [
                    0.9189166666666667
                ],
                "flatness": [
                    0.49686654288755355
                ]
            },
            "cont_3": {
                "accuracy": [
                    0.9240833333333334
                ],
                "flatness": [
                    0.33924087882254106
                ]
            },
            "cont_4": {
                "accuracy": [
                    0.9293333333333333
                ],
                "flatness": [
                    0.5603196028090311
                ]
            },
            "cont_5": {
                "accuracy": [
                    0.94525
                ],
                "flatness": [
                    0.5550606216678963
                ]
            }
        }
    }
}