{
    "random_1": {
        "training": {
            "loss": [
                3.4092457727292973
            ],
            "accuracy": [
                0.20322008113590265
            ]
        },
        "validation": {
            "random_1": {
                "accuracy": [
                    0.4248098377402849
                ]
            }
        }
    },
    "random_2": {
        "training": {
            "loss": [
                3.456025550379956
            ],
            "accuracy": [
                0.197369421924829
            ]
        },
        "validation": {
            "random_2": {
                "accuracy": [
                    0.4213045131845842
                ]
            }
        }
    },
    "random_3": {
        "training": {
            "loss": [
                3.4299048886579624
            ],
            "accuracy": [
                0.19907454360450258
            ]
        },
        "validation": {
            "random_3": {
                "accuracy": [
                    0.43042596349488893
                ]
            }
        }
    },
    "random_4": {
        "training": {
            "loss": [
                3.436166494177998
            ],
            "accuracy": [
                0.19814908722109534
            ]
        },
        "validation": {
            "random_4": {
                "accuracy": [
                    0.42242647060637056
                ]
            }
        }
    },
    "random_5": {
        "training": {
            "loss": [
                3.429860772274087
            ],
            "accuracy": [
                0.19772439149282042
            ]
        },
        "validation": {
            "random_5": {
                "accuracy": [
                    0.4323402637158639
                ]
            }
        }
    },
    "cont_1": {
        "training": {
            "loss": [
                3.396421719274463
            ],
            "accuracy": [
                0.20559077079712015
            ]
        },
        "validation": {
            "cont_1": {
                "accuracy": [
                    0.4314211460385797
                ]
            },
            "cont_2": {
                "accuracy": [
                    0.29988590263691683
                ]
            },
            "cont_3": {
                "accuracy": [
                    0.3018509127789047
                ]
            },
            "cont_4": {
                "accuracy": [
                    0.3020600912899807
                ]
            },
            "cont_5": {
                "accuracy": [
                    0.30150228194726164
                ]
            }
        }
    },
    "cont_2": {
        "training": {
            "loss": [
                2.70809338349116
            ],
            "accuracy": [
                0.32509508113892516
            ]
        },
        "validation": {
            "cont_1": {
                "accuracy": [
                    0.40079234280523374
                ]
            },
            "cont_2": {
                "accuracy": [
                    0.5131782454421506
                ]
            },
            "cont_3": {
                "accuracy": [
                    0.35894396553537666
                ]
            },
            "cont_4": {
                "accuracy": [
                    0.36311485801217036
                ]
            },
            "cont_5": {
                "accuracy": [
                    0.3554893509309142
                ]
            }
        }
    },
    "cont_3": {
        "training": {
            "loss": [
                2.518546840602921
            ],
            "accuracy": [
                0.366455375271685
            ]
        },
        "validation": {
            "cont_1": {
                "accuracy": [
                    0.4204994929126987
                ]
            },
            "cont_2": {
                "accuracy": [
                    0.4511790060972829
                ]
            },
            "cont_3": {
                "accuracy": [
                    0.548751267772659
                ]
            },
            "cont_4": {
                "accuracy": [
                    0.3868027383548493
                ]
            },
            "cont_5": {
                "accuracy": [
                    0.3880641480669772
                ]
            }
        }
    },
    "cont_4": {
        "training": {
            "loss": [
                2.3951361424782696
            ],
            "accuracy": [
                0.3913856490872211
            ]
        },
        "validation": {
            "cont_1": {
                "accuracy": [
                    0.4337221095395137
                ]
            },
            "cont_2": {
                "accuracy": [
                    0.4530109026550521
                ]
            },
            "cont_3": {
                "accuracy": [
                    0.4815162271865725
                ]
            },
            "cont_4": {
                "accuracy": [
                    0.5778841278071819
                ]
            },
            "cont_5": {
                "accuracy": [
                    0.41204994929006084
                ]
            }
        }
    },
    "cont_5": {
        "training": {
            "loss": [
                2.328835692052667
            ],
            "accuracy": [
                0.40325811360235386
            ]
        },
        "validation": {
            "cont_1": {
                "accuracy": [
                    0.4447515213042195
                ]
            },
            "cont_2": {
                "accuracy": [
                    0.46068711968754655
                ]
            },
            "cont_3": {
                "accuracy": [
                    0.48140846857797304
                ]
            },
            "cont_4": {
                "accuracy": [
                    0.5027319979655573
                ]
            },
            "cont_5": {
                "accuracy": [
                    0.5967165314522525
                ]
            }
        }
    },
    "training_metrics": {
        "training": {},
        "validation": {
            "cont_1": {
                "accuracy": [
                    0.4447515213042195
                ],
                "flatness": [
                    0.4989608121115129
                ]
            },
            "cont_2": {
                "accuracy": [
                    0.46068711968754655
                ],
                "flatness": [
                    0.5386478970405651
                ]
            },
            "cont_3": {
                "accuracy": [
                    0.48140846857797304
                ],
                "flatness": [
                    0.5762237435884796
                ]
            },
            "cont_4": {
                "accuracy": [
                    0.5027319979655573
                ],
                "flatness": [
                    0.43541550436082
                ]
            },
            "cont_5": {
                "accuracy": [
                    0.5967165314522525
                ],
                "flatness": [
                    0.5132722864063725
                ]
            }
        }
    }
}