{
    "random_1": {
        "training": {
            "loss": [
                2.507703088722655,
                1.8994301788463555
            ],
            "accuracy": [
                0.2065162271805274,
                0.35183189655172414
            ]
        },
        "validation": {
            "random_1": {
                "accuracy": [
                    0.4894459939148073
                ]
            }
        }
    },
    "random_2": {
        "training": {
            "loss": [
                2.5134777298563633,
                1.9094434249352732
            ],
            "accuracy": [
                0.2018572515212982,
                0.3515149594320487
            ]
        },
        "validation": {
            "random_2": {
                "accuracy": [
                    0.469795892494929
                ]
            }
        }
    },
    "random_3": {
        "training": {
            "loss": [
                2.524622496255271,
                1.9199426691926276
            ],
            "accuracy": [
                0.20550202839756593,
                0.3491696247464503
            ]
        },
        "validation": {
            "random_3": {
                "accuracy": [
                    0.48878042596348886
                ]
            }
        }
    },
    "random_4": {
        "training": {
            "loss": [
                2.498080252573408,
                1.8991135926142668
            ],
            "accuracy": [
                0.20775228194726167,
                0.35344827586206895
            ]
        },
        "validation": {
            "random_4": {
                "accuracy": [
                    0.4572134888438134
                ]
            }
        }
    },
    "random_5": {
        "training": {
            "loss": [
                2.501387007761195,
                1.907250260121924
            ],
            "accuracy": [
                0.20607251521298176,
                0.3496450304259635
            ]
        },
        "validation": {
            "random_5": {
                "accuracy": [
                    0.4882416328600406
                ]
            }
        }
    },
    "cont_1": {
        "training": {
            "loss": [
                2.5061360647180257,
                1.8992664745988033
            ],
            "accuracy": [
                0.20781566937119675,
                0.3558253042596349
            ]
        },
        "validation": {
            "cont_1": {
                "accuracy": [
                    0.4898897058823529
                ]
            },
            "cont_2": {
                "accuracy": [
                    0.3481237322515213
                ]
            },
            "cont_3": {
                "accuracy": [
                    0.34821881338742394
                ]
            },
            "cont_4": {
                "accuracy": [
                    0.3541138438133874
                ]
            },
            "cont_5": {
                "accuracy": [
                    0.35218052738336714
                ]
            }
        }
    },
    "cont_2": {
        "training": {
            "loss": [
                2.1072473701308754,
                1.8573618268869954
            ],
            "accuracy": [
                0.35246577079107505,
                0.43284102434077076
            ]
        },
        "validation": {
            "cont_1": {
                "accuracy": [
                    0.46355223123732253
                ]
            },
            "cont_2": {
                "accuracy": [
                    0.5438007099391481
                ]
            },
            "cont_3": {
                "accuracy": [
                    0.4074860547667343
                ]
            },
            "cont_4": {
                "accuracy": [
                    0.40656693711967545
                ]
            },
            "cont_5": {
                "accuracy": [
                    0.4057112068965517
                ]
            }
        }
    },
    "cont_3": {
        "training": {
            "loss": [
                1.956092797295317,
                1.7207786707135775
            ],
            "accuracy": [
                0.38913539553752535,
                0.46691176470588236
            ]
        },
        "validation": {
            "cont_1": {
                "accuracy": [
                    0.4546779918864097
                ]
            },
            "cont_2": {
                "accuracy": [
                    0.4829170892494929
                ]
            },
            "cont_3": {
                "accuracy": [
                    0.5599961967545639
                ]
            },
            "cont_4": {
                "accuracy": [
                    0.4202586206896552
                ]
            },
            "cont_5": {
                "accuracy": [
                    0.41490238336713997
                ]
            }
        }
    },
    "cont_4": {
        "training": {
            "loss": [
                1.8733028478723994,
                1.6544830492011915
            ],
            "accuracy": [
                0.4160433569979716,
                0.48523073022312374
            ]
        },
        "validation": {
            "cont_1": {
                "accuracy": [
                    0.4763247971602434
                ]
            },
            "cont_2": {
                "accuracy": [
                    0.4950557809330629
                ]
            },
            "cont_3": {
                "accuracy": [
                    0.530552738336714
                ]
            },
            "cont_4": {
                "accuracy": [
                    0.606934584178499
                ]
            },
            "cont_5": {
                "accuracy": [
                    0.44615238336713997
                ]
            }
        }
    },
    "cont_5": {
        "training": {
            "loss": [
                1.8287366515603558,
                1.6013355221878927
            ],
            "accuracy": [
                0.4271995436105477,
                0.49752789046653145
            ]
        },
        "validation": {
            "cont_1": {
                "accuracy": [
                    0.48225152129817445
                ]
            },
            "cont_2": {
                "accuracy": [
                    0.4946437626774848
                ]
            },
            "cont_3": {
                "accuracy": [
                    0.5179069472616633
                ]
            },
            "cont_4": {
                "accuracy": [
                    0.5482061359026369
                ]
            },
            "cont_5": {
                "accuracy": [
                    0.6129246957403651
                ]
            }
        }
    },
    "training_metrics": {
        "training": {},
        "validation": {
            "cont_1": {
                "accuracy": [
                    0.48225152129817445
                ],
                "flatness": [
                    0.11218945501279891
                ]
            },
            "cont_2": {
                "accuracy": [
                    0.4946437626774848
                ],
                "flatness": [
                    0.23024426361390543
                ]
            },
            "cont_3": {
                "accuracy": [
                    0.5179069472616633
                ],
                "flatness": [
                    0.15005523072348848
                ]
            },
            "cont_4": {
                "accuracy": [
                    0.5482061359026369
                ],
                "flatness": [
                    0.20463897809102183
                ]
            },
            "cont_5": {
                "accuracy": [
                    0.6129246957403651
                ],