{
    "random_1": {
        "training": {
            "loss": [
                0.5828746425362822
            ],
            "accuracy": [
                0.8073083067092651
            ]
        },
        "validation": {
            "random_1": {
                "accuracy": [
                    0.9450878594249201
                ],
                "flatness": [
                    0.45196690788083665
                ]
            }
        }
    },
    "random_2": {
        "training": {
            "loss": [
                0.5930259014708927
            ],
            "accuracy": [
                0.7998202875399361
            ]
        },
        "validation": {
            "random_2": {
                "accuracy": [
                    0.9359025559105432
                ],
                "flatness": [
                    0.5066967143161938
                ]
            }
        }
    },
    "random_3": {
        "training": {
            "loss": [
                0.5848140417815397
            ],
            "accuracy": [
                0.7993210862619808
            ]
        },
        "validation": {
            "random_3": {
                "accuracy": [
                    0.946685303514377
                ],
                "flatness": [
                    0.4821510493566758
                ]
            }
        }
    },
    "random_4": {
        "training": {
            "loss": [
                0.5946798650934674
            ],
            "accuracy": [
                0.7968250798722045
            ]
        },
        "validation": {
            "random_4": {
                "accuracy": [
                    0.932008785942492
                ],
                "flatness": [
                    0.6058402517407605
                ]
            }
        }
    },
    "random_5": {
        "training": {
            "loss": [
                0.5740687161826858
            ],
            "accuracy": [
                0.799720447284345
            ]
        },
        "validation": {
            "random_5": {
                "accuracy": [
                    0.955770766773163
                ],
                "flatness": [
                    0.47777211950276816
                ]
            }
        }
    },
    "cont_1": {
        "training": {
            "loss": [
                0.5890581197917651
            ],
            "accuracy": [
                0.7988218849840255
            ]
        },
        "validation": {
            "cont_1": {
                "accuracy": [
                    0.9263178913738019
                ],
                "flatness": [
                    0.563386505712438
                ]
            },
            "cont_2": {
                "accuracy": [
                    0.8611222044728435
                ],
                "flatness": [
                    0.5266565217391305
                ]
            },
            "cont_3": {
                "accuracy": [
                    0.8544329073482428
                ],
                "flatness": [
                    0.6169570869362
                ]
            },
            "cont_4": {
                "accuracy": [
                    0.8626198083067093
                ],
                "flatness": [
                    0.6486870659722224
                ]
            },
            "cont_5": {
                "accuracy": [
                    0.862120607028754
                ],
                "flatness": [
                    0.5702236537348002
                ]
            }
        }
    },
    "cont_2": {
        "training": {
            "loss": [
                0.3607115498699319
            ],
            "accuracy": [
                0.8809904153354633
            ]
        },
        "validation": {
            "cont_1": {
                "accuracy": [
                    0.9070487220447284
                ],
                "flatness": [
                    0.5680338470005504
                ]
            },
            "cont_2": {
                "accuracy": [
                    0.9436900958466453
                ],
                "flatness": [
                    0.6492547873465933
                ]
            },
            "cont_3": {
                "accuracy": [
                    0.8776956869009584
                ],
                "flatness": [
                    0.6161820327607781
                ]
            },
            "cont_4": {
                "accuracy": [
                    0.8789936102236422
                ],
                "flatness": [
                    0.6763772149023171
                ]
            },
            "cont_5": {
                "accuracy": [
                    0.8847843450479234
                ],
                "flatness": [
                    0.6158810088016249
                ]
            }
        }
    },
    "cont_3": {
        "training": {
            "loss": [
                0.30818538725995026
            ],
            "accuracy": [
                0.8998602236421726
            ]
        },
        "validation": {
            "cont_1": {
                "accuracy": [
                    0.941194089456869
                ],
                "flatness": [
                    0.6293949559775115
                ]
            },
            "cont_2": {
                "accuracy": [
                    0.9574680511182109
                ],
                "flatness": [
                    0.7000886339937435
                ]
            },
            "cont_3": {
                "accuracy": [
                    0.9703474440894568
                ],
                "flatness": [
                    0.7228000565901842
                ]
            },
            "cont_4": {
                "accuracy": [
                    0.9193290734824281
                ],
                "flatness": [
                    0.7554762163336229
                ]
            },
            "cont_5": {
                "accuracy": [
                    0.9222244408945687
                ],
                "flatness": [
                    0.7010054671430118
                ]
            }
        }
    },
    "cont_4": {
        "training": {
            "loss": [
                0.30135049953009374
            ],
            "accuracy": [
                0.8996605431309904
            ]
        },
        "validation": {
            "cont_1": {
                "accuracy": [
                    0.9334065495207667
                ],
                "flatness": [
                    0.6716828002994972
                ]
            },
            "cont_2": {
                "accuracy": [
                    0.946685303514377
                ],
                "flatness": [
                    0.6762906032482598
                ]
            },
            "cont_3": {
                "accuracy": [
                    0.9510782747603834
                ],
                "flatness": [
                    0.7493550545874448
                ]
            },
            "cont_4": {
                "accuracy": [
                    0.9757388178913738
                ],
                "flatness": [
                    0.7059954722193799
                ]
            },
            "cont_5": {
                "accuracy": [
                    0.9212260383386581
                ],
                "flatness": [
                    0.733779261948629
                ]
            }
        }
    },
    "cont_5": {
        "training": {
            "loss": [
                0.25949099204672604
            ],
            "accuracy": [
                0.9111421725239617
            ]
        },
        "validation": {
            "cont_1": {
                "accuracy": [
                    0.9380990415335463
                ],
                "flatness": [
                    0.7934513356747552
                ]
            },