{
    "joint_training": {
        "training": {
            "loss": [
                0.3717285993151367
            ],
            "accuracy": [
                0.8736166666666667
            ]
        },
        "validation": {
            "cont_1": {
                "accuracy": [
                    0.9423333333333334
                ],
                "flatness": [
                    0.2191368942341705
                ]
            },
            "cont_2": {
                "accuracy": [
                    0.9448333333333333
                ],
                "flatness": [
                    0.30022931733991887
                ]
            },
            "cont_3": {
                "accuracy": [
                    0.9433333333333334
                ],
                "flatness": [
                    0.25318021201413426
                ]
            },
            "cont_4": {
                "accuracy": [
                    0.9495
                ],
                "flatness": [
                    0.37037037037037035
                ]
            },
            "cont_5": {
                "accuracy": [
                    0.9471666666666667
                ],
                "flatness": [
                    0.4031321485131093
                ]
            }
        }
    }
}