{
    "random_1": {
        "training": {
            "loss": [
                0.19200549395695612
            ],
            "accuracy": [
                0.9376990445859873
            ]
        },
        "validation": {
            "random_1": {
                "accuracy": [
                    0.9905453821656051
                ],
                "flatness": [
                    0.7593670251680166
                ]
            }
        }
    },
    "random_2": {
        "training": {
            "loss": [
                0.16084997135267895
            ],
            "accuracy": [
                0.9444665605095541
            ]
        },
        "validation": {
            "random_2": {
                "accuracy": [
                    0.9874601910828026
                ],
                "flatness": [
                    0.672297673349394
                ]
            }
        }
    },
    "random_3": {
        "training": {
            "loss": [
                0.13707557309917204
            ],
            "accuracy": [
                0.9510350318471338
            ]
        },
        "validation": {
            "random_3": {
                "accuracy": [
                    0.9830812101910829
                ],
                "flatness": [
                    0.6813320007080924
                ]
            }
        }
    },
    "random_4": {
        "training": {
            "loss": [
                0.12238957110056832
            ],
            "accuracy": [
                0.9578025477707006
            ]
        },
        "validation": {
            "random_4": {
                "accuracy": [
                    0.9868630573248408
                ],
                "flatness": [
                    0.7350073127748505
                ]
            }
        }
    },
    "random_5": {
        "training": {
            "loss": [
                0.0963433399725302
            ],
            "accuracy": [
                0.9667595541401274
            ]
        },
        "validation": {
            "random_5": {
                "accuracy": [
                    0.9910429936305732
                ],
                "flatness": [
                    0.7003354095435809
                ]
            }
        }
    },
    "cont_1": {
        "training": {
            "loss": [
                0.1851857735947439
            ],
            "accuracy": [
                0.9377985668789809
            ]
        },
        "validation": {
            "cont_1": {
                "accuracy": [
                    0.9879578025477707
                ],
                "flatness": [
                    0.7591417346630402
                ]
            },
            "cont_2": {
                "accuracy": [
                    0.9502388535031847
                ],
                "flatness": [
                    0.746892805403129
                ]
            },
            "cont_3": {
                "accuracy": [
                    0.9582006369426752
                ],
                "flatness": [
                    0.7166345564740597
                ]
            },
            "cont_4": {
                "accuracy": [
                    0.9611863057324841
                ],
                "flatness": [
                    0.7910553434962044
                ]
            },
            "cont_5": {
                "accuracy": [
                    0.9671576433121019
                ],
                "flatness": [
                    0.7117748005740019
                ]
            }
        }
    },
    "cont_2": {
        "training": {
            "loss": [
                0.14693499964537324
            ],
            "accuracy": [
                0.9506369426751592
            ]
        },
        "validation": {
            "cont_1": {
                "accuracy": [
                    0.9700437898089171
                ],
                "flatness": [
                    0.7617246341421577
                ]
            },
            "cont_2": {
                "accuracy": [
                    0.9855692675159236
                ],
                "flatness": [
                    0.6656606587643312
                ]
            },
            "cont_3": {
                "accuracy": [
                    0.9481488853503185
                ],
                "flatness": [
                    0.7390634526582783
                ]
            },
            "cont_4": {
                "accuracy": [
                    0.9560111464968153
                ],
                "flatness": [
                    0.7665313353618929
                ]
            },
            "cont_5": {
                "accuracy": [
                    0.9535230891719745
                ],
                "flatness": [
                    0.7840577712127205
                ]
            }
        }
    },
    "cont_3": {
        "training": {
            "loss": [
                0.18184426712809473
            ],
            "accuracy": [
                0.9372014331210191
            ]
        },
        "validation": {
            "cont_1": {
                "accuracy": [
                    0.9665605095541401
                ],
                "flatness": [
                    0.6870366564545247
                ]
            },
            "cont_2": {
                "accuracy": [
                    0.9727308917197452
                ],
                "flatness": [
                    0.7425534590734204
                ]
            },
            "cont_3": {
                "accuracy": [
                    0.9845740445859873
                ],
                "flatness": [
                    0.6234850406839526
                ]
            },
            "cont_4": {
                "accuracy": [
                    0.9538216560509554
                ],
                "flatness": [
                    0.769519512467273
                ]
            },
            "cont_5": {
                "accuracy": [
                    0.9553144904458599
                ],
                "flatness": [
                    0.6990499011873391
                ]
            }
        }
    },
    "cont_4": {
        "training": {
            "loss": [
                0.1663065787203088
            ],
            "accuracy": [
                0.943172770700637
            ]
        },
        "validation": {
            "cont_1": {
                "accuracy": [
                    0.9545183121019108
                ],
                "flatness": [
                    0.6146752171292195
                ]
            },
            "cont_2": {
                "accuracy": [
                    0.9537221337579618
                ],
                "flatness": [
                    0.6211682150934404
                ]
            },
            "cont_3": {
                "accuracy": [
                    0.9675557324840764
                ],
                "flatness": [
                    0.6411129412644195
                ]
            },
            "cont_4": {
                "accuracy": [
                    0.9876592356687898
                ],
                "flatness": [
                    0.623910469945906
                ]
            },
            "cont_5": {
                "accuracy": [
                    0.9428742038216561
                ],
                "flatness": [
                    0.6222247736952792
                ]
            }
        }
    },
    "cont_5": {
        "training": {
            "loss": [
                0.17341066068809502
            ],
            "accuracy": [
                0.9406847133757962
            ]
        },
        "validation": {
            "cont_1": {
                "accuracy": [
                    0.9596934713375797
                ],
                "flatness": [
                    0.7378251073816116
                ]
            },