{
    "random_1": {
        "training": {
            "loss": [
                1.5628572357495625
            ],
            "accuracy": [
                0.4701666666666667
            ]
        },
        "validation": {
            "random_1": {
                "accuracy": [
                    0.8086666666666666
                ]
            }
        }
    },
    "random_2": {
        "training": {
            "loss": [
                1.557928987344106
            ],
            "accuracy": [
                0.47058333333333335
            ]
        },
        "validation": {
            "random_2": {
                "accuracy": [
                    0.7999166666666667
                ]
            }
        }
    },
    "random_3": {
        "training": {
            "loss": [
                1.5460613519350688
            ],
            "accuracy": [
                0.46908333333333335
            ]
        },
        "validation": {
            "random_3": {
                "accuracy": [
                    0.8118333333333333
                ]
            }
        }
    },
    "random_4": {
        "training": {
            "loss": [
                1.54735400056839
            ],
            "accuracy": [
                0.46841666666666665
            ]
        },
        "validation": {
            "random_4": {
                "accuracy": [
                    0.8085833333333333
                ]
            }
        }
    },
    "random_5": {
        "training": {
            "loss": [
                1.5448056338628133
            ],
            "accuracy": [
                0.479
            ]
        },
        "validation": {
            "random_5": {
                "accuracy": [
                    0.7954166666666667
                ]
            }
        }
    },
    "cont_1": {
        "training": {
            "loss": [
                1.544208195368449
            ],
            "accuracy": [
                0.47633333333333333
            ]
        },
        "validation": {
            "cont_1": {
                "accuracy": [
                    0.8005833333333333
                ]
            },
            "cont_2": {
                "accuracy": [
                    0.628
                ]
            },
            "cont_3": {
                "accuracy": [
                    0.6421666666666667
                ]
            },
            "cont_4": {
                "accuracy": [
                    0.6416666666666667
                ]
            },
            "cont_5": {
                "accuracy": [
                    0.646
                ]
            }
        }
    },
    "cont_2": {
        "training": {
            "loss": [
                1.1396690855026246
            ],
            "accuracy": [
                0.6525833333333333
            ]
        },
        "validation": {
            "cont_1": {
                "accuracy": [
                    0.7900833333333334
                ]
            },
            "cont_2": {
                "accuracy": [
                    0.8651666666666666
                ]
            },
            "cont_3": {
                "accuracy": [
                    0.7096666666666667
                ]
            },
            "cont_4": {
                "accuracy": [
                    0.7066666666666667
                ]
            },
            "cont_5": {
                "accuracy": [
                    0.7055833333333333
                ]
            }
        }
    },
    "cont_3": {
        "training": {
            "loss": [
                0.9523344999154408
            ],
            "accuracy": [
                0.701
            ]
        },
        "validation": {
            "cont_1": {
                "accuracy": [
                    0.7813333333333333
                ]
            },
            "cont_2": {
                "accuracy": [
                    0.8254166666666667
                ]
            },
            "cont_3": {
                "accuracy": [
                    0.8905833333333333
                ]
            },
            "cont_4": {
                "accuracy": [
                    0.7321666666666666
                ]
            },
            "cont_5": {
                "accuracy": [
                    0.7295
                ]
            }
        }
    },
    "cont_4": {
        "training": {
            "loss": [
                0.9025749018987019
            ],
            "accuracy": [
                0.7219166666666667
            ]
        },
        "validation": {
            "cont_1": {
                "accuracy": [
                    0.7930833333333334
                ]
            },
            "cont_2": {
                "accuracy": [
                    0.82
                ]
            },
            "cont_3": {
                "accuracy": [
                    0.8589166666666667
                ]
            },
            "cont_4": {
                "accuracy": [
                    0.9050833333333334
                ]
            },
            "cont_5": {
                "accuracy": [
                    0.7546666666666667
                ]
            }
        }
    },
    "cont_5": {
        "training": {
            "loss": [
                0.8419129025141399
            ],
            "accuracy": [
                0.7386666666666667
            ]
        },
        "validation": {
            "cont_1": {
                "accuracy": [
                    0.7865833333333333
                ]
            },
            "cont_2": {
                "accuracy": [
                    0.8066666666666666
                ]
            },
            "cont_3": {
                "accuracy": [
                    0.83175
                ]
            },
            "cont_4": {
                "accuracy": [
                    0.857
                ]
            },
            "cont_5": {
                "accuracy": [
                    0.902
                ]
            }
        }
    },
    "training_metrics": {
        "training": {},
        "validation": {
            "cont_1": {
                "accuracy": [
                    0.7865833333333333
                ],
                "flatness": [
                    0.6448609074333254
                ]
            },
            "cont_2": {
                "accuracy": [
                    0.8066666666666666
                ],
                "flatness": [
                    0.5144220313179644
                ]
            },
            "cont_3": {
                "accuracy": [
                    0.83175
                ],
                "flatness": [
                    0.5918481957825131
                ]
            },
            "cont_4": {
                "accuracy": [
                    0.857
                ],
                "flatness": [
                    0.6337130749861819
                ]
            },
            "cont_5": {
                "accuracy": [
                    0.902
                ],
                "flatness": [
                    0.5362717353250087
                ]
            }
        }
    }
}