{
    "random_1": {
        "training": {
            "loss": [
                0.11285806848089906
            ],
            "accuracy": [
                0.9634098101265823
            ]
        },
        "validation": {
            "random_1": {
                "accuracy": [
                    0.9932753164556962
                ]
            }
        }
    },
    "random_2": {
        "training": {
            "loss": [
                0.10421575032929077
            ],
            "accuracy": [
                0.964003164556962
            ]
        },
        "validation": {
            "random_2": {
                "accuracy": [
                    0.9932753164556962
                ]
            }
        }
    },
    "random_3": {
        "training": {
            "loss": [
                0.07289304685649238
            ],
            "accuracy": [
                0.974881329113924
            ]
        },
        "validation": {
            "random_3": {
                "accuracy": [
                    0.9940664556962026
                ]
            }
        }
    },
    "random_4": {
        "training": {
            "loss": [
                0.06239752671858178
            ],
            "accuracy": [
                0.9794303797468354
            ]
        },
        "validation": {
            "random_4": {
                "accuracy": [
                    0.993868670886076
                ]
            }
        }
    },
    "random_5": {
        "training": {
            "loss": [
                0.14731077427822578
            ],
            "accuracy": [
                0.9495648734177216
            ]
        },
        "validation": {
            "random_5": {
                "accuracy": [
                    0.9920886075949367
                ]
            }
        }
    },
    "random_6": {
        "training": {
            "loss": [
                0.15379010334233695
            ],
            "accuracy": [
                0.9485759493670886
            ]
        },
        "validation": {
            "random_6": {
                "accuracy": [
                    0.9912974683544303
                ]
            }
        }
    },
    "random_7": {
        "training": {
            "loss": [
                0.13802692598274238
            ],
            "accuracy": [
                0.9547072784810127
            ]
        },
        "validation": {
            "random_7": {
                "accuracy": [
                    0.9883306962025317
                ]
            }
        }
    },
    "random_8": {
        "training": {
            "loss": [
                0.13052886773985398
            ],
            "accuracy": [
                0.9545094936708861
            ]
        },
        "validation": {
            "random_8": {
                "accuracy": [
                    0.9966376582278481
                ]
            }
        }
    },
    "random_9": {
        "training": {
            "loss": [
                0.1393989246763006
            ],
            "accuracy": [
                0.9566851265822784
            ]
        },
        "validation": {
            "random_9": {
                "accuracy": [
                    0.992879746835443
                ]
            }
        }
    },
    "random_10": {
        "training": {
            "loss": [
                0.1393004784572728
            ],
            "accuracy": [
                0.9523338607594937
            ]
        },
        "validation": {
            "random_10": {
                "accuracy": [
                    0.9918908227848101
                ]
            }
        }
    },
    "cont_1": {
        "training": {
            "loss": [
                0.085889358733651
            ],
            "accuracy": [
                0.9699367088607594
            ]
        },
        "validation": {
            "cont_1": {
                "accuracy": [
                    0.9922863924050633
                ]
            },
            "cont_2": {
                "accuracy": [
                    0.9721123417721519
                ]
            },
            "cont_3": {
                "accuracy": [
                    0.9717167721518988
                ]
            },
            "cont_4": {
                "accuracy": [
                    0.9798259493670886
                ]
            },
            "cont_5": {
                "accuracy": [
                    0.9465981012658228
                ]
            },
            "cont_6": {
                "accuracy": [
                    0.9491693037974683
                ]
            },
            "cont_7": {
                "accuracy": [
                    0.9543117088607594
                ]
            },
            "cont_8": {
                "accuracy": [
                    0.9505537974683544
                ]
            },
            "cont_9": {
                "accuracy": [
                    0.9545094936708861
                ]
            },
            "cont_10": {
                "accuracy": [
                    0.953125
                ]
            }
        }
    },
    "cont_2": {
        "training": {
            "loss": [
                0.07874100199087133
            ],
            "accuracy": [
                0.9723101265822784
            ]
        },
        "validation": {
            "cont_1": {
                "accuracy": [
                    0.9790348101265823
                ]
            },
            "cont_2": {
                "accuracy": [
                    0.9833860759493671
                ]
            },
            "cont_3": {
                "accuracy": [
                    0.9685522151898734
                ]
            },
            "cont_4": {
                "accuracy": [
                    0.96875
                ]
            },
            "cont_5": {
                "accuracy": [
                    0.9426424050632911
                ]
            },
            "cont_6": {
                "accuracy": [
                    0.9440268987341772
                ]
            },
            "cont_7": {
                "accuracy": [
                    0.9501582278481012
                ]
            },
            "cont_8": {
                "accuracy": [
                    0.9511471518987342
                ]
            },
            "cont_9": {
                "accuracy": [
                    0.9501582278481012
                ]
            },
            "cont_10": {
                "accuracy": [
                    0.9499604430379747
                ]
            }
        }
    },
    "cont_3": {
        "training": {
            "loss": [
                0.15712014953546885
            ],
            "accuracy": [
                0.9432357594936709
            ]
        },
        "validation": {
            "cont_1": {
                "accuracy": [
                    0.9689477848101266
                ]
            },
            "cont_2": {
                "accuracy": [
                    0.9754746835443038
                ]
            },
            "cont_3": {
                "accuracy": [
                    0.9853639240506329
                ]
            },
            "cont_4": {
                "accuracy": [
                    0.9624208860759493
                ]
            },
            "cont_5": {
                "accuracy": [
                    0.9376977848101266
                ]
            },
            "cont_6": {
                "accuracy": [
                    0.9434335443037974
                ]
            },
            "cont_7": {
                "accuracy": [
                    0.9416534810126582
                ]
            },
            "cont_8": {
                "accuracy": [
                    0.9404667721518988
                ]
            },
            "cont_9": {
                "accuracy": [
                    0.9440268987341772
                ]
            },