{
    "random_1": {
        "training": {
            "loss": [
                0.587358920532427
            ],
            "accuracy": [
                0.8020501592356688
            ]
        },
        "validation": {
            "random_1": {
                "accuracy": [
                    0.9617834394904459
                ],
                "flatness": [
                    0.6406149107000686
                ]
            }
        }
    },
    "random_2": {
        "training": {
            "loss": [
                0.6007312714199352
            ],
            "accuracy": [
                0.7970740445859873
            ]
        },
        "validation": {
            "random_2": {
                "accuracy": [
                    0.9523288216560509
                ],
                "flatness": [
                    0.6169908043408621
                ]
            }
        }
    },
    "random_3": {
        "training": {
            "loss": [
                0.5987698941663572
            ],
            "accuracy": [
                0.7952826433121019
            ]
        },
        "validation": {
            "random_3": {
                "accuracy": [
                    0.9593949044585988
                ],
                "flatness": [
                    0.6238469924001773
                ]
            }
        }
    },
    "random_4": {
        "training": {
            "loss": [
                0.5943489096536758
            ],
            "accuracy": [
                0.8026472929936306
            ]
        },
        "validation": {
            "random_4": {
                "accuracy": [
                    0.9659633757961783
                ],
                "flatness": [
                    0.5468148578694498
                ]
            }
        }
    },
    "random_5": {
        "training": {
            "loss": [
                0.5772986433878067
            ],
            "accuracy": [
                0.804140127388535
            ]
        },
        "validation": {
            "random_5": {
                "accuracy": [
                    0.9625796178343949
                ],
                "flatness": [
                    0.5838802738042782
                ]
            }
        }
    },
    "cont_1": {
        "training": {
            "loss": [
                0.5757870749113666
            ],
            "accuracy": [
                0.8016520700636943
            ]
        },
        "validation": {
            "cont_1": {
                "accuracy": [
                    0.9628781847133758
                ],
                "flatness": [
                    0.4828054272851278
                ]
            },
            "cont_2": {
                "accuracy": [
                    0.8864450636942676
                ],
                "flatness": [
                    0.5347024814467163
                ]
            },
            "cont_3": {
                "accuracy": [
                    0.8802746815286624
                ],
                "flatness": [
                    0.4930545520324233
                ]
            },
            "cont_4": {
                "accuracy": [
                    0.8830613057324841
                ],
                "flatness": [
                    0.5619655136082388
                ]
            },
            "cont_5": {
                "accuracy": [
                    0.8853503184713376
                ],
                "flatness": [
                    0.5114500904750587
                ]
            }
        }
    },
    "cont_2": {
        "training": {
            "loss": [
                0.3583398987153533
            ],
            "accuracy": [
                0.8792794585987261
            ]
        },
        "validation": {
            "cont_1": {
                "accuracy": [
                    0.9397890127388535
                ],
                "flatness": [
                    0.6196537130126177
                ]
            },
            "cont_2": {
                "accuracy": [
                    0.9749203821656051
                ],
                "flatness": [
                    0.5976850251875979
                ]
            },
            "cont_3": {
                "accuracy": [
                    0.8996815286624203
                ],
                "flatness": [
                    0.6385506091524015
                ]
            },
            "cont_4": {
                "accuracy": [
                    0.9012738853503185
                ],
                "flatness": [
                    0.5933008505130193
                ]
            },
            "cont_5": {
                "accuracy": [
                    0.904359076433121
                ],
                "flatness": [
                    0.6260476511487922
                ]
            }
        }
    },
    "cont_3": {
        "training": {
            "loss": [
                0.2997027408735008
            ],
            "accuracy": [
                0.8965963375796179
            ]
        },
        "validation": {
            "cont_1": {
                "accuracy": [
                    0.9378980891719745
                ],
                "flatness": [
                    0.7113646026074584
                ]
            },
            "cont_2": {
                "accuracy": [
                    0.9535230891719745
                ],
                "flatness": [
                    0.5734899807941838
                ]
            },
            "cont_3": {
                "accuracy": [
                    0.9768113057324841
                ],
                "flatness": [
                    0.7174572092698536
                ]
            },
            "cont_4": {
                "accuracy": [
                    0.9063495222929936
                ],
                "flatness": [
                    0.6956132653438392
                ]
            },
            "cont_5": {
                "accuracy": [
                    0.9148089171974523
                ],
                "flatness": [
                    0.6134734011090662
                ]
            }
        }
    },
    "cont_4": {
        "training": {
            "loss": [
                0.276634886528656
            ],
            "accuracy": [
                0.90625
            ]
        },
        "validation": {
            "cont_1": {
                "accuracy": [
                    0.9365047770700637
                ],
                "flatness": [
                    0.5978012763529097
                ]
            },
            "cont_2": {
                "accuracy": [
                    0.95203025477707
                ],
                "flatness": [
                    0.5734455368221243
                ]
            },
            "cont_3": {
                "accuracy": [
                    0.9585987261146497
                ],
                "flatness": [
                    0.668333939497554
                ]
            },
            "cont_4": {
                "accuracy": [
                    0.9800955414012739
                ],
                "flatness": [
                    0.4575048235424354
                ]
            },
            "cont_5": {
                "accuracy": [
                    0.9167993630573248
                ],
                "flatness": [
                    0.6293123104367316
                ]
            }
        }
    },
    "cont_5": {
        "training": {
            "loss": [
                0.2583870055082782
            ],
            "accuracy": [
                0.9133160828025477
            ]
        },
        "validation": {
            "cont_1": {
                "accuracy": [
                    0.9424761146496815
                ],
                "flatness": [
                    0.769789070433523
                ]
            },