{
    "random_1": {
        "training": {
            "loss": [
                3.465494254660655
            ],
            "accuracy": [
                0.18746830628803246
            ]
        },
        "validation": {
            "random_1": {
                "accuracy": [
                    0.3998542089189042
                ]
            }
        }
    },
    "random_2": {
        "training": {
            "loss": [
                3.4725599961155087
            ],
            "accuracy": [
                0.19231110548271851
            ]
        },
        "validation": {
            "random_2": {
                "accuracy": [
                    0.4126457910810958
                ]
            }
        }
    },
    "random_3": {
        "training": {
            "loss": [
                3.426111236788922
            ],
            "accuracy": [
                0.20107124745845795
            ]
        },
        "validation": {
            "random_3": {
                "accuracy": [
                    0.40602814401622717
                ]
            }
        }
    },
    "random_4": {
        "training": {
            "loss": [
                3.4161783606720744
            ],
            "accuracy": [
                0.20045638945837777
            ]
        },
        "validation": {
            "random_4": {
                "accuracy": [
                    0.3932492393569579
                ]
            }
        }
    },
    "random_5": {
        "training": {
            "loss": [
                3.457050122910049
            ],
            "accuracy": [
                0.1927104462655998
            ]
        },
        "validation": {
            "random_5": {
                "accuracy": [
                    0.41546019270985896
                ]
            }
        }
    },
    "cont_1": {
        "training": {
            "loss": [
                3.4659148645691165
            ],
            "accuracy": [
                0.1894586714056394
            ]
        },
        "validation": {
            "cont_1": {
                "accuracy": [
                    0.39250760649389477
                ]
            },
            "cont_2": {
                "accuracy": [
                    0.28837474645634936
                ]
            },
            "cont_3": {
                "accuracy": [
                    0.2911004056855583
                ]
            },
            "cont_4": {
                "accuracy": [
                    0.29109406694920986
                ]
            },
            "cont_5": {
                "accuracy": [
                    0.2934520791075051
                ]
            }
        }
    },
    "cont_2": {
        "training": {
            "loss": [
                2.684695465085956
            ],
            "accuracy": [
                0.33295512172198927
            ]
        },
        "validation": {
            "cont_1": {
                "accuracy": [
                    0.4073529411825157
                ]
            },
            "cont_2": {
                "accuracy": [
                    0.5148326572008114
                ]
            },
            "cont_3": {
                "accuracy": [
                    0.37240111561866124
                ]
            },
            "cont_4": {
                "accuracy": [
                    0.376743154158215
                ]
            },
            "cont_5": {
                "accuracy": [
                    0.3735547667373025
                ]
            }
        }
    },
    "cont_3": {
        "training": {
            "loss": [
                2.463040861952861
            ],
            "accuracy": [
                0.3795131846023138
            ]
        },
        "validation": {
            "cont_1": {
                "accuracy": [
                    0.4283468559777277
                ]
            },
            "cont_2": {
                "accuracy": [
                    0.46358392494929007
                ]
            },
            "cont_3": {
                "accuracy": [
                    0.556636663286004
                ]
            },
            "cont_4": {
                "accuracy": [
                    0.4143255578153757
                ]
            },
            "cont_5": {
                "accuracy": [
                    0.4147439148073022
                ]
            }
        }
    },
    "cont_4": {
        "training": {
            "loss": [
                2.326604838061768
            ],
            "accuracy": [
                0.4091087728134275
            ]
        },
        "validation": {
            "cont_1": {
                "accuracy": [
                    0.4505387931064708
                ]
            },
            "cont_2": {
                "accuracy": [
                    0.47506338741789
                ]
            },
            "cont_3": {
                "accuracy": [
                    0.4986815416002854
                ]
            },
            "cont_4": {
                "accuracy": [
                    0.592564655184504
                ]
            },
            "cont_5": {
                "accuracy": [
                    0.43498351928186707
                ]
            }
        }
    },
    "cont_5": {
        "training": {
            "loss": [
                2.231948921211351
            ],
            "accuracy": [
                0.4273009634827987
            ]
        },
        "validation": {
            "cont_1": {
                "accuracy": [
                    0.4516670892494929
                ]
            },
            "cont_2": {
                "accuracy": [
                    0.4706262677424336
                ]
            },
            "cont_3": {
                "accuracy": [
                    0.48476166327995895
                ]
            },
            "cont_4": {
                "accuracy": [
                    0.5071247464865748
                ]
            },
            "cont_5": {
                "accuracy": [
                    0.5997654665374853
                ]
            }
        }
    },
    "training_metrics": {
        "training": {},
        "validation": {
            "cont_1": {
                "accuracy": [
                    0.4516670892494929
                ],
                "flatness": [
                    0.5581330895862163
                ]
            },
            "cont_2": {
                "accuracy": [
                    0.4706262677424336
                ],
                "flatness": [
                    0.49330416241422936
                ]
            },
            "cont_3": {
                "accuracy": [
                    0.48476166327995895
                ],
                "flatness": [
                    0.4990187572593931
                ]
            },
            "cont_4": {
                "accuracy": [
                    0.5071247464865748
                ],
                "flatness": [
                    0.38368808272029886
                ]
            },
            "cont_5": {
                "accuracy": [
                    0.5997654665374853
                ],
                "flatness": [
                    0.5069672477259606
                ]
            }
        }
    }
}