{
    "random_1": {
        "training": {
            "loss": [
                0.40718270445498417
            ],
            "accuracy": [
                0.8747004792332268
            ]
        },
        "validation": {
            "random_1": {
                "accuracy": [
                    0.9583666134185304
                ],
                "flatness": [
                    0.28878073236795504
                ]
            }
        }
    },
    "random_2": {
        "training": {
            "loss": [
                1.407309898553184
            ],
            "accuracy": [
                0.6144169329073482
            ]
        },
        "validation": {
            "random_2": {
                "accuracy": [
                    0.8711062300319489
                ],
                "flatness": [
                    0.39506160458452727
                ]
            }
        }
    },
    "random_3": {
        "training": {
            "loss": [
                1.4065564145295384
            ],
            "accuracy": [
                0.6187100638977636
            ]
        },
        "validation": {
            "random_3": {
                "accuracy": [
                    0.8705071884984026
                ],
                "flatness": [
                    0.37155063654088777
                ]
            }
        }
    },
    "random_4": {
        "training": {
            "loss": [
                1.3934728061429227
            ],
            "accuracy": [
                0.6242012779552716
            ]
        },
        "validation": {
            "random_4": {
                "accuracy": [
                    0.889576677316294
                ],
                "flatness": [
                    0.2625897867564534
                ]
            }
        }
    },
    "random_5": {
        "training": {
            "loss": [
                1.3914697073138178
            ],
            "accuracy": [
                0.6203075079872205
            ]
        },
        "validation": {
            "random_5": {
                "accuracy": [
                    0.8813897763578274
                ],
                "flatness": [
                    0.3193199195740825
                ]
            }
        }
    },
    "cont_1": {
        "training": {
            "loss": [
                0.22993785211334403
            ],
            "accuracy": [
                0.9294129392971247
            ]
        },
        "validation": {
            "cont_1": {
                "accuracy": [
                    0.9175319488817891
                ],
                "flatness": [
                    0.24011425462459196
                ]
            },
            "cont_2": {
                "accuracy": [
                    0.5931509584664537
                ],
                "flatness": [
                    0.2887781939067497
                ]
            },
            "cont_3": {
                "accuracy": [
                    0.5905551118210862
                ],
                "flatness": [
                    0.40514053254437876
                ]
            },
            "cont_4": {
                "accuracy": [
                    0.5938498402555911
                ],
                "flatness": [
                    0.36572797579018157
                ]
            },
            "cont_5": {
                "accuracy": [
                    0.5920527156549521
                ],
                "flatness": [
                    0.3648587689713322
                ]
            }
        }
    },
    "cont_2": {
        "training": {
            "loss": [
                1.4001135675671001
            ],
            "accuracy": [
                0.6351837060702875
            ]
        },
        "validation": {
            "cont_1": {
                "accuracy": [
                    0.8985623003194888
                ],
                "flatness": [
                    0.3836423611111111
                ]
            },
            "cont_2": {
                "accuracy": [
                    0.860323482428115
                ],
                "flatness": [
                    0.3723163513983985
                ]
            },
            "cont_3": {
                "accuracy": [
                    0.6678314696485623
                ],
                "flatness": [
                    0.3658646658693377
                ]
            },
            "cont_4": {
                "accuracy": [
                    0.6741214057507987
                ],
                "flatness": [
                    0.36505850118483407
                ]
            },
            "cont_5": {
                "accuracy": [
                    0.6723242811501597
                ],
                "flatness": [
                    0.41309585684585687
                ]
            }
        }
    },
    "cont_3": {
        "training": {
            "loss": [
                1.1762745670807628
            ],
            "accuracy": [
                0.6688298722044729
            ]
        },
        "validation": {
            "cont_1": {
                "accuracy": [
                    0.8667132587859425
                ],
                "flatness": [
                    0.3792614618131552
                ]
            },
            "cont_2": {
                "accuracy": [
                    0.8086062300319489
                ],
                "flatness": [
                    0.3917813927645388
                ]
            },
            "cont_3": {
                "accuracy": [
                    0.8901757188498403
                ],
                "flatness": [
                    0.30761131673396147
                ]
            },
            "cont_4": {
                "accuracy": [
                    0.7049720447284346
                ],
                "flatness": [
                    0.32775014162299954
                ]
            },
            "cont_5": {
                "accuracy": [
                    0.6976837060702875
                ],
                "flatness": [
                    0.40143996851745856
                ]
            }
        }
    },
    "cont_4": {
        "training": {
            "loss": [
                1.073000845532067
            ],
            "accuracy": [
                0.6899960063897763
            ]
        },
        "validation": {
            "cont_1": {
                "accuracy": [
                    0.832867412140575
                ],
                "flatness": [
                    0.39209422200911054
                ]
            },
            "cont_2": {
                "accuracy": [
                    0.7816493610223643
                ],
                "flatness": [
                    0.4607644654489717
                ]
            },
            "cont_3": {
                "accuracy": [
                    0.8273761980830671
                ],
                "flatness": [
                    0.37250663690117053
                ]
            },
            "cont_4": {
                "accuracy": [
                    0.8898761980830671
                ],
                "flatness": [
                    0.3298826152810502
                ]
            },
            "cont_5": {
                "accuracy": [
                    0.7140575079872205
                ],
                "flatness": [
                    0.4756597804809843
                ]
            }
        }
    },
    "cont_5": {
        "training": {
            "loss": [
                1.0060541145146464
            ],
            "accuracy": [
                0.7056709265175719
            ]
        },
        "validation": {
            "cont_1": {
                "accuracy": [
                    0.8282747603833865
                ],
                "flatness": [
                    0.43482702507232396
                ]
            },