{
    "random_1": {
        "training": {
            "loss": [
                0.0711048565734225
            ],
            "accuracy": [
                0.9776503164556962
            ]
        },
        "validation": {
            "random_1": {
                "accuracy": [
                    0.9944620253164557
                ]
            }
        }
    },
    "random_2": {
        "training": {
            "loss": [
                0.1425926086221692
            ],
            "accuracy": [
                0.9509493670886076
            ]
        },
        "validation": {
            "random_2": {
                "accuracy": [
                    0.993868670886076
                ]
            }
        }
    },
    "random_3": {
        "training": {
            "loss": [
                0.24812259841002995
            ],
            "accuracy": [
                0.9185126582278481
            ]
        },
        "validation": {
            "random_3": {
                "accuracy": [
                    0.9863528481012658
                ]
            }
        }
    },
    "random_4": {
        "training": {
            "loss": [
                0.22663357636973827
            ],
            "accuracy": [
                0.9234572784810127
            ]
        },
        "validation": {
            "random_4": {
                "accuracy": [
                    0.9873417721518988
                ]
            }
        }
    },
    "random_5": {
        "training": {
            "loss": [
                0.18841884247487103
            ],
            "accuracy": [
                0.9373022151898734
            ]
        },
        "validation": {
            "random_5": {
                "accuracy": [
                    0.9901107594936709
                ]
            }
        }
    },
    "random_6": {
        "training": {
            "loss": [
                0.3501871017904221
            ],
            "accuracy": [
                0.890625
            ]
        },
        "validation": {
            "random_6": {
                "accuracy": [
                    0.982001582278481
                ]
            }
        }
    },
    "random_7": {
        "training": {
            "loss": [
                0.3517521570754957
            ],
            "accuracy": [
                0.8912183544303798
            ]
        },
        "validation": {
            "random_7": {
                "accuracy": [
                    0.9837816455696202
                ]
            }
        }
    },
    "random_8": {
        "training": {
            "loss": [
                0.3595760478814946
            ],
            "accuracy": [
                0.8878560126582279
            ]
        },
        "validation": {
            "random_8": {
                "accuracy": [
                    0.9800237341772152
                ]
            }
        }
    },
    "random_9": {
        "training": {
            "loss": [
                0.3495044411171841
            ],
            "accuracy": [
                0.8979430379746836
            ]
        },
        "validation": {
            "random_9": {
                "accuracy": [
                    0.9877373417721519
                ]
            }
        }
    },
    "random_10": {
        "training": {
            "loss": [
                0.35651370958436895
            ],
            "accuracy": [
                0.8866693037974683
            ]
        },
        "validation": {
            "random_10": {
                "accuracy": [
                    0.9810126582278481
                ]
            }
        }
    },
    "cont_1": {
        "training": {
            "loss": [
                0.053586656247233216
            ],
            "accuracy": [
                0.9810126582278481
            ]
        },
        "validation": {
            "cont_1": {
                "accuracy": [
                    0.9818037974683544
                ]
            },
            "cont_2": {
                "accuracy": [
                    0.9396756329113924
                ]
            },
            "cont_3": {
                "accuracy": [
                    0.912381329113924
                ]
            },
            "cont_4": {
                "accuracy": [
                    0.913370253164557
                ]
            },
            "cont_5": {
                "accuracy": [
                    0.9173259493670886
                ]
            },
            "cont_6": {
                "accuracy": [
                    0.8856803797468354
                ]
            },
            "cont_7": {
                "accuracy": [
                    0.8801424050632911
                ]
            },
            "cont_8": {
                "accuracy": [
                    0.8781645569620253
                ]
            },
            "cont_9": {
                "accuracy": [
                    0.8852848101265823
                ]
            },
            "cont_10": {
                "accuracy": [
                    0.884493670886076
                ]
            }
        }
    },
    "cont_2": {
        "training": {
            "loss": [
                0.15454890988059813
            ],
            "accuracy": [
                0.9487737341772152
            ]
        },
        "validation": {
            "cont_1": {
                "accuracy": [
                    0.9897151898734177
                ]
            },
            "cont_2": {
                "accuracy": [
                    0.977254746835443
                ]
            },
            "cont_3": {
                "accuracy": [
                    0.9285996835443038
                ]
            },
            "cont_4": {
                "accuracy": [
                    0.9285996835443038
                ]
            },
            "cont_5": {
                "accuracy": [
                    0.9390822784810127
                ]
            },
            "cont_6": {
                "accuracy": [
                    0.908623417721519
                ]
            },
            "cont_7": {
                "accuracy": [
                    0.9078322784810127
                ]
            },
            "cont_8": {
                "accuracy": [
                    0.9009098101265823
                ]
            },
            "cont_9": {
                "accuracy": [
                    0.903876582278481
                ]
            },
            "cont_10": {
                "accuracy": [
                    0.8961629746835443
                ]
            }
        }
    },
    "cont_3": {
        "training": {
            "loss": [
                0.21630990811729733
            ],
            "accuracy": [
                0.926621835443038
            ]
        },
        "validation": {
            "cont_1": {
                "accuracy": [
                    0.9883306962025317
                ]
            },
            "cont_2": {
                "accuracy": [
                    0.982001582278481
                ]
            },
            "cont_3": {
                "accuracy": [
                    0.9818037974683544
                ]
            },
            "cont_4": {
                "accuracy": [
                    0.9434335443037974
                ]
            },
            "cont_5": {
                "accuracy": [
                    0.9521360759493671
                ]
            },
            "cont_6": {
                "accuracy": [
                    0.9214794303797469
                ]
            },
            "cont_7": {
                "accuracy": [
                    0.9193037974683544
                ]
            },
            "cont_8": {
                "accuracy": [
                    0.9181170886075949
                ]
            },
            "cont_9": {
                "accuracy": [
                    0.9191060126582279
                ]
            },