{
    "joint_training": {
        "training": {
            "loss": [
                1.3497241653720538,
                0.821211201407512
            ],
            "accuracy": [
                0.6184833333333334,
                0.7519333333333333
            ]
        },
        "validation": {
            "cont_1": {
                "accuracy": [
                    0.8439166666666666
                ],
                "flatness": [
                    0.18583983410684307
                ]
            },
            "cont_2": {
                "accuracy": [
                    0.84875
                ],
                "flatness": [
                    0.18026509572901325
                ]
            },
            "cont_3": {
                "accuracy": [
                    0.8461666666666666
                ],
                "flatness": [
                    0.19204254480992716
                ]
            },
            "cont_4": {
                "accuracy": [
                    0.8463333333333334
                ],
                "flatness": [
                    0.15892083497439935
                ]
            },
            "cont_5": {
                "accuracy": [
                    0.8511666666666666
                ],
                "flatness": [
                    0.19913843743880952
                ]
            }
        }
    }
}