{
    "random_1": {
        "training": {
            "loss": [
                0.6984346493383249
            ],
            "accuracy": [
                0.7670833333333333
            ]
        },
        "validation": {
            "random_1": {
                "accuracy": [
                    0.872
                ]
            }
        }
    },
    "random_2": {
        "training": {
            "loss": [
                0.6976977072755496
            ],
            "accuracy": [
                0.7664166666666666
            ]
        },
        "validation": {
            "random_2": {
                "accuracy": [
                    0.858
                ]
            }
        }
    },
    "random_3": {
        "training": {
            "loss": [
                0.6862918085853259
            ],
            "accuracy": [
                0.769
            ]
        },
        "validation": {
            "random_3": {
                "accuracy": [
                    0.8611666666666666
                ]
            }
        }
    },
    "random_4": {
        "training": {
            "loss": [
                0.70902438133955
            ],
            "accuracy": [
                0.7628333333333334
            ]
        },
        "validation": {
            "random_4": {
                "accuracy": [
                    0.8481666666666666
                ]
            }
        }
    },
    "random_5": {
        "training": {
            "loss": [
                0.67505988017718
            ],
            "accuracy": [
                0.7731666666666667
            ]
        },
        "validation": {
            "random_5": {
                "accuracy": [
                    0.8694166666666666
                ]
            }
        }
    },
    "cont_1": {
        "training": {
            "loss": [
                0.7168602773745855
            ],
            "accuracy": [
                0.7596666666666667
            ]
        },
        "validation": {
            "cont_1": {
                "accuracy": [
                    0.8433333333333334
                ]
            },
            "cont_2": {
                "accuracy": [
                    0.8044166666666667
                ]
            },
            "cont_3": {
                "accuracy": [
                    0.803
                ]
            },
            "cont_4": {
                "accuracy": [
                    0.8083333333333333
                ]
            },
            "cont_5": {
                "accuracy": [
                    0.80175
                ]
            }
        }
    },
    "cont_2": {
        "training": {
            "loss": [
                0.5229591599864264
            ],
            "accuracy": [
                0.8275
            ]
        },
        "validation": {
            "cont_1": {
                "accuracy": [
                    0.8769166666666667
                ]
            },
            "cont_2": {
                "accuracy": [
                    0.90975
                ]
            },
            "cont_3": {
                "accuracy": [
                    0.8685
                ]
            },
            "cont_4": {
                "accuracy": [
                    0.8663333333333333
                ]
            },
            "cont_5": {
                "accuracy": [
                    0.8630833333333333
                ]
            }
        }
    },
    "cont_3": {
        "training": {
            "loss": [
                0.4653440943993628
            ],
            "accuracy": [
                0.8455
            ]
        },
        "validation": {
            "cont_1": {
                "accuracy": [
                    0.8668333333333333
                ]
            },
            "cont_2": {
                "accuracy": [
                    0.8835
                ]
            },
            "cont_3": {
                "accuracy": [
                    0.9049166666666667
                ]
            },
            "cont_4": {
                "accuracy": [
                    0.8673333333333333
                ]
            },
            "cont_5": {
                "accuracy": [
                    0.8649166666666667
                ]
            }
        }
    },
    "cont_4": {
        "training": {
            "loss": [
                0.40211162699510655
            ],
            "accuracy": [
                0.8685833333333334
            ]
        },
        "validation": {
            "cont_1": {
                "accuracy": [
                    0.8751666666666666
                ]
            },
            "cont_2": {
                "accuracy": [
                    0.87825
                ]
            },
            "cont_3": {
                "accuracy": [
                    0.88975
                ]
            },
            "cont_4": {
                "accuracy": [
                    0.913
                ]
            },
            "cont_5": {
                "accuracy": [
                    0.86675
                ]
            }
        }
    },
    "cont_5": {
        "training": {
            "loss": [
                0.39790934150914353
            ],
            "accuracy": [
                0.8676666666666667
            ]
        },
        "validation": {
            "cont_1": {
                "accuracy": [
                    0.8970833333333333
                ]
            },
            "cont_2": {
                "accuracy": [
                    0.90525
                ]
            },
            "cont_3": {
                "accuracy": [
                    0.90775
                ]
            },
            "cont_4": {
                "accuracy": [
                    0.9163333333333333
                ]
            },
            "cont_5": {
                "accuracy": [
                    0.9378333333333333
                ]
            }
        }
    },
    "training_metrics": {
        "training": {},
        "validation": {
            "cont_1": {
                "accuracy": [
                    0.8970833333333333
                ],
                "flatness": [
                    0.7665582907570831
                ]
            },
            "cont_2": {
                "accuracy": [
                    0.90525
                ],
                "flatness": [
                    0.9060112307833933
                ]
            },
            "cont_3": {
                "accuracy": [
                    0.90775
                ],
                "flatness": [
                    0.8304415679794364
                ]
            },
            "cont_4": {
                "accuracy": [
                    0.9163333333333333
                ],
                "flatness": [
                    0.8139323390323755
                ]
            },
            "cont_5": {
                "accuracy": [
                    0.9378333333333333
                ],
                "flatness": [
                    0.7824773413897281
                ]
            }
        }
    }
}