{
    "random_1": {
        "training": {
            "loss": [
                0.8941658430586988
            ],
            "accuracy": [
                0.7415135782747604
            ]
        },
        "validation": {
            "random_1": {
                "accuracy": [
                    0.9309105431309904
                ],
                "flatness": [
                    0.37387789575289576
                ]
            }
        }
    },
    "random_2": {
        "training": {
            "loss": [
                1.4230514905704097
            ],
            "accuracy": [
                0.5997404153354633
            ]
        },
        "validation": {
            "random_2": {
                "accuracy": [
                    0.8610223642172524
                ],
                "flatness": [
                    0.45344895060296847
                ]
            }
        }
    },
    "random_3": {
        "training": {
            "loss": [
                1.4159287614182543
            ],
            "accuracy": [
                0.6124201277955271
            ]
        },
        "validation": {
            "random_3": {
                "accuracy": [
                    0.8660143769968051
                ],
                "flatness": [
                    0.3612995734378603
                ]
            }
        }
    },
    "random_4": {
        "training": {
            "loss": [
                1.3810933483675265
            ],
            "accuracy": [
                0.608326677316294
            ]
        },
        "validation": {
            "random_4": {
                "accuracy": [
                    0.8562300319488818
                ],
                "flatness": [
                    0.4096810867537314
                ]
            }
        }
    },
    "random_5": {
        "training": {
            "loss": [
                1.3938957614639698
            ],
            "accuracy": [
                0.6098242811501597
            ]
        },
        "validation": {
            "random_5": {
                "accuracy": [
                    0.8723043130990416
                ],
                "flatness": [
                    0.3884735893327229
                ]
            }
        }
    },
    "cont_1": {
        "training": {
            "loss": [
                0.7045230944983114
            ],
            "accuracy": [
                0.7917332268370607
            ]
        },
        "validation": {
            "cont_1": {
                "accuracy": [
                    0.9121405750798722
                ],
                "flatness": [
                    0.3124090137915937
                ]
            },
            "cont_2": {
                "accuracy": [
                    0.6281948881789138
                ],
                "flatness": [
                    0.36376549586776863
                ]
            },
            "cont_3": {
                "accuracy": [
                    0.6290934504792333
                ],
                "flatness": [
                    0.306430526900492
                ]
            },
            "cont_4": {
                "accuracy": [
                    0.6385782747603834
                ],
                "flatness": [
                    0.33429975766103814
                ]
            },
            "cont_5": {
                "accuracy": [
                    0.6347843450479234
                ],
                "flatness": [
                    0.296298954073608
                ]
            }
        }
    },
    "cont_2": {
        "training": {
            "loss": [
                1.4165204075959543
            ],
            "accuracy": [
                0.6235023961661342
            ]
        },
        "validation": {
            "cont_1": {
                "accuracy": [
                    0.9341054313099042
                ],
                "flatness": [
                    0.31217200192389905
                ]
            },
            "cont_2": {
                "accuracy": [
                    0.6937899361022364
                ],
                "flatness": [
                    0.3651253777521946
                ]
            },
            "cont_3": {
                "accuracy": [
                    0.6608426517571885
                ],
                "flatness": [
                    0.3493409125245505
                ]
            },
            "cont_4": {
                "accuracy": [
                    0.669229233226837
                ],
                "flatness": [
                    0.3262848724451738
                ]
            },
            "cont_5": {
                "accuracy": [
                    0.670926517571885
                ],
                "flatness": [
                    0.3394326636904762
                ]
            }
        }
    },
    "cont_3": {
        "training": {
            "loss": [
                1.3469183897248471
            ],
            "accuracy": [
                0.6427715654952076
            ]
        },
        "validation": {
            "cont_1": {
                "accuracy": [
                    0.9370007987220448
                ],
                "flatness": [
                    0.3245478156632925
                ]
            },
            "cont_2": {
                "accuracy": [
                    0.6975838658146964
                ],
                "flatness": [
                    0.34886038356948623
                ]
            },
            "cont_3": {
                "accuracy": [
                    0.7174520766773163
                ],
                "flatness": [
                    0.38275640133593103
                ]
            },
            "cont_4": {
                "accuracy": [
                    0.6795127795527156
                ],
                "flatness": [
                    0.396366257713782
                ]
            },
            "cont_5": {
                "accuracy": [
                    0.6817092651757188
                ],
                "flatness": [
                    0.34609695371997656
                ]
            }
        }
    },
    "cont_4": {
        "training": {
            "loss": [
                1.23113731835216
            ],
            "accuracy": [
                0.6574480830670927
            ]
        },
        "validation": {
            "cont_1": {
                "accuracy": [
                    0.9361022364217252
                ],
                "flatness": [
                    0.2651870467150171
                ]
            },
            "cont_2": {
                "accuracy": [
                    0.6976837060702875
                ],
                "flatness": [
                    0.2967408414424728
                ]
            },
            "cont_3": {
                "accuracy": [
                    0.7108626198083067
                ],
                "flatness": [
                    0.32420997191011236
                ]
            },
            "cont_4": {
                "accuracy": [
                    0.740714856230032
                ],
                "flatness": [
                    0.22808414206766411
                ]
            },
            "cont_5": {
                "accuracy": [
                    0.6894968051118211
                ],
                "flatness": [
                    0.30366348103098756
                ]
            }
        }
    },
    "cont_5": {
        "training": {
            "loss": [
                1.2264355467721677
            ],
            "accuracy": [
                0.665435303514377
            ]
        },
        "validation": {
            "cont_1": {
                "accuracy": [
                    0.9367012779552716
                ],
                "flatness": [
                    0.41431131421871664
                ]
            },