{
    "random_1": {
        "training": {
            "loss": [
                0.8507083433504683
            ],
            "accuracy": [
                0.744508785942492
            ]
        },
        "validation": {
            "random_1": {
                "accuracy": [
                    0.9274161341853036
                ],
                "flatness": [
                    0.29568037463666696
                ]
            }
        }
    },
    "random_2": {
        "training": {
            "loss": [
                1.3398863785563948
            ],
            "accuracy": [
                0.6193091054313099
            ]
        },
        "validation": {
            "random_2": {
                "accuracy": [
                    0.860423322683706
                ],
                "flatness": [
                    0.2991804943142261
                ]
            }
        }
    },
    "random_3": {
        "training": {
            "loss": [
                1.341412859602858
            ],
            "accuracy": [
                0.6252995207667732
            ]
        },
        "validation": {
            "random_3": {
                "accuracy": [
                    0.8747004792332268
                ],
                "flatness": [
                    0.32220850930259104
                ]
            }
        }
    },
    "random_4": {
        "training": {
            "loss": [
                1.368171916982998
            ],
            "accuracy": [
                0.6128194888178914
            ]
        },
        "validation": {
            "random_4": {
                "accuracy": [
                    0.8503394568690096
                ],
                "flatness": [
                    0.38151124222143945
                ]
            }
        }
    },
    "random_5": {
        "training": {
            "loss": [
                1.32253412983288
            ],
            "accuracy": [
                0.6278953674121406
            ]
        },
        "validation": {
            "random_5": {
                "accuracy": [
                    0.8700079872204473
                ],
                "flatness": [
                    0.3228239040624282
                ]
            }
        }
    },
    "cont_1": {
        "training": {
            "loss": [
                0.6938064030279367
            ],
            "accuracy": [
                0.7944289137380192
            ]
        },
        "validation": {
            "cont_1": {
                "accuracy": [
                    0.8821884984025559
                ],
                "flatness": [
                    0.2807294024445451
                ]
            },
            "cont_2": {
                "accuracy": [
                    0.604832268370607
                ],
                "flatness": [
                    0.3148471030042918
                ]
            },
            "cont_3": {
                "accuracy": [
                    0.6094249201277955
                ],
                "flatness": [
                    0.3768922018348624
                ]
            },
            "cont_4": {
                "accuracy": [
                    0.5927515974440895
                ],
                "flatness": [
                    0.2761221997641906
                ]
            },
            "cont_5": {
                "accuracy": [
                    0.608526357827476
                ],
                "flatness": [
                    0.3190340442986054
                ]
            }
        }
    },
    "cont_2": {
        "training": {
            "loss": [
                1.3919134581812656
            ],
            "accuracy": [
                0.608526357827476
            ]
        },
        "validation": {
            "cont_1": {
                "accuracy": [
                    0.7857428115015974
                ],
                "flatness": [
                    0.44543837357052096
                ]
            },
            "cont_2": {
                "accuracy": [
                    0.8476437699680511
                ],
                "flatness": [
                    0.4059967608951708
                ]
            },
            "cont_3": {
                "accuracy": [
                    0.6584464856230032
                ],
                "flatness": [
                    0.431887793783169
                ]
            },
            "cont_4": {
                "accuracy": [
                    0.654452875399361
                ],
                "flatness": [
                    0.4398951182303585
                ]
            },
            "cont_5": {
                "accuracy": [
                    0.6569488817891374
                ],
                "flatness": [
                    0.45100778875379943
                ]
            }
        }
    },
    "cont_3": {
        "training": {
            "loss": [
                1.271962650667745
            ],
            "accuracy": [
                0.6427715654952076
            ]
        },
        "validation": {
            "cont_1": {
                "accuracy": [
                    0.7469049520766773
                ],
                "flatness": [
                    0.45840211870070846
                ]
            },
            "cont_2": {
                "accuracy": [
                    0.7480031948881789
                ],
                "flatness": [
                    0.4075956019754405
                ]
            },
            "cont_3": {
                "accuracy": [
                    0.8486421725239617
                ],
                "flatness": [
                    0.4052889705882353
                ]
            },
            "cont_4": {
                "accuracy": [
                    0.6576477635782748
                ],
                "flatness": [
                    0.49240359799605277
                ]
            },
            "cont_5": {
                "accuracy": [
                    0.6629392971246006
                ],
                "flatness": [
                    0.4277823795180723
                ]
            }
        }
    },
    "cont_4": {
        "training": {
            "loss": [
                1.4166213331131128
            ],
            "accuracy": [
                0.604632587859425
            ]
        },
        "validation": {
            "cont_1": {
                "accuracy": [
                    0.7044728434504792
                ],
                "flatness": [
                    0.41836468962585033
                ]
            },
            "cont_2": {
                "accuracy": [
                    0.702076677316294
                ],
                "flatness": [
                    0.4256345989761092
                ]
            },
            "cont_3": {
                "accuracy": [
                    0.7367212460063898
                ],
                "flatness": [
                    0.39342390567827623
                ]
            },
            "cont_4": {
                "accuracy": [
                    0.8314696485623003
                ],
                "flatness": [
                    0.35657871037463973
                ]
            },
            "cont_5": {
                "accuracy": [
                    0.6576477635782748
                ],
                "flatness": [
                    0.4163750569303173
                ]
            }
        }
    },
    "cont_5": {
        "training": {
            "loss": [
                1.5447661571990188
            ],
            "accuracy": [
                0.5677915335463258
            ]
        },
        "validation": {
            "cont_1": {
                "accuracy": [
                    0.6741214057507987
                ],
                "flatness": [
                    0.4076486596563981
                ]
            },