{
    "random_1": {
        "training": {
            "loss": [
                0.41397141840807195
            ],
            "accuracy": [
                0.8675358280254777
            ]
        },
        "validation": {
            "random_1": {
                "accuracy": [
                    0.9729299363057324
                ],
                "flatness": [
                    0.35837305661796937
                ]
            }
        }
    },
    "random_2": {
        "training": {
            "loss": [
                0.2749197511061741
            ],
            "accuracy": [
                0.9128184713375797
            ]
        },
        "validation": {
            "random_2": {
                "accuracy": [
                    0.9746218152866242
                ],
                "flatness": [
                    0.37153834419268505
                ]
            }
        }
    },
    "random_3": {
        "training": {
            "loss": [
                0.6364862453785671
            ],
            "accuracy": [
                0.8031449044585988
            ]
        },
        "validation": {
            "random_3": {
                "accuracy": [
                    0.9562101910828026
                ],
                "flatness": [
                    0.3349404145692856
                ]
            }
        }
    },
    "random_4": {
        "training": {
            "loss": [
                0.5938573997871132
            ],
            "accuracy": [
                0.8125995222929936
            ]
        },
        "validation": {
            "random_4": {
                "accuracy": [
                    0.9667595541401274
                ],
                "flatness": [
                    0.2780713406418095
                ]
            }
        }
    },
    "random_5": {
        "training": {
            "loss": [
                0.5502034333670974
            ],
            "accuracy": [
                0.82921974522293
            ]
        },
        "validation": {
            "random_5": {
                "accuracy": [
                    0.9572054140127388
                ],
                "flatness": [
                    0.3245531818070514
                ]
            }
        }
    },
    "cont_1": {
        "training": {
            "loss": [
                0.3258165364052839
            ],
            "accuracy": [
                0.8951035031847133
            ]
        },
        "validation": {
            "cont_1": {
                "accuracy": [
                    0.9492436305732485
                ],
                "flatness": [
                    0.27575408906450705
                ]
            },
            "cont_2": {
                "accuracy": [
                    0.8767914012738853
                ],
                "flatness": [
                    0.2878927355490532
                ]
            },
            "cont_3": {
                "accuracy": [
                    0.7734872611464968
                ],
                "flatness": [
                    0.35598719888474606
                ]
            },
            "cont_4": {
                "accuracy": [
                    0.7907046178343949
                ],
                "flatness": [
                    0.34546916356095736
                ]
            },
            "cont_5": {
                "accuracy": [
                    0.7984673566878981
                ],
                "flatness": [
                    0.36637573278293517
                ]
            }
        }
    },
    "cont_2": {
        "training": {
            "loss": [
                0.33056102436818896
            ],
            "accuracy": [
                0.8949044585987261
            ]
        },
        "validation": {
            "cont_1": {
                "accuracy": [
                    0.9422770700636943
                ],
                "flatness": [
                    0.40551700555653725
                ]
            },
            "cont_2": {
                "accuracy": [
                    0.9671576433121019
                ],
                "flatness": [
                    0.407605474878177
                ]
            },
            "cont_3": {
                "accuracy": [
                    0.7985668789808917
                ],
                "flatness": [
                    0.3519488412103173
                ]
            },
            "cont_4": {
                "accuracy": [
                    0.8184713375796179
                ],
                "flatness": [
                    0.36248024121390704
                ]
            },
            "cont_5": {
                "accuracy": [
                    0.8247412420382165
                ],
                "flatness": [
                    0.39169482389462507
                ]
            }
        }
    },
    "cont_3": {
        "training": {
            "loss": [
                0.6496678784394719
            ],
            "accuracy": [
                0.8030453821656051
            ]
        },
        "validation": {
            "cont_1": {
                "accuracy": [
                    0.9288415605095541
                ],
                "flatness": [
                    0.3809769105313484
                ]
            },
            "cont_2": {
                "accuracy": [
                    0.9468550955414012
                ],
                "flatness": [
                    0.36613806009493083
                ]
            },
            "cont_3": {
                "accuracy": [
                    0.9564092356687898
                ],
                "flatness": [
                    0.3145309576866654
                ]
            },
            "cont_4": {
                "accuracy": [
                    0.830015923566879
                ],
                "flatness": [
                    0.2937631898074985
                ]
            },
            "cont_5": {
                "accuracy": [
                    0.8341958598726115
                ],
                "flatness": [
                    0.3740035202502635
                ]
            }
        }
    },
    "cont_4": {
        "training": {
            "loss": [
                0.6204145136912158
            ],
            "accuracy": [
                0.8121019108280255
            ]
        },
        "validation": {
            "cont_1": {
                "accuracy": [
                    0.8799761146496815
                ],
                "flatness": [
                    0.3269353658311428
                ]
            },
            "cont_2": {
                "accuracy": [
                    0.9009753184713376
                ],
                "flatness": [
                    0.3947545012702971
                ]
            },
            "cont_3": {
                "accuracy": [
                    0.8883359872611465
                ],
                "flatness": [
                    0.34509746899338756
                ]
            },
            "cont_4": {
                "accuracy": [
                    0.9555135350318471
                ],
                "flatness": [
                    0.2890706702677263
                ]
            },
            "cont_5": {
                "accuracy": [
                    0.8067277070063694
                ],
                "flatness": [
                    0.3988431414836076
                ]
            }
        }
    },
    "cont_5": {
        "training": {
            "loss": [
                0.5904011204364193
            ],
            "accuracy": [
                0.8153861464968153
            ]
        },
        "validation": {
            "cont_1": {
                "accuracy": [
                    0.8958996815286624
                ],
                "flatness": [
                    0.35395634353385985
                ]
            },