{
    "random_1": {
        "training": {
            "loss": [
                0.20039759377005753
            ],
            "accuracy": [
                0.9360071656050956
            ]
        },
        "validation": {
            "random_1": {
                "accuracy": [
                    0.9809912420382165
                ],
                "flatness": [
                    0.45390154246905645
                ]
            }
        }
    },
    "random_2": {
        "training": {
            "loss": [
                0.31789882647193923
            ],
            "accuracy": [
                0.8953025477707006
            ]
        },
        "validation": {
            "random_2": {
                "accuracy": [
                    0.9720342356687898
                ],
                "flatness": [
                    0.4131959666978304
                ]
            }
        }
    },
    "random_3": {
        "training": {
            "loss": [
                0.6405612241690326
            ],
            "accuracy": [
                0.8081210191082803
            ]
        },
        "validation": {
            "random_3": {
                "accuracy": [
                    0.9677547770700637
                ],
                "flatness": [
                    0.42995783639684804
                ]
            }
        }
    },
    "random_4": {
        "training": {
            "loss": [
                0.5998675533730513
            ],
            "accuracy": [
                0.8204617834394905
            ]
        },
        "validation": {
            "random_4": {
                "accuracy": [
                    0.953125
                ],
                "flatness": [
                    0.3770081965649714
                ]
            }
        }
    },
    "random_5": {
        "training": {
            "loss": [
                0.551999566281677
            ],
            "accuracy": [
                0.8274283439490446
            ]
        },
        "validation": {
            "random_5": {
                "accuracy": [
                    0.9741242038216561
                ],
                "flatness": [
                    0.5147251738350295
                ]
            }
        }
    },
    "cont_1": {
        "training": {
            "loss": [
                0.13439656741869677
            ],
            "accuracy": [
                0.9584992038216561
            ]
        },
        "validation": {
            "cont_1": {
                "accuracy": [
                    0.959593949044586
                ],
                "flatness": [
                    0.49333203773705253
                ]
            },
            "cont_2": {
                "accuracy": [
                    0.8663415605095541
                ],
                "flatness": [
                    0.44331533657278843
                ]
            },
            "cont_3": {
                "accuracy": [
                    0.7828423566878981
                ],
                "flatness": [
                    0.5137528610781134
                ]
            },
            "cont_4": {
                "accuracy": [
                    0.791202229299363
                ],
                "flatness": [
                    0.5515242147310725
                ]
            },
            "cont_5": {
                "accuracy": [
                    0.8001592356687898
                ],
                "flatness": [
                    0.49677611958921253
                ]
            }
        }
    },
    "cont_2": {
        "training": {
            "loss": [
                0.5706037537307497
            ],
            "accuracy": [
                0.8278264331210191
            ]
        },
        "validation": {
            "cont_1": {
                "accuracy": [
                    0.9304339171974523
                ],
                "flatness": [
                    0.41181222634693426
                ]
            },
            "cont_2": {
                "accuracy": [
                    0.9554140127388535
                ],
                "flatness": [
                    0.40554244834557174
                ]
            },
            "cont_3": {
                "accuracy": [
                    0.78234474522293
                ],
                "flatness": [
                    0.43194472732442046
                ]
            },
            "cont_4": {
                "accuracy": [
                    0.792296974522293
                ],
                "flatness": [
                    0.4082769128713547
                ]
            },
            "cont_5": {
                "accuracy": [
                    0.7993630573248408
                ],
                "flatness": [
                    0.4467424055182957
                ]
            }
        }
    },
    "cont_3": {
        "training": {
            "loss": [
                0.7884499252222146
            ],
            "accuracy": [
                0.7652269108280255
            ]
        },
        "validation": {
            "cont_1": {
                "accuracy": [
                    0.8981886942675159
                ],
                "flatness": [
                    0.3630570644169963
                ]
            },
            "cont_2": {
                "accuracy": [
                    0.9173964968152867
                ],
                "flatness": [
                    0.4694415818910377
                ]
            },
            "cont_3": {
                "accuracy": [
                    0.9273487261146497
                ],
                "flatness": [
                    0.5113283432330868
                ]
            },
            "cont_4": {
                "accuracy": [
                    0.7916998407643312
                ],
                "flatness": [
                    0.4422840985691375
                ]
            },
            "cont_5": {
                "accuracy": [
                    0.7997611464968153
                ],
                "flatness": [
                    0.4935555634004907
                ]
            }
        }
    },
    "cont_4": {
        "training": {
            "loss": [
                0.7418322627711448
            ],
            "accuracy": [
                0.7794585987261147
            ]
        },
        "validation": {
            "cont_1": {
                "accuracy": [
                    0.8918192675159236
                ],
                "flatness": [
                    0.47081603640730985
                ]
            },
            "cont_2": {
                "accuracy": [
                    0.8939092356687898
                ],
                "flatness": [
                    0.5031009245704527
                ]
            },
            "cont_3": {
                "accuracy": [
                    0.893312101910828
                ],
                "flatness": [
                    0.4718220813136794
                ]
            },
            "cont_4": {
                "accuracy": [
                    0.9384952229299363
                ],
                "flatness": [
                    0.4869830344615787
                ]
            },
            "cont_5": {
                "accuracy": [
                    0.8074243630573248
                ],
                "flatness": [
                    0.5248169605261475
                ]
            }
        }
    },
    "cont_5": {
        "training": {
            "loss": [
                1.2493076035930852
            ],
            "accuracy": [
                0.6429140127388535
            ]
        },
        "validation": {
            "cont_1": {
                "accuracy": [
                    0.7814490445859873
                ],
                "flatness": [
                    0.514468925495993
                ]
            },