{
    "random_1": {
        "training": {
            "loss": [
                0.06772820023555831
            ],
            "accuracy": [
                0.977109872611465
            ]
        },
        "validation": {
            "random_1": {
                "accuracy": [
                    0.988953025477707
                ],
                "flatness": [
                    0.7594442494452761
                ]
            }
        }
    },
    "random_2": {
        "training": {
            "loss": [
                0.10343185515635332
            ],
            "accuracy": [
                0.9646695859872612
            ]
        },
        "validation": {
            "random_2": {
                "accuracy": [
                    0.9923367834394905
                ],
                "flatness": [
                    0.7153648083935218
                ]
            }
        }
    },
    "random_3": {
        "training": {
            "loss": [
                0.09079261704282776
            ],
            "accuracy": [
                0.9699442675159236
            ]
        },
        "validation": {
            "random_3": {
                "accuracy": [
                    0.9956210191082803
                ],
                "flatness": [
                    0.7742890351345804
                ]
            }
        }
    },
    "random_4": {
        "training": {
            "loss": [
                0.16159997683516733
            ],
            "accuracy": [
                0.9478503184713376
            ]
        },
        "validation": {
            "random_4": {
                "accuracy": [
                    0.9890525477707006
                ],
                "flatness": [
                    0.6919105970492472
                ]
            }
        }
    },
    "random_5": {
        "training": {
            "loss": [
                0.12907426123311566
            ],
            "accuracy": [
                0.9571058917197452
            ]
        },
        "validation": {
            "random_5": {
                "accuracy": [
                    0.9899482484076433
                ],
                "flatness": [
                    0.7587596768864054
                ]
            }
        }
    },
    "cont_1": {
        "training": {
            "loss": [
                0.052458748953998276
            ],
            "accuracy": [
                0.9829816878980892
            ]
        },
        "validation": {
            "cont_1": {
                "accuracy": [
                    0.9873606687898089
                ],
                "flatness": [
                    0.7404921389457597
                ]
            },
            "cont_2": {
                "accuracy": [
                    0.9561106687898089
                ],
                "flatness": [
                    0.727475278598654
                ]
            },
            "cont_3": {
                "accuracy": [
                    0.9596934713375797
                ],
                "flatness": [
                    0.7090887181358096
                ]
            },
            "cont_4": {
                "accuracy": [
                    0.940187101910828
                ],
                "flatness": [
                    0.7422059927464189
                ]
            },
            "cont_5": {
                "accuracy": [
                    0.9424761146496815
                ],
                "flatness": [
                    0.6878904438220209
                ]
            }
        }
    },
    "cont_2": {
        "training": {
            "loss": [
                0.11701259148476947
            ],
            "accuracy": [
                0.9589968152866242
            ]
        },
        "validation": {
            "cont_1": {
                "accuracy": [
                    0.9866640127388535
                ],
                "flatness": [
                    0.7783883910614899
                ]
            },
            "cont_2": {
                "accuracy": [
                    0.9801950636942676
                ],
                "flatness": [
                    0.7454272007310386
                ]
            },
            "cont_3": {
                "accuracy": [
                    0.9673566878980892
                ],
                "flatness": [
                    0.6731455769018873
                ]
            },
            "cont_4": {
                "accuracy": [
                    0.9477507961783439
                ],
                "flatness": [
                    0.6594972707112897
                ]
            },
            "cont_5": {
                "accuracy": [
                    0.955015923566879
                ],
                "flatness": [
                    0.7426250534313029
                ]
            }
        }
    },
    "cont_3": {
        "training": {
            "loss": [
                0.09594161458503289
            ],
            "accuracy": [
                0.9677547770700637
            ]
        },
        "validation": {
            "cont_1": {
                "accuracy": [
                    0.9856687898089171
                ],
                "flatness": [
                    0.7903104816721406
                ]
            },
            "cont_2": {
                "accuracy": [
                    0.9813893312101911
                ],
                "flatness": [
                    0.7040003563760321
                ]
            },
            "cont_3": {
                "accuracy": [
                    0.9934315286624203
                ],
                "flatness": [
                    0.8089070337087637
                ]
            },
            "cont_4": {
                "accuracy": [
                    0.9521297770700637
                ],
                "flatness": [
                    0.7658816770661445
                ]
            },
            "cont_5": {
                "accuracy": [
                    0.9555135350318471
                ],
                "flatness": [
                    0.7760061470646
                ]
            }
        }
    },
    "cont_4": {
        "training": {
            "loss": [
                0.15223379325192826
            ],
            "accuracy": [
                0.9473527070063694
            ]
        },
        "validation": {
            "cont_1": {
                "accuracy": [
                    0.9875597133757962
                ],
                "flatness": [
                    0.7035966961323512
                ]
            },
            "cont_2": {
                "accuracy": [
                    0.982484076433121
                ],
                "flatness": [
                    0.7070327699039511
                ]
            },
            "cont_3": {
                "accuracy": [
                    0.990047770700637
                ],
                "flatness": [
                    0.7131126865690666
                ]
            },
            "cont_4": {
                "accuracy": [
                    0.98328025477707
                ],
                "flatness": [
                    0.6329658412933351
                ]
            },
            "cont_5": {
                "accuracy": [
                    0.9631767515923567
                ],
                "flatness": [
                    0.7347512410085638
                ]
            }
        }
    },
    "cont_5": {
        "training": {
            "loss": [
                0.14684602291957968
            ],
            "accuracy": [
                0.9513335987261147
            ]
        },
        "validation": {
            "cont_1": {
                "accuracy": [
                    0.980593152866242
                ],
                "flatness": [
                    0.8240388715616834
                ]
            },