{
    "random_1": {
        "training": {
            "loss": [
                3.4175602886788017
            ],
            "accuracy": [
                0.20162271806482854
            ]
        },
        "validation": {
            "random_1": {
                "accuracy": [
                    0.42768128802640926
                ]
            }
        }
    },
    "random_2": {
        "training": {
            "loss": [
                3.4024619117953474
            ],
            "accuracy": [
                0.20640846857192793
            ]
        },
        "validation": {
            "random_2": {
                "accuracy": [
                    0.41963742395322656
                ]
            }
        }
    },
    "random_3": {
        "training": {
            "loss": [
                3.3787003558499333
            ],
            "accuracy": [
                0.20564148073324567
            ]
        },
        "validation": {
            "random_3": {
                "accuracy": [
                    0.42446754564499034
                ]
            }
        }
    },
    "random_4": {
        "training": {
            "loss": [
                3.4188978628502897
            ],
            "accuracy": [
                0.19866252534892448
            ]
        },
        "validation": {
            "random_4": {
                "accuracy": [
                    0.40268762678693804
                ]
            }
        }
    },
    "random_5": {
        "training": {
            "loss": [
                3.4044036552098413
            ],
            "accuracy": [
                0.2027256592322315
            ]
        },
        "validation": {
            "random_5": {
                "accuracy": [
                    0.43317697769971697
                ]
            }
        }
    },
    "cont_1": {
        "training": {
            "loss": [
                3.4061541634689236
            ],
            "accuracy": [
                0.20247844828795225
            ]
        },
        "validation": {
            "cont_1": {
                "accuracy": [
                    0.43676470588839805
                ]
            },
            "cont_2": {
                "accuracy": [
                    0.32384634888438135
                ]
            },
            "cont_3": {
                "accuracy": [
                    0.3166075050830841
                ]
            },
            "cont_4": {
                "accuracy": [
                    0.31966911764101374
                ]
            },
            "cont_5": {
                "accuracy": [
                    0.32358646045229256
                ]
            }
        }
    },
    "cont_2": {
        "training": {
            "loss": [
                2.7162057781558007
            ],
            "accuracy": [
                0.34314781947261663
            ]
        },
        "validation": {
            "cont_1": {
                "accuracy": [
                    0.4052738336653545
                ]
            },
            "cont_2": {
                "accuracy": [
                    0.4995055781114416
                ]
            },
            "cont_3": {
                "accuracy": [
                    0.3654538539614203
                ]
            },
            "cont_4": {
                "accuracy": [
                    0.3616252535496957
                ]
            },
            "cont_5": {
                "accuracy": [
                    0.3680083671580947
                ]
            }
        }
    },
    "cont_3": {
        "training": {
            "loss": [
                2.5236673868935684
            ],
            "accuracy": [
                0.3788286004117246
            ]
        },
        "validation": {
            "cont_1": {
                "accuracy": [
                    0.4320106490932662
                ]
            },
            "cont_2": {
                "accuracy": [
                    0.4696881338863295
                ]
            },
            "cont_3": {
                "accuracy": [
                    0.5536067444098165
                ]
            },
            "cont_4": {
                "accuracy": [
                    0.4082467038539554
                ]
            },
            "cont_5": {
                "accuracy": [
                    0.41232251522507196
                ]
            }
        }
    },
    "cont_4": {
        "training": {
            "loss": [
                2.392622877932465
            ],
            "accuracy": [
                0.4043230223365536
            ]
        },
        "validation": {
            "cont_1": {
                "accuracy": [
                    0.43926850913383414
                ]
            },
            "cont_2": {
                "accuracy": [
                    0.45991379309740316
                ]
            },
            "cont_3": {
                "accuracy": [
                    0.48091404665918913
                ]
            },
            "cont_4": {
                "accuracy": [
                    0.563235294111602
                ]
            },
            "cont_5": {
                "accuracy": [
                    0.4247844827646658
                ]
            }
        }
    },
    "cont_5": {
        "training": {
            "loss": [
                2.309089630539954
            ],
            "accuracy": [
                0.42153904665616654
            ]
        },
        "validation": {
            "cont_1": {
                "accuracy": [
                    0.45365745436709987
                ]
            },
            "cont_2": {
                "accuracy": [
                    0.47053752537310484
                ]
            },
            "cont_3": {
                "accuracy": [
                    0.48178245435500966
                ]
            },
            "cont_4": {
                "accuracy": [
                    0.5089376267748479
                ]
            },
            "cont_5": {
                "accuracy": [
                    0.5865745436226378
                ]
            }
        }
    },
    "training_metrics": {
        "training": {},
        "validation": {
            "cont_1": {
                "accuracy": [
                    0.45365745436709987
                ],
                "flatness": [
                    0.405220651827641
                ]
            },
            "cont_2": {
                "accuracy": [
                    0.47053752537310484
                ],
                "flatness": [
                    0.5339160849503222
                ]
            },
            "cont_3": {
                "accuracy": [
                    0.48178245435500966
                ],
                "flatness": [
                    0.5521752330271454
                ]
            },
            "cont_4": {
                "accuracy": [
                    0.5089376267748479
                ],
                "flatness": [
                    0.4526825947856684
                ]
            },
            "cont_5": {
                "accuracy": [
                    0.5865745436226378
                ],
                "flatness": [
                    0.3949435982239242
                ]
            }
        }
    }
}