{
    "random_1": {
        "training": {
            "loss": [
                0.5398455404530699
            ],
            "accuracy": [
                0.830870607028754
            ]
        },
        "validation": {
            "random_1": {
                "accuracy": [
                    0.9524760383386581
                ],
                "flatness": [
                    0.3323984538784067
                ]
            }
        }
    },
    "random_2": {
        "training": {
            "loss": [
                1.2988494438485216
            ],
            "accuracy": [
                0.6330870607028753
            ]
        },
        "validation": {
            "random_2": {
                "accuracy": [
                    0.880491214057508
                ],
                "flatness": [
                    0.3895197868239029
                ]
            }
        }
    },
    "random_3": {
        "training": {
            "loss": [
                1.3079386634377246
            ],
            "accuracy": [
                0.636082268370607
            ]
        },
        "validation": {
            "random_3": {
                "accuracy": [
                    0.8643170926517572
                ],
                "flatness": [
                    0.44064774171190946
                ]
            }
        }
    },
    "random_4": {
        "training": {
            "loss": [
                1.2849950251487878
            ],
            "accuracy": [
                0.6410742811501597
            ]
        },
        "validation": {
            "random_4": {
                "accuracy": [
                    0.8637180511182109
                ],
                "flatness": [
                    0.4307775112703734
                ]
            }
        }
    },
    "random_5": {
        "training": {
            "loss": [
                1.305926324460453
            ],
            "accuracy": [
                0.6343849840255591
            ]
        },
        "validation": {
            "random_5": {
                "accuracy": [
                    0.8665135782747604
                ],
                "flatness": [
                    0.4066223067173637
                ]
            }
        }
    },
    "cont_1": {
        "training": {
            "loss": [
                0.31503125693732364
            ],
            "accuracy": [
                0.9000599041533547
            ]
        },
        "validation": {
            "cont_1": {
                "accuracy": [
                    0.9019568690095847
                ],
                "flatness": [
                    0.38111578481292896
                ]
            },
            "cont_2": {
                "accuracy": [
                    0.6154153354632588
                ],
                "flatness": [
                    0.419559133679429
                ]
            },
            "cont_3": {
                "accuracy": [
                    0.6161142172523961
                ],
                "flatness": [
                    0.36011991573488905
                ]
            },
            "cont_4": {
                "accuracy": [
                    0.6248003194888179
                ],
                "flatness": [
                    0.39293803930968363
                ]
            },
            "cont_5": {
                "accuracy": [
                    0.6116214057507987
                ],
                "flatness": [
                    0.3340250571335292
                ]
            }
        }
    },
    "cont_2": {
        "training": {
            "loss": [
                1.421753838229865
            ],
            "accuracy": [
                0.6179113418530351
            ]
        },
        "validation": {
            "cont_1": {
                "accuracy": [
                    0.8449480830670927
                ],
                "flatness": [
                    0.41376432707077865
                ]
            },
            "cont_2": {
                "accuracy": [
                    0.8452476038338658
                ],
                "flatness": [
                    0.3454516595794945
                ]
            },
            "cont_3": {
                "accuracy": [
                    0.6829073482428115
                ],
                "flatness": [
                    0.5062225877192982
                ]
            },
            "cont_4": {
                "accuracy": [
                    0.680111821086262
                ],
                "flatness": [
                    0.4230117806811509
                ]
            },
            "cont_5": {
                "accuracy": [
                    0.6736222044728435
                ],
                "flatness": [
                    0.41114013635689933
                ]
            }
        }
    },
    "cont_3": {
        "training": {
            "loss": [
                1.3773190535295505
            ],
            "accuracy": [
                0.6115215654952076
            ]
        },
        "validation": {
            "cont_1": {
                "accuracy": [
                    0.7724640575079872
                ],
                "flatness": [
                    0.4381777497738142
                ]
            },
            "cont_2": {
                "accuracy": [
                    0.7441094249201278
                ],
                "flatness": [
                    0.4341389373406682
                ]
            },
            "cont_3": {
                "accuracy": [
                    0.8333666134185304
                ],
                "flatness": [
                    0.3974841260333054
                ]
            },
            "cont_4": {
                "accuracy": [
                    0.672923322683706
                ],
                "flatness": [
                    0.5587212537091988
                ]
            },
            "cont_5": {
                "accuracy": [
                    0.6630391373801917
                ],
                "flatness": [
                    0.3467107739798223
                ]
            }
        }
    },
    "cont_4": {
        "training": {
            "loss": [
                1.287508365730889
            ],
            "accuracy": [
                0.6309904153354633
            ]
        },
        "validation": {
            "cont_1": {
                "accuracy": [
                    0.7546924920127795
                ],
                "flatness": [
                    0.4844688450853288
                ]
            },
            "cont_2": {
                "accuracy": [
                    0.7250399361022364
                ],
                "flatness": [
                    0.3784813068025337
                ]
            },
            "cont_3": {
                "accuracy": [
                    0.7539936102236422
                ],
                "flatness": [
                    0.4903576867055085
                ]
            },
            "cont_4": {
                "accuracy": [
                    0.8465455271565495
                ],
                "flatness": [
                    0.38991184101898807
                ]
            },
            "cont_5": {
                "accuracy": [
                    0.6775159744408946
                ],
                "flatness": [
                    0.4612437371058061
                ]
            }
        }
    },
    "cont_5": {
        "training": {
            "loss": [
                1.4297875047872624
            ],
            "accuracy": [
                0.5969448881789138
            ]
        },
        "validation": {
            "cont_1": {
                "accuracy": [
                    0.7152555910543131
                ],
                "flatness": [
                    0.3274070002791737
                ]
            },