{
    "random_1": {
        "training": {
            "loss": [
                0.7700786862024076
            ],
            "accuracy": [
                0.7350716560509554
            ]
        },
        "validation": {
            "random_1": {
                "accuracy": [
                    0.9462579617834395
                ]
            }
        }
    },
    "random_2": {
        "training": {
            "loss": [
                0.7503610718402134
            ],
            "accuracy": [
                0.7470143312101911
            ]
        },
        "validation": {
            "random_2": {
                "accuracy": [
                    0.9522292993630573
                ]
            }
        }
    },
    "random_3": {
        "training": {
            "loss": [
                0.7694707827962888
            ],
            "accuracy": [
                0.7368630573248408
            ]
        },
        "validation": {
            "random_3": {
                "accuracy": [
                    0.950437898089172
                ]
            }
        }
    },
    "random_4": {
        "training": {
            "loss": [
                0.7416817603787039
            ],
            "accuracy": [
                0.7488057324840764
            ]
        },
        "validation": {
            "random_4": {
                "accuracy": [
                    0.9516321656050956
                ]
            }
        }
    },
    "random_5": {
        "training": {
            "loss": [
                0.730738338011845
            ],
            "accuracy": [
                0.7521894904458599
            ]
        },
        "validation": {
            "random_5": {
                "accuracy": [
                    0.9462579617834395
                ]
            }
        }
    },
    "random_6": {
        "training": {
            "loss": [
                0.7588493393105307
            ],
            "accuracy": [
                0.7424363057324841
            ]
        },
        "validation": {
            "random_6": {
                "accuracy": [
                    0.9430732484076433
                ]
            }
        }
    },
    "random_7": {
        "training": {
            "loss": [
                0.7679904374727018
            ],
            "accuracy": [
                0.7432324840764332
            ]
        },
        "validation": {
            "random_7": {
                "accuracy": [
                    0.9219745222929936
                ]
            }
        }
    },
    "random_8": {
        "training": {
            "loss": [
                0.7635165792741593
            ],
            "accuracy": [
                0.7360668789808917
            ]
        },
        "validation": {
            "random_8": {
                "accuracy": [
                    0.9450636942675159
                ]
            }
        }
    },
    "random_9": {
        "training": {
            "loss": [
                0.7408861385504152
            ],
            "accuracy": [
                0.7494028662420382
            ]
        },
        "validation": {
            "random_9": {
                "accuracy": [
                    0.9470541401273885
                ]
            }
        }
    },
    "random_10": {
        "training": {
            "loss": [
                0.7504345394054036
            ],
            "accuracy": [
                0.7484076433121019
            ]
        },
        "validation": {
            "random_10": {
                "accuracy": [
                    0.9436703821656051
                ]
            }
        }
    },
    "cont_1": {
        "training": {
            "loss": [
                0.7295485859985944
            ],
            "accuracy": [
                0.7466162420382165
            ]
        },
        "validation": {
            "cont_1": {
                "accuracy": [
                    0.9398885350318471
                ]
            },
            "cont_2": {
                "accuracy": [
                    0.8457404458598726
                ]
            },
            "cont_3": {
                "accuracy": [
                    0.84375
                ]
            },
            "cont_4": {
                "accuracy": [
                    0.8425557324840764
                ]
            },
            "cont_5": {
                "accuracy": [
                    0.8525079617834395
                ]
            },
            "cont_6": {
                "accuracy": [
                    0.8469347133757962
                ]
            },
            "cont_7": {
                "accuracy": [
                    0.8485270700636943
                ]
            },
            "cont_8": {
                "accuracy": [
                    0.8449442675159236
                ]
            },
            "cont_9": {
                "accuracy": [
                    0.8546974522292994
                ]
            },
            "cont_10": {
                "accuracy": [
                    0.848328025477707
                ]
            }
        }
    },
    "cont_2": {
        "training": {
            "loss": [
                0.5485991854576548
            ],
            "accuracy": [
                0.8228503184713376
            ]
        },
        "validation": {
            "cont_1": {
                "accuracy": [
                    0.923765923566879
                ]
            },
            "cont_2": {
                "accuracy": [
                    0.9578025477707006
                ]
            },
            "cont_3": {
                "accuracy": [
                    0.8724124203821656
                ]
            },
            "cont_4": {
                "accuracy": [
                    0.8744028662420382
                ]
            },
            "cont_5": {
                "accuracy": [
                    0.8777866242038217
                ]
            },
            "cont_6": {
                "accuracy": [
                    0.8791799363057324
                ]
            },
            "cont_7": {
                "accuracy": [
                    0.8791799363057324
                ]
            },
            "cont_8": {
                "accuracy": [
                    0.8789808917197452
                ]
            },
            "cont_9": {
                "accuracy": [
                    0.8885350318471338
                ]
            },
            "cont_10": {
                "accuracy": [
                    0.8851512738853503
                ]
            }
        }
    },
    "cont_3": {
        "training": {
            "loss": [
                0.5202269869720101
            ],
            "accuracy": [
                0.825437898089172
            ]
        },
        "validation": {
            "cont_1": {
                "accuracy": [
                    0.8929140127388535
                ]
            },
            "cont_2": {
                "accuracy": [
                    0.8955015923566879
                ]
            },
            "cont_3": {
                "accuracy": [
                    0.942078025477707
                ]
            },
            "cont_4": {
                "accuracy": [
                    0.8777866242038217
                ]
            },
            "cont_5": {
                "accuracy": [
                    0.8722133757961783
                ]
            },
            "cont_6": {
                "accuracy": [
                    0.8708200636942676
                ]
            },
            "cont_7": {
                "accuracy": [
                    0.8692277070063694
                ]
            },
            "cont_8": {
                "accuracy": [
                    0.8674363057324841
                ]
            },
            "cont_9": {
                "accuracy": [
                    0.8726114649681529
                ]
            },