{
    "random_1": {
        "training": {
            "loss": [
                1.0140637563059505
            ],
            "accuracy": [
                0.7043730031948882
            ]
        },
        "validation": {
            "random_1": {
                "accuracy": [
                    0.90625
                ],
                "flatness": [
                    0.3006465517241379
                ]
            }
        }
    },
    "random_2": {
        "training": {
            "loss": [
                1.4547210722304762
            ],
            "accuracy": [
                0.5969448881789138
            ]
        },
        "validation": {
            "random_2": {
                "accuracy": [
                    0.8313698083067093
                ],
                "flatness": [
                    0.21542947640206558
                ]
            }
        }
    },
    "random_3": {
        "training": {
            "loss": [
                1.4484376377952746
            ],
            "accuracy": [
                0.5904552715654952
            ]
        },
        "validation": {
            "random_3": {
                "accuracy": [
                    0.8423522364217252
                ],
                "flatness": [
                    0.33875562996325714
                ]
            }
        }
    },
    "random_4": {
        "training": {
            "loss": [
                1.435319582494303
            ],
            "accuracy": [
                0.5925519169329073
            ]
        },
        "validation": {
            "random_4": {
                "accuracy": [
                    0.8486421725239617
                ],
                "flatness": [
                    0.29735
                ]
            }
        }
    },
    "random_5": {
        "training": {
            "loss": [
                1.443799989292035
            ],
            "accuracy": [
                0.5932507987220448
            ]
        },
        "validation": {
            "random_5": {
                "accuracy": [
                    0.8256789137380192
                ],
                "flatness": [
                    0.2654065900846433
                ]
            }
        }
    },
    "cont_1": {
        "training": {
            "loss": [
                0.8613879835834137
            ],
            "accuracy": [
                0.75
            ]
        },
        "validation": {
            "cont_1": {
                "accuracy": [
                    0.8610223642172524
                ],
                "flatness": [
                    0.29738447935992574
                ]
            },
            "cont_2": {
                "accuracy": [
                    0.5969448881789138
                ],
                "flatness": [
                    0.36743079946479346
                ]
            },
            "cont_3": {
                "accuracy": [
                    0.5968450479233227
                ],
                "flatness": [
                    0.31251568250250916
                ]
            },
            "cont_4": {
                "accuracy": [
                    0.5962460063897763
                ],
                "flatness": [
                    0.3321563127930342
                ]
            },
            "cont_5": {
                "accuracy": [
                    0.5877595846645367
                ],
                "flatness": [
                    0.2831195855274333
                ]
            }
        }
    },
    "cont_2": {
        "training": {
            "loss": [
                1.3559840967099126
            ],
            "accuracy": [
                0.6217052715654952
            ]
        },
        "validation": {
            "cont_1": {
                "accuracy": [
                    0.805111821086262
                ],
                "flatness": [
                    0.3175509982638889
                ]
            },
            "cont_2": {
                "accuracy": [
                    0.8668130990415336
                ],
                "flatness": [
                    0.31026909122322044
                ]
            },
            "cont_3": {
                "accuracy": [
                    0.6788138977635783
                ],
                "flatness": [
                    0.3305973304897779
                ]
            },
            "cont_4": {
                "accuracy": [
                    0.6713258785942492
                ],
                "flatness": [
                    0.3610508997620464
                ]
            },
            "cont_5": {
                "accuracy": [
                    0.6737220447284346
                ],
                "flatness": [
                    0.34962025785417905
                ]
            }
        }
    },
    "cont_3": {
        "training": {
            "loss": [
                1.2050753920413435
            ],
            "accuracy": [
                0.6588458466453674
            ]
        },
        "validation": {
            "cont_1": {
                "accuracy": [
                    0.7881389776357828
                ],
                "flatness": [
                    0.45226200278692674
                ]
            },
            "cont_2": {
                "accuracy": [
                    0.7876397763578274
                ],
                "flatness": [
                    0.3496403219672962
                ]
            },
            "cont_3": {
                "accuracy": [
                    0.8813897763578274
                ],
                "flatness": [
                    0.3062457521522429
                ]
            },
            "cont_4": {
                "accuracy": [
                    0.6926916932907349
                ],
                "flatness": [
                    0.40179536609974054
                ]
            },
            "cont_5": {
                "accuracy": [
                    0.6915934504792333
                ],
                "flatness": [
                    0.3558358596795149
                ]
            }
        }
    },
    "cont_4": {
        "training": {
            "loss": [
                1.1058906266293205
            ],
            "accuracy": [
                0.6805111821086262
            ]
        },
        "validation": {
            "cont_1": {
                "accuracy": [
                    0.7834464856230032
                ],
                "flatness": [
                    0.39813065502739897
                ]
            },
            "cont_2": {
                "accuracy": [
                    0.7797523961661342
                ],
                "flatness": [
                    0.41629801536491673
                ]
            },
            "cont_3": {
                "accuracy": [
                    0.8112020766773163
                ],
                "flatness": [
                    0.41195615384615386
                ]
            },
            "cont_4": {
                "accuracy": [
                    0.898861821086262
                ],
                "flatness": [
                    0.3472273131178496
                ]
            },
            "cont_5": {
                "accuracy": [
                    0.7009784345047924
                ],
                "flatness": [
                    0.4510993804301382
                ]
            }
        }
    },
    "cont_5": {
        "training": {
            "loss": [
                1.0540894580344422
            ],
            "accuracy": [
                0.6946884984025559
            ]
        },
        "validation": {
            "cont_1": {
                "accuracy": [
                    0.7804512779552716
                ],
                "flatness": [
                    0.4462061852373034
                ]
            },