{
    "random_1": {
        "training": {
            "loss": [
                2.589170921404995
            ],
            "accuracy": [
                0.1924949290181754
            ]
        },
        "validation": {
            "random_1": {
                "accuracy": [
                    0.41282961461655265
                ]
            }
        }
    },
    "random_2": {
        "training": {
            "loss": [
                2.5132568271842013
            ],
            "accuracy": [
                0.2130261156216838
            ]
        },
        "validation": {
            "random_2": {
                "accuracy": [
                    0.44849771805273836
                ]
            }
        }
    },
    "random_3": {
        "training": {
            "loss": [
                2.5215244370590115
            ],
            "accuracy": [
                0.20850025356178592
            ]
        },
        "validation": {
            "random_3": {
                "accuracy": [
                    0.43967418865306385
                ]
            }
        }
    },
    "random_4": {
        "training": {
            "loss": [
                2.5563381652803017
            ],
            "accuracy": [
                0.2039870689670285
            ]
        },
        "validation": {
            "random_4": {
                "accuracy": [
                    0.4297350405679513
                ]
            }
        }
    },
    "random_5": {
        "training": {
            "loss": [
                2.5296777045509153
            ],
            "accuracy": [
                0.2067254056916034
            ]
        },
        "validation": {
            "random_5": {
                "accuracy": [
                    0.43654918864097364
                ]
            }
        }
    },
    "cont_1": {
        "training": {
            "loss": [
                2.574243377115857
            ],
            "accuracy": [
                0.19825050709334638
            ]
        },
        "validation": {
            "cont_1": {
                "accuracy": [
                    0.42273706895947216
                ]
            },
            "cont_2": {
                "accuracy": [
                    0.3094257099391481
                ]
            },
            "cont_3": {
                "accuracy": [
                    0.307581135908682
                ]
            },
            "cont_4": {
                "accuracy": [
                    0.30664300202235245
                ]
            },
            "cont_5": {
                "accuracy": [
                    0.3124239351033681
                ]
            }
        }
    },
    "cont_2": {
        "training": {
            "loss": [
                2.123788875692031
            ],
            "accuracy": [
                0.3443395030546865
            ]
        },
        "validation": {
            "cont_1": {
                "accuracy": [
                    0.42518382353243434
                ]
            },
            "cont_2": {
                "accuracy": [
                    0.52793483774633
                ]
            },
            "cont_3": {
                "accuracy": [
                    0.38483772821286144
                ]
            },
            "cont_4": {
                "accuracy": [
                    0.3795258620750106
                ]
            },
            "cont_5": {
                "accuracy": [
                    0.38573149088430114
                ]
            }
        }
    },
    "cont_3": {
        "training": {
            "loss": [
                1.945138679677526
            ],
            "accuracy": [
                0.3899657708152554
            ]
        },
        "validation": {
            "cont_1": {
                "accuracy": [
                    0.44112576066722253
                ]
            },
            "cont_2": {
                "accuracy": [
                    0.4838045131845842
                ]
            },
            "cont_3": {
                "accuracy": [
                    0.5620436105597575
                ]
            },
            "cont_4": {
                "accuracy": [
                    0.41859787019464595
                ]
            },
            "cont_5": {
                "accuracy": [
                    0.4161764705821902
                ]
            }
        }
    },
    "cont_4": {
        "training": {
            "loss": [
                1.8595293568065636
            ],
            "accuracy": [
                0.4155425963428393
            ]
        },
        "validation": {
            "cont_1": {
                "accuracy": [
                    0.459298935097323
                ]
            },
            "cont_2": {
                "accuracy": [
                    0.4831833164481556
                ]
            },
            "cont_3": {
                "accuracy": [
                    0.5182429006206095
                ]
            },
            "cont_4": {
                "accuracy": [
                    0.5893002028518468
                ]
            },
            "cont_5": {
                "accuracy": [
                    0.445974898598257
                ]
            }
        }
    },
    "cont_5": {
        "training": {
            "loss": [
                1.7809129195329383
            ],
            "accuracy": [
                0.43954741380519363
            ]
        },
        "validation": {
            "cont_1": {
                "accuracy": [
                    0.46353321502827727
                ]
            },
            "cont_2": {
                "accuracy": [
                    0.4798491379552149
                ]
            },
            "cont_3": {
                "accuracy": [
                    0.5015910243649512
                ]
            },
            "cont_4": {
                "accuracy": [
                    0.5265086207077905
                ]
            },
            "cont_5": {
                "accuracy": [
                    0.5982568458659654
                ]
            }
        }
    },
    "training_metrics": {
        "training": {},
        "validation": {
            "cont_1": {
                "accuracy": [
                    0.46353321502827727
                ],
                "flatness": [
                    0.6343701333365892
                ]
            },
            "cont_2": {
                "accuracy": [
                    0.4798491379552149
                ],
                "flatness": [
                    0.6109582489018186
                ]
            },
            "cont_3": {
                "accuracy": [
                    0.5015910243649512
                ],
                "flatness": [
                    0.488009420067878
                ]
            },
            "cont_4": {
                "accuracy": [
                    0.5265086207077905
                ],
                "flatness": [
                    0.6391366249213718
                ]
            },
            "cont_5": {
                "accuracy": [
                    0.5982568458659654
                ],
                "flatness": [
                    0.41978017538270473
                ]
            }
        }
    }
}