{
    "random_1": {
        "training": {
            "loss": [
                2.1692735147476196,
                1.0931651947895686
            ],
            "accuracy": [
                0.43975,
                0.6735833333333333
            ]
        },
        "validation": {
            "random_1": {
                "accuracy": [
                    0.8255
                ]
            }
        }
    },
    "random_2": {
        "training": {
            "loss": [
                2.146777943690618,
                1.0784571413199107
            ],
            "accuracy": [
                0.4415,
                0.67875
            ]
        },
        "validation": {
            "random_2": {
                "accuracy": [
                    0.8085833333333333
                ]
            }
        }
    },
    "random_3": {
        "training": {
            "loss": [
                2.1584967195192974,
                1.0713568399349849
            ],
            "accuracy": [
                0.43433333333333335,
                0.6805833333333333
            ]
        },
        "validation": {
            "random_3": {
                "accuracy": [
                    0.7696666666666667
                ]
            }
        }
    },
    "random_4": {
        "training": {
            "loss": [
                2.170558729807536,
                1.0735273549159368
            ],
            "accuracy": [
                0.4349166666666667,
                0.6829166666666666
            ]
        },
        "validation": {
            "random_4": {
                "accuracy": [
                    0.833
                ]
            }
        }
    },
    "random_5": {
        "training": {
            "loss": [
                2.1209703346888222,
                1.056995384156704
            ],
            "accuracy": [
                0.44508333333333333,
                0.6885
            ]
        },
        "validation": {
            "random_5": {
                "accuracy": [
                    0.8045833333333333
                ]
            }
        }
    },
    "cont_1": {
        "training": {
            "loss": [
                2.1581590667565664,
                1.073034485936165
            ],
            "accuracy": [
                0.4385,
                0.681
            ]
        },
        "validation": {
            "cont_1": {
                "accuracy": [
                    0.8175
                ]
            },
            "cont_2": {
                "accuracy": [
                    0.6554166666666666
                ]
            },
            "cont_3": {
                "accuracy": [
                    0.65225
                ]
            },
            "cont_4": {
                "accuracy": [
                    0.6485833333333333
                ]
            },
            "cont_5": {
                "accuracy": [
                    0.6546666666666666
                ]
            }
        }
    },
    "cont_2": {
        "training": {
            "loss": [
                1.241451013247172,
                0.8593344179789225
            ],
            "accuracy": [
                0.6470833333333333,
                0.7493333333333333
            ]
        },
        "validation": {
            "cont_1": {
                "accuracy": [
                    0.7879166666666667
                ]
            },
            "cont_2": {
                "accuracy": [
                    0.8785
                ]
            },
            "cont_3": {
                "accuracy": [
                    0.7016666666666667
                ]
            },
            "cont_4": {
                "accuracy": [
                    0.7045833333333333
                ]
            },
            "cont_5": {
                "accuracy": [
                    0.7105833333333333
                ]
            }
        }
    },
    "cont_3": {
        "training": {
            "loss": [
                1.0964521412650745,
                0.7570666285951932
            ],
            "accuracy": [
                0.6806666666666666,
                0.7754166666666666
            ]
        },
        "validation": {
            "cont_1": {
                "accuracy": [
                    0.7765833333333333
                ]
            },
            "cont_2": {
                "accuracy": [
                    0.8075
                ]
            },
            "cont_3": {
                "accuracy": [
                    0.8841666666666667
                ]
            },
            "cont_4": {
                "accuracy": [
                    0.7170833333333333
                ]
            },
            "cont_5": {
                "accuracy": [
                    0.7275
                ]
            }
        }
    },
    "cont_4": {
        "training": {
            "loss": [
                1.0410112627545993,
                0.7127541219890118
            ],
            "accuracy": [
                0.6995833333333333,
                0.79025
            ]
        },
        "validation": {
            "cont_1": {
                "accuracy": [
                    0.7829166666666667
                ]
            },
            "cont_2": {
                "accuracy": [
                    0.8046666666666666
                ]
            },
            "cont_3": {
                "accuracy": [
                    0.8385833333333333
                ]
            },
            "cont_4": {
                "accuracy": [
                    0.9045
                ]
            },
            "cont_5": {
                "accuracy": [
                    0.7464166666666666
                ]
            }
        }
    },
    "cont_5": {
        "training": {
            "loss": [
                0.9692309271295866,
                0.6405630597968897
            ],
            "accuracy": [
                0.7189166666666666,
                0.80875
            ]
        },
        "validation": {
            "cont_1": {
                "accuracy": [
                    0.76675
                ]
            },
            "cont_2": {
                "accuracy": [
                    0.7851666666666667
                ]
            },
            "cont_3": {
                "accuracy": [
                    0.8095
                ]
            },
            "cont_4": {
                "accuracy": [
                    0.82925
                ]
            },
            "cont_5": {
                "accuracy": [
                    0.90975
                ]
            }
        }
    },
    "training_metrics": {
        "training": {},
        "validation": {
            "cont_1": {
                "accuracy": [
                    0.76675
                ],
                "flatness": [
                    0.1428105640691229
                ]
            },
            "cont_2": {
                "accuracy": [
                    0.7851666666666667
                ],
                "flatness": [
                    0.13903629802589684
                ]
            },
            "cont_3": {
                "accuracy": [
                    0.8095
                ],
                "flatness": [
                    0.16779905291332095
                ]
            },
            "cont_4": {
                "accuracy": [
                    0.82925
                ],
                "flatness": [
                    0.1541553612702241
                ]
            },
            "cont_5": {
                "accuracy": [
                    0.90975
                ],
                "flatness": [
                    0.12420994778785381
                ]
            }
        }
    }
}