{
    "random_1": {
        "training": {
            "loss": [
                0.9958792026050556
            ],
            "accuracy": [
                0.7088658146964856
            ]
        },
        "validation": {
            "random_1": {
                "accuracy": [
                    0.8940694888178914
                ],
                "flatness": [
                    0.2750328029034059
                ]
            }
        }
    },
    "random_2": {
        "training": {
            "loss": [
                1.4594751107045256
            ],
            "accuracy": [
                0.5875599041533547
            ]
        },
        "validation": {
            "random_2": {
                "accuracy": [
                    0.8459464856230032
                ],
                "flatness": [
                    0.3864938628584917
                ]
            }
        }
    },
    "random_3": {
        "training": {
            "loss": [
                1.4568287716886867
            ],
            "accuracy": [
                0.5935503194888179
            ]
        },
        "validation": {
            "random_3": {
                "accuracy": [
                    0.8464456869009584
                ],
                "flatness": [
                    0.32742613234253365
                ]
            }
        }
    },
    "random_4": {
        "training": {
            "loss": [
                1.4507616600289512
            ],
            "accuracy": [
                0.5980431309904153
            ]
        },
        "validation": {
            "random_4": {
                "accuracy": [
                    0.8640175718849841
                ],
                "flatness": [
                    0.2357717529466143
                ]
            }
        }
    },
    "random_5": {
        "training": {
            "loss": [
                1.4394437914458327
            ],
            "accuracy": [
                0.5935503194888179
            ]
        },
        "validation": {
            "random_5": {
                "accuracy": [
                    0.8555311501597445
                ],
                "flatness": [
                    0.3264602053915276
                ]
            }
        }
    },
    "cont_1": {
        "training": {
            "loss": [
                0.8270059420753972
            ],
            "accuracy": [
                0.7563897763578274
            ]
        },
        "validation": {
            "cont_1": {
                "accuracy": [
                    0.8700079872204473
                ],
                "flatness": [
                    0.2536794239155382
                ]
            },
            "cont_2": {
                "accuracy": [
                    0.5896565495207667
                ],
                "flatness": [
                    0.3249375634947511
                ]
            },
            "cont_3": {
                "accuracy": [
                    0.5891573482428115
                ],
                "flatness": [
                    0.3716245127944416
                ]
            },
            "cont_4": {
                "accuracy": [
                    0.5888578274760383
                ],
                "flatness": [
                    0.3429573584265853
                ]
            },
            "cont_5": {
                "accuracy": [
                    0.6000399361022364
                ],
                "flatness": [
                    0.3915754991680533
                ]
            }
        }
    },
    "cont_2": {
        "training": {
            "loss": [
                1.5866451293896562
            ],
            "accuracy": [
                0.5801717252396166
            ]
        },
        "validation": {
            "cont_1": {
                "accuracy": [
                    0.8852835463258786
                ],
                "flatness": [
                    0.28217477726401263
                ]
            },
            "cont_2": {
                "accuracy": [
                    0.6054313099041534
                ],
                "flatness": [
                    0.3616352655013192
                ]
            },
            "cont_3": {
                "accuracy": [
                    0.6005391373801917
                ],
                "flatness": [
                    0.3613289692435578
                ]
            },
            "cont_4": {
                "accuracy": [
                    0.6042332268370607
                ],
                "flatness": [
                    0.315482485128883
                ]
            },
            "cont_5": {
                "accuracy": [
                    0.6101238019169329
                ],
                "flatness": [
                    0.34636925216822123
                ]
            }
        }
    },
    "cont_3": {
        "training": {
            "loss": [
                1.5767560119446093
            ],
            "accuracy": [
                0.584564696485623
            ]
        },
        "validation": {
            "cont_1": {
                "accuracy": [
                    0.8866813099041534
                ],
                "flatness": [
                    0.299351846638892
                ]
            },
            "cont_2": {
                "accuracy": [
                    0.6071285942492013
                ],
                "flatness": [
                    0.3342449843775695
                ]
            },
            "cont_3": {
                "accuracy": [
                    0.6069289137380192
                ],
                "flatness": [
                    0.32470081427866426
                ]
            },
            "cont_4": {
                "accuracy": [
                    0.6049321086261981
                ],
                "flatness": [
                    0.2760511222974088
                ]
            },
            "cont_5": {
                "accuracy": [
                    0.610323482428115
                ],
                "flatness": [
                    0.29473355962702436
                ]
            }
        }
    },
    "cont_4": {
        "training": {
            "loss": [
                1.5636141785798363
            ],
            "accuracy": [
                0.5834664536741214
            ]
        },
        "validation": {
            "cont_1": {
                "accuracy": [
                    0.8863817891373802
                ],
                "flatness": [
                    0.29680882518585266
                ]
            },
            "cont_2": {
                "accuracy": [
                    0.6063298722044729
                ],
                "flatness": [
                    0.3736621109830397
                ]
            },
            "cont_3": {
                "accuracy": [
                    0.6062300319488818
                ],
                "flatness": [
                    0.3811336874176548
                ]
            },
            "cont_4": {
                "accuracy": [
                    0.6099241214057508
                ],
                "flatness": [
                    0.27987600261908663
                ]
            },
            "cont_5": {
                "accuracy": [
                    0.6131190095846646
                ],
                "flatness": [
                    0.44725207620908636
                ]
            }
        }
    },
    "cont_5": {
        "training": {
            "loss": [
                1.5371065825319137
            ],
            "accuracy": [
                0.5915535143769968
            ]
        },
        "validation": {
            "cont_1": {
                "accuracy": [
                    0.8928714057507987
                ],
                "flatness": [
                    0.254839679078609
                ]
            },