{
    "random_1": {
        "training": {
            "loss": [
                3.3433655517338257,
                2.5330678771040263
            ],
            "accuracy": [
                0.20553372210953347,
                0.3518635902636917
            ]
        },
        "validation": {
            "random_1": {
                "accuracy": [
                    0.48580121703853957
                ]
            }
        }
    },
    "random_2": {
        "training": {
            "loss": [
                3.353461959601416,
                2.5487760700753928
            ],
            "accuracy": [
                0.20150862068965517,
                0.3506909229208925
            ]
        },
        "validation": {
            "random_2": {
                "accuracy": [
                    0.44190542596348886
                ]
            }
        }
    },
    "random_3": {
        "training": {
            "loss": [
                3.3707788900961497,
                2.5617239356161856
            ],
            "accuracy": [
                0.20163539553752535,
                0.34967672413793105
            ]
        },
        "validation": {
            "random_3": {
                "accuracy": [
                    0.4741062373225152
                ]
            }
        }
    },
    "random_4": {
        "training": {
            "loss": [
                3.3321692397096334,
                2.5321536360357646
            ],
            "accuracy": [
                0.20997084178498987,
                0.3555717545638945
            ]
        },
        "validation": {
            "random_4": {
                "accuracy": [
                    0.4671336206896552
                ]
            }
        }
    },
    "random_5": {
        "training": {
            "loss": [
                3.332473280886849,
                2.538058716191723
            ],
            "accuracy": [
                0.20572388438133873,
                0.3515149594320487
            ]
        },
        "validation": {
            "random_5": {
                "accuracy": [
                    0.4838362068965517
                ]
            }
        }
    },
    "cont_1": {
        "training": {
            "loss": [
                3.344333372118507,
                2.534009443214409
            ],
            "accuracy": [
                0.2043927484787018,
                0.35490618661257606
            ]
        },
        "validation": {
            "cont_1": {
                "accuracy": [
                    0.4903334178498986
                ]
            },
            "cont_2": {
                "accuracy": [
                    0.34967672413793105
                ]
            },
            "cont_3": {
                "accuracy": [
                    0.3530679513184584
                ]
            },
            "cont_4": {
                "accuracy": [
                    0.354145537525355
                ]
            },
            "cont_5": {
                "accuracy": [
                    0.3530362576064909
                ]
            }
        }
    },
    "cont_2": {
        "training": {
            "loss": [
                2.3949310541394757,
                0.8116991586726288
            ],
            "accuracy": [
                0.3434964503042596,
                0.4232061359026369
            ]
        },
        "validation": {
            "cont_1": {
                "accuracy": [
                    0.435059584178499
                ]
            },
            "cont_2": {
                "accuracy": [
                    0.5369548681541582
                ]
            },
            "cont_3": {
                "accuracy": [
                    0.39182936105476673
                ]
            },
            "cont_4": {
                "accuracy": [
                    0.3918610547667343
                ]
            },
            "cont_5": {
                "accuracy": [
                    0.3900862068965517
                ]
            }
        }
    },
    "cont_3": {
        "training": {
            "loss": [
                2.42669269424423,
                1.76659713368145
            ],
            "accuracy": [
                0.3795005070993915,
                0.45689655172413796
            ]
        },
        "validation": {
            "cont_1": {
                "accuracy": [
                    0.42127281947261663
                ]
            },
            "cont_2": {
                "accuracy": [
                    0.44849771805273836
                ]
            },
            "cont_3": {
                "accuracy": [
                    0.5372718052738337
                ]
            },
            "cont_4": {
                "accuracy": [
                    0.3953156693711968
                ]
            },
            "cont_5": {
                "accuracy": [
                    0.3895157200811359
                ]
            }
        }
    },
    "cont_4": {
        "training": {
            "loss": [
                2.3167417893303335,
                1.8855907370697171
            ],
            "accuracy": [
                0.4068838742393509,
                0.4744231744421907
            ]
        },
        "validation": {
            "cont_1": {
                "accuracy": [
                    0.4630768255578093
                ]
            },
            "cont_2": {
                "accuracy": [
                    0.47892368154158216
                ]
            },
            "cont_3": {
                "accuracy": [
                    0.5104272312373225
                ]
            },
            "cont_4": {
                "accuracy": [
                    0.6097553245436106
                ]
            },
            "cont_5": {
                "accuracy": [
                    0.4343306288032454
                ]
            }
        }
    },
    "cont_5": {
        "training": {
            "loss": [
                2.275502193197759,
                1.867082915157382
            ],
            "accuracy": [
                0.41309584178498987,
                0.48421653144016225
            ]
        },
        "validation": {
            "cont_1": {
                "accuracy": [
                    0.4675773326572008
                ]
            },
            "cont_2": {
                "accuracy": [
                    0.4783215010141988
                ]
            },
            "cont_3": {
                "accuracy": [
                    0.4945803752535497
                ]
            },
            "cont_4": {
                "accuracy": [
                    0.5226293103448276
                ]
            },
            "cont_5": {
                "accuracy": [
                    0.6121323529411765
                ]
            }
        }
    },
    "training_metrics": {
        "training": {},
        "validation": {
            "cont_1": {
                "accuracy": [
                    0.4675773326572008
                ],
                "flatness": [
                    0.11179482755433409
                ]
            },
            "cont_2": {
                "accuracy": [
                    0.4783215010141988
                ],
                "flatness": [
                    0.23612135133470935
                ]
            },
            "cont_3": {
                "accuracy": [
                    0.4945803752535497
                ],
                "flatness": [
                    0.14666550153893956
                ]
            },
            "cont_4": {
                "accuracy": [
                    0.5226293103448276
                ],
                "flatness": [
                    0.19001145475372277
                ]
            },
            "cont_5": {
                "accuracy": [
                    0.6121323529411765
                ],