{
    "random_1": {
        "training": {
            "loss": [
                2.4769972669091196
            ],
            "accuracy": [
                0.3903264331210191
            ]
        },
        "validation": {
            "random_1": {
                "accuracy": [
                    0.7410429936305732
                ],
                "flatness": [
                    0.2740014774037919
                ]
            }
        }
    },
    "random_2": {
        "training": {
            "loss": [
                2.483263991440937
            ],
            "accuracy": [
                0.3900278662420382
            ]
        },
        "validation": {
            "random_2": {
                "accuracy": [
                    0.778562898089172
                ],
                "flatness": [
                    0.26741978786500015
                ]
            }
        }
    },
    "random_3": {
        "training": {
            "loss": [
                2.500693467012636
            ],
            "accuracy": [
                0.39112261146496813
            ]
        },
        "validation": {
            "random_3": {
                "accuracy": [
                    0.7632364649681529
                ],
                "flatness": [
                    0.25513267725539
                ]
            }
        }
    },
    "random_4": {
        "training": {
            "loss": [
                2.554345543976802
            ],
            "accuracy": [
                0.3737062101910828
            ]
        },
        "validation": {
            "random_4": {
                "accuracy": [
                    0.7573646496815286
                ],
                "flatness": [
                    0.18521254959698577
                ]
            }
        }
    },
    "random_5": {
        "training": {
            "loss": [
                2.4792750337321285
            ],
            "accuracy": [
                0.38783837579617836
            ]
        },
        "validation": {
            "random_5": {
                "accuracy": [
                    0.748109076433121
                ],
                "flatness": [
                    0.2039517099067254
                ]
            }
        }
    },
    "cont_1": {
        "training": {
            "loss": [
                2.5072696869540367
            ],
            "accuracy": [
                0.3808718152866242
            ]
        },
        "validation": {
            "cont_1": {
                "accuracy": [
                    0.7533837579617835
                ],
                "flatness": [
                    0.18987252326591167
                ]
            },
            "cont_2": {
                "accuracy": [
                    0.5629976114649682
                ],
                "flatness": [
                    0.25581536178024533
                ]
            },
            "cont_3": {
                "accuracy": [
                    0.5779259554140127
                ],
                "flatness": [
                    0.29320905824290183
                ]
            },
            "cont_4": {
                "accuracy": [
                    0.5740445859872612
                ],
                "flatness": [
                    0.273484310537742
                ]
            },
            "cont_5": {
                "accuracy": [
                    0.5817078025477707
                ],
                "flatness": [
                    0.2834461082006949
                ]
            }
        }
    },
    "cont_2": {
        "training": {
            "loss": [
                1.4031071211122403
            ],
            "accuracy": [
                0.5996218152866242
            ]
        },
        "validation": {
            "cont_1": {
                "accuracy": [
                    0.7364649681528662
                ],
                "flatness": [
                    0.31166621692438384
                ]
            },
            "cont_2": {
                "accuracy": [
                    0.8548964968152867
                ],
                "flatness": [
                    0.3007491274582216
                ]
            },
            "cont_3": {
                "accuracy": [
                    0.6528662420382165
                ],
                "flatness": [
                    0.30532431413851135
                ]
            },
            "cont_4": {
                "accuracy": [
                    0.6484872611464968
                ],
                "flatness": [
                    0.29317027363329307
                ]
            },
            "cont_5": {
                "accuracy": [
                    0.6513734076433121
                ],
                "flatness": [
                    0.3075233009154784
                ]
            }
        }
    },
    "cont_3": {
        "training": {
            "loss": [
                1.1784466554404824
            ],
            "accuracy": [
                0.663515127388535
            ]
        },
        "validation": {
            "cont_1": {
                "accuracy": [
                    0.7318869426751592
                ],
                "flatness": [
                    0.29941868402766963
                ]
            },
            "cont_2": {
                "accuracy": [
                    0.7925955414012739
                ],
                "flatness": [
                    0.2962970871495159
                ]
            },
            "cont_3": {
                "accuracy": [
                    0.8762937898089171
                ],
                "flatness": [
                    0.2097345262627112
                ]
            },
            "cont_4": {
                "accuracy": [
                    0.6843152866242038
                ],
                "flatness": [
                    0.2359794944906179
                ]
            },
            "cont_5": {
                "accuracy": [
                    0.6821257961783439
                ],
                "flatness": [
                    0.28340859371317634
                ]
            }
        }
    },
    "cont_4": {
        "training": {
            "loss": [
                1.071990881186382
            ],
            "accuracy": [
                0.689390923566879
            ]
        },
        "validation": {
            "cont_1": {
                "accuracy": [
                    0.7547770700636943
                ],
                "flatness": [
                    0.32273602365095655
                ]
            },
            "cont_2": {
                "accuracy": [
                    0.7890127388535032
                ],
                "flatness": [
                    0.38027150659745806
                ]
            },
            "cont_3": {
                "accuracy": [
                    0.8250398089171974
                ],
                "flatness": [
                    0.3217174313166173
                ]
            },
            "cont_4": {
                "accuracy": [
                    0.8977906050955414
                ],
                "flatness": [
                    0.2561844587762133
                ]
            },
            "cont_5": {
                "accuracy": [
                    0.7092953821656051
                ],
                "flatness": [
                    0.40367966939009003
                ]
            }
        }
    },
    "cont_5": {
        "training": {
            "loss": [
                1.0031007175232953
            ],
            "accuracy": [
                0.7063097133757962
            ]
        },
        "validation": {
            "cont_1": {
                "accuracy": [
                    0.7663216560509554
                ],
                "flatness": [
                    0.3339818188137823
                ]
            },