{
    "random_1": {
        "training": {
            "loss": [
                0.397126554975907
            ],
            "accuracy": [
                0.8206666666666667
            ]
        },
        "validation": {
            "random_1": {
                "accuracy": [
                    0.9361666666666667
                ]
            }
        }
    },
    "random_2": {
        "training": {
            "loss": [
                0.4078657303452492
            ],
            "accuracy": [
                0.816
            ]
        },
        "validation": {
            "random_2": {
                "accuracy": [
                    0.9455833333333333
                ]
            }
        }
    },
    "random_3": {
        "training": {
            "loss": [
                0.3880023897588253
            ],
            "accuracy": [
                0.8219166666666666
            ]
        },
        "validation": {
            "random_3": {
                "accuracy": [
                    0.9310833333333334
                ]
            }
        }
    },
    "random_4": {
        "training": {
            "loss": [
                0.4060816384355227
            ],
            "accuracy": [
                0.8173333333333334
            ]
        },
        "validation": {
            "random_4": {
                "accuracy": [
                    0.9438333333333333
                ]
            }
        }
    },
    "random_5": {
        "training": {
            "loss": [
                0.4036881330013275
            ],
            "accuracy": [
                0.8174166666666667
            ]
        },
        "validation": {
            "random_5": {
                "accuracy": [
                    0.9444166666666667
                ]
            }
        }
    },
    "cont_1": {
        "training": {
            "loss": [
                0.40348068408171334
            ],
            "accuracy": [
                0.8189166666666666
            ]
        },
        "validation": {
            "cont_1": {
                "accuracy": [
                    0.95375
                ]
            },
            "cont_2": {
                "accuracy": [
                    0.8920833333333333
                ]
            },
            "cont_3": {
                "accuracy": [
                    0.8975833333333333
                ]
            },
            "cont_4": {
                "accuracy": [
                    0.8911666666666667
                ]
            },
            "cont_5": {
                "accuracy": [
                    0.89025
                ]
            }
        }
    },
    "cont_2": {
        "training": {
            "loss": [
                0.3618002022902171
            ],
            "accuracy": [
                0.8946666666666667
            ]
        },
        "validation": {
            "cont_1": {
                "accuracy": [
                    0.9446666666666667
                ]
            },
            "cont_2": {
                "accuracy": [
                    0.9551666666666667
                ]
            },
            "cont_3": {
                "accuracy": [
                    0.9175833333333333
                ]
            },
            "cont_4": {
                "accuracy": [
                    0.912
                ]
            },
            "cont_5": {
                "accuracy": [
                    0.9094166666666667
                ]
            }
        }
    },
    "cont_3": {
        "training": {
            "loss": [
                0.2902376294930776
            ],
            "accuracy": [
                0.9135833333333333
            ]
        },
        "validation": {
            "cont_1": {
                "accuracy": [
                    0.9391666666666667
                ]
            },
            "cont_2": {
                "accuracy": [
                    0.9500833333333333
                ]
            },
            "cont_3": {
                "accuracy": [
                    0.963
                ]
            },
            "cont_4": {
                "accuracy": [
                    0.92075
                ]
            },
            "cont_5": {
                "accuracy": [
                    0.9189166666666667
                ]
            }
        }
    },
    "cont_4": {
        "training": {
            "loss": [
                0.2696771618326505
            ],
            "accuracy": [
                0.9220833333333334
            ]
        },
        "validation": {
            "cont_1": {
                "accuracy": [
                    0.9498333333333333
                ]
            },
            "cont_2": {
                "accuracy": [
                    0.9599166666666666
                ]
            },
            "cont_3": {
                "accuracy": [
                    0.96875
                ]
            },
            "cont_4": {
                "accuracy": [
                    0.9775
                ]
            },
            "cont_5": {
                "accuracy": [
                    0.9355833333333333
                ]
            }
        }
    },
    "cont_5": {
        "training": {
            "loss": [
                0.24048187524080278
            ],
            "accuracy": [
                0.9275
            ]
        },
        "validation": {
            "cont_1": {
                "accuracy": [
                    0.9435
                ]
            },
            "cont_2": {
                "accuracy": [
                    0.9489166666666666
                ]
            },
            "cont_3": {
                "accuracy": [
                    0.95775
                ]
            },
            "cont_4": {
                "accuracy": [
                    0.9613333333333334
                ]
            },
            "cont_5": {
                "accuracy": [
                    0.97225
                ]
            }
        }
    },
    "training_metrics": {
        "training": {},
        "validation": {
            "cont_1": {
                "accuracy": [
                    0.9435
                ],
                "flatness": [
                    0.8738808467910635
                ]
            },
            "cont_2": {
                "accuracy": [
                    0.9489166666666666
                ],
                "flatness": [
                    0.8435866385028172
                ]
            },
            "cont_3": {
                "accuracy": [
                    0.95775
                ],
                "flatness": [
                    0.8596765994861861
                ]
            },
            "cont_4": {
                "accuracy": [
                    0.9613333333333334
                ],
                "flatness": [
                    0.8169505985838382
                ]
            },
            "cont_5": {
                "accuracy": [
                    0.97225
                ],
                "flatness": [
                    0.8646181537670353
                ]
            }
        }
    }
}