{
    "random_1": {
        "training": {
            "loss": [
                2.133770229578018,
                1.2030572637319565
            ],
            "accuracy": [
                0.4315833333333333,
                0.6476666666666666
            ]
        },
        "validation": {
            "random_1": {
                "accuracy": [
                    0.7538333333333334
                ]
            }
        }
    },
    "random_2": {
        "training": {
            "loss": [
                2.1452943346500395,
                1.217321472843488
            ],
            "accuracy": [
                0.43125,
                0.6429166666666667
            ]
        },
        "validation": {
            "random_2": {
                "accuracy": [
                    0.7350833333333333
                ]
            }
        }
    },
    "random_3": {
        "training": {
            "loss": [
                2.1602390333016714,
                1.2103708656628926
            ],
            "accuracy": [
                0.43416666666666665,
                0.6435833333333333
            ]
        },
        "validation": {
            "random_3": {
                "accuracy": [
                    0.7414166666666666
                ]
            }
        }
    },
    "random_4": {
        "training": {
            "loss": [
                2.1654942684968312,
                1.2262558414538702
            ],
            "accuracy": [
                0.42391666666666666,
                0.6398333333333334
            ]
        },
        "validation": {
            "random_4": {
                "accuracy": [
                    0.7219166666666667
                ]
            }
        }
    },
    "random_5": {
        "training": {
            "loss": [
                2.138289376974106,
                1.1952964952786764
            ],
            "accuracy": [
                0.43716666666666665,
                0.6489166666666667
            ]
        },
        "validation": {
            "random_5": {
                "accuracy": [
                    0.7105
                ]
            }
        }
    },
    "cont_1": {
        "training": {
            "loss": [
                2.1583642870585122,
                1.220369777083397
            ],
            "accuracy": [
                0.42991666666666667,
                0.6444166666666666
            ]
        },
        "validation": {
            "cont_1": {
                "accuracy": [
                    0.7363333333333333
                ]
            },
            "cont_2": {
                "accuracy": [
                    0.5681666666666667
                ]
            },
            "cont_3": {
                "accuracy": [
                    0.5704166666666667
                ]
            },
            "cont_4": {
                "accuracy": [
                    0.5613333333333334
                ]
            },
            "cont_5": {
                "accuracy": [
                    0.5655833333333333
                ]
            }
        }
    },
    "cont_2": {
        "training": {
            "loss": [
                1.5022282578547796,
                1.0999549286166828
            ],
            "accuracy": [
                0.5933333333333334,
                0.7071666666666667
            ]
        },
        "validation": {
            "cont_1": {
                "accuracy": [
                    0.7020833333333333
                ]
            },
            "cont_2": {
                "accuracy": [
                    0.8113333333333334
                ]
            },
            "cont_3": {
                "accuracy": [
                    0.629
                ]
            },
            "cont_4": {
                "accuracy": [
                    0.6309166666666667
                ]
            },
            "cont_5": {
                "accuracy": [
                    0.6375833333333333
                ]
            }
        }
    },
    "cont_3": {
        "training": {
            "loss": [
                1.3382798281908035,
                0.9548927328586578
            ],
            "accuracy": [
                0.6310833333333333,
                0.739
            ]
        },
        "validation": {
            "cont_1": {
                "accuracy": [
                    0.689
                ]
            },
            "cont_2": {
                "accuracy": [
                    0.7121666666666666
                ]
            },
            "cont_3": {
                "accuracy": [
                    0.8215833333333333
                ]
            },
            "cont_4": {
                "accuracy": [
                    0.644
                ]
            },
            "cont_5": {
                "accuracy": [
                    0.6434166666666666
                ]
            }
        }
    },
    "cont_4": {
        "training": {
            "loss": [
                1.2572947186628978,
                0.8914455513159434
            ],
            "accuracy": [
                0.6575,
                0.7575
            ]
        },
        "validation": {
            "cont_1": {
                "accuracy": [
                    0.7110833333333333
                ]
            },
            "cont_2": {
                "accuracy": [
                    0.7334166666666667
                ]
            },
            "cont_3": {
                "accuracy": [
                    0.7695
                ]
            },
            "cont_4": {
                "accuracy": [
                    0.86425
                ]
            },
            "cont_5": {
                "accuracy": [
                    0.6854166666666667
                ]
            }
        }
    },
    "cont_5": {
        "training": {
            "loss": [
                1.202107091585795,
                0.81363976842165
            ],
            "accuracy": [
                0.6673333333333333,
                0.7690833333333333
            ]
        },
        "validation": {
            "cont_1": {
                "accuracy": [
                    0.6801666666666667
                ]
            },
            "cont_2": {
                "accuracy": [
                    0.684
                ]
            },
            "cont_3": {
                "accuracy": [
                    0.7064166666666667
                ]
            },
            "cont_4": {
                "accuracy": [
                    0.7358333333333333
                ]
            },
            "cont_5": {
                "accuracy": [
                    0.8253333333333334
                ]
            }
        }
    },
    "training_metrics": {
        "training": {},
        "validation": {
            "cont_1": {
                "accuracy": [
                    0.6801666666666667
                ],
                "flatness": [
                    0.09752511639304091
                ]
            },
            "cont_2": {
                "accuracy": [
                    0.684
                ],
                "flatness": [
                    0.1695906432748538
                ]
            },
            "cont_3": {
                "accuracy": [
                    0.7064166666666667
                ],
                "flatness": [
                    0.18662262592898426
                ]
            },
            "cont_4": {
                "accuracy": [
                    0.7358333333333333
                ],
                "flatness": [
                    0.19501698754246885
                ]
            },
            "cont_5": {
                "accuracy": [
                    0.8253333333333334
                ],
                "flatness": [
                    0.1690226171243942
                ]
            }
        }
    }
}