{
    "random_1": {
        "training": {
            "loss": [
                0.5592869857962901
            ],
            "accuracy": [
                0.8241813099041534
            ]
        },
        "validation": {
            "random_1": {
                "accuracy": [
                    0.9441892971246006
                ],
                "flatness": [
                    0.36737866130908325
                ]
            }
        }
    },
    "random_2": {
        "training": {
            "loss": [
                1.3495710014154354
            ],
            "accuracy": [
                0.623202875399361
            ]
        },
        "validation": {
            "random_2": {
                "accuracy": [
                    0.8481429712460063
                ],
                "flatness": [
                    0.3136447910535609
                ]
            }
        }
    },
    "random_3": {
        "training": {
            "loss": [
                1.3727577819991796
            ],
            "accuracy": [
                0.6110223642172524
            ]
        },
        "validation": {
            "random_3": {
                "accuracy": [
                    0.8677116613418531
                ],
                "flatness": [
                    0.3673455298584743
                ]
            }
        }
    },
    "random_4": {
        "training": {
            "loss": [
                1.3243614814151972
            ],
            "accuracy": [
                0.6321884984025559
            ]
        },
        "validation": {
            "random_4": {
                "accuracy": [
                    0.862220447284345
                ],
                "flatness": [
                    0.25687673691523855
                ]
            }
        }
    },
    "random_5": {
        "training": {
            "loss": [
                1.3477333942160439
            ],
            "accuracy": [
                0.6203075079872205
            ]
        },
        "validation": {
            "random_5": {
                "accuracy": [
                    0.8625199680511182
                ],
                "flatness": [
                    0.4608136068989467
                ]
            }
        }
    },
    "cont_1": {
        "training": {
            "loss": [
                0.34325461271709906
            ],
            "accuracy": [
                0.8955670926517572
            ]
        },
        "validation": {
            "cont_1": {
                "accuracy": [
                    0.9068490415335463
                ],
                "flatness": [
                    0.2554346031047011
                ]
            },
            "cont_2": {
                "accuracy": [
                    0.6100239616613419
                ],
                "flatness": [
                    0.326575286415712
                ]
            },
            "cont_3": {
                "accuracy": [
                    0.6041333865814696
                ],
                "flatness": [
                    0.40282391340274337
                ]
            },
            "cont_4": {
                "accuracy": [
                    0.6075279552715654
                ],
                "flatness": [
                    0.32984593262119966
                ]
            },
            "cont_5": {
                "accuracy": [
                    0.6012380191693291
                ],
                "flatness": [
                    0.3693550730654268
                ]
            }
        }
    },
    "cont_2": {
        "training": {
            "loss": [
                1.503285468576815
            ],
            "accuracy": [
                0.5983426517571885
            ]
        },
        "validation": {
            "cont_1": {
                "accuracy": [
                    0.8516373801916933
                ],
                "flatness": [
                    0.3437771101992965
                ]
            },
            "cont_2": {
                "accuracy": [
                    0.8349640575079872
                ],
                "flatness": [
                    0.3857295527920603
                ]
            },
            "cont_3": {
                "accuracy": [
                    0.6568490415335463
                ],
                "flatness": [
                    0.3767394360845113
                ]
            },
            "cont_4": {
                "accuracy": [
                    0.6667332268370607
                ],
                "flatness": [
                    0.4777843291404612
                ]
            },
            "cont_5": {
                "accuracy": [
                    0.6659345047923323
                ],
                "flatness": [
                    0.32261994002998506
                ]
            }
        }
    },
    "cont_3": {
        "training": {
            "loss": [
                1.2392200799986197
            ],
            "accuracy": [
                0.6490615015974441
            ]
        },
        "validation": {
            "cont_1": {
                "accuracy": [
                    0.8173921725239617
                ],
                "flatness": [
                    0.4848212104556004
                ]
            },
            "cont_2": {
                "accuracy": [
                    0.7759584664536742
                ],
                "flatness": [
                    0.3981970535254761
                ]
            },
            "cont_3": {
                "accuracy": [
                    0.8549321086261981
                ],
                "flatness": [
                    0.5309266612168633
                ]
            },
            "cont_4": {
                "accuracy": [
                    0.6913937699680511
                ],
                "flatness": [
                    0.46865252707581223
                ]
            },
            "cont_5": {
                "accuracy": [
                    0.6881988817891374
                ],
                "flatness": [
                    0.5434816117800667
                ]
            }
        }
    },
    "cont_4": {
        "training": {
            "loss": [
                1.0925921800608833
            ],
            "accuracy": [
                0.6853035143769968
            ]
        },
        "validation": {
            "cont_1": {
                "accuracy": [
                    0.8042132587859425
                ],
                "flatness": [
                    0.5862678460583488
                ]
            },
            "cont_2": {
                "accuracy": [
                    0.7572883386581469
                ],
                "flatness": [
                    0.551928147659855
                ]
            },
            "cont_3": {
                "accuracy": [
                    0.7989217252396166
                ],
                "flatness": [
                    0.4850287428142964
                ]
            },
            "cont_4": {
                "accuracy": [
                    0.8820886581469649
                ],
                "flatness": [
                    0.5236594510469722
                ]
            },
            "cont_5": {
                "accuracy": [
                    0.7072683706070287
                ],
                "flatness": [
                    0.49789931535855453
                ]
            }
        }
    },
    "cont_5": {
        "training": {
            "loss": [
                1.2578309856283778
            ],
            "accuracy": [
                0.6429712460063898
            ]
        },
        "validation": {
            "cont_1": {
                "accuracy": [
                    0.759285143769968
                ],
                "flatness": [
                    0.4195455292570677
                ]
            },