{
    "joint_training": {
        "training": {
            "loss": [
                1.6083476628303528,
                1.0499214676062265
            ],
            "accuracy": [
                0.55615,
                0.6938333333333333
            ]
        },
        "validation": {
            "cont_1": {
                "accuracy": [
                    0.7838333333333334
                ],
                "flatness": [
                    0.68445672974697
                ]
            },
            "cont_2": {
                "accuracy": [
                    0.7801666666666667
                ],
                "flatness": [
                    0.7925656910916471
                ]
            },
            "cont_3": {
                "accuracy": [
                    0.78125
                ],
                "flatness": [
                    0.7317333333333333
                ]
            },
            "cont_4": {
                "accuracy": [
                    0.7768333333333334
                ],
                "flatness": [
                    0.7449045269255524
                ]
            },
            "cont_5": {
                "accuracy": [
                    0.782
                ],
                "flatness": [
                    0.6749786871270247
                ]
            }
        }
    }
}