{
    "random_1": {
        "training": {
            "loss": [
                0.0991799168786995
            ],
            "accuracy": [
                0.9657643312101911
            ]
        },
        "validation": {
            "random_1": {
                "accuracy": [
                    0.9791998407643312
                ],
                "flatness": [
                    0.5743289463354546
                ]
            }
        }
    },
    "random_2": {
        "training": {
            "loss": [
                0.08413039634277107
            ],
            "accuracy": [
                0.9719347133757962
            ]
        },
        "validation": {
            "random_2": {
                "accuracy": [
                    0.986265923566879
                ],
                "flatness": [
                    0.5242706872331867
                ]
            }
        }
    },
    "random_3": {
        "training": {
            "loss": [
                0.15589586968658267
            ],
            "accuracy": [
                0.9453622611464968
            ]
        },
        "validation": {
            "random_3": {
                "accuracy": [
                    0.9904458598726115
                ],
                "flatness": [
                    0.6576110328077502
                ]
            }
        }
    },
    "random_4": {
        "training": {
            "loss": [
                0.14483630833376177
            ],
            "accuracy": [
                0.9511345541401274
            ]
        },
        "validation": {
            "random_4": {
                "accuracy": [
                    0.9896496815286624
                ],
                "flatness": [
                    0.629957764228313
                ]
            }
        }
    },
    "random_5": {
        "training": {
            "loss": [
                0.12980359561361704
            ],
            "accuracy": [
                0.9556130573248408
            ]
        },
        "validation": {
            "random_5": {
                "accuracy": [
                    0.9899482484076433
                ],
                "flatness": [
                    0.6524567716383174
                ]
            }
        }
    },
    "cont_1": {
        "training": {
            "loss": [
                0.08103146319497068
            ],
            "accuracy": [
                0.972531847133758
            ]
        },
        "validation": {
            "cont_1": {
                "accuracy": [
                    0.9811902866242038
                ],
                "flatness": [
                    0.5773838629163004
                ]
            },
            "cont_2": {
                "accuracy": [
                    0.9634753184713376
                ],
                "flatness": [
                    0.5148192340142346
                ]
            },
            "cont_3": {
                "accuracy": [
                    0.9390923566878981
                ],
                "flatness": [
                    0.5803476060280712
                ]
            },
            "cont_4": {
                "accuracy": [
                    0.9383957006369427
                ],
                "flatness": [
                    0.5697889486695793
                ]
            },
            "cont_5": {
                "accuracy": [
                    0.9448646496815286
                ],
                "flatness": [
                    0.5492271434590268
                ]
            }
        }
    },
    "cont_2": {
        "training": {
            "loss": [
                0.0895438491141388
            ],
            "accuracy": [
                0.9680533439490446
            ]
        },
        "validation": {
            "cont_1": {
                "accuracy": [
                    0.9833797770700637
                ],
                "flatness": [
                    0.6757228520895929
                ]
            },
            "cont_2": {
                "accuracy": [
                    0.9819864649681529
                ],
                "flatness": [
                    0.7685712485034571
                ]
            },
            "cont_3": {
                "accuracy": [
                    0.9537221337579618
                ],
                "flatness": [
                    0.595897162655979
                ]
            },
            "cont_4": {
                "accuracy": [
                    0.9518312101910829
                ],
                "flatness": [
                    0.5951931723911161
                ]
            },
            "cont_5": {
                "accuracy": [
                    0.9534235668789809
                ],
                "flatness": [
                    0.6538935293558993
                ]
            }
        }
    },
    "cont_3": {
        "training": {
            "loss": [
                0.15876401062746337
            ],
            "accuracy": [
                0.9476512738853503
            ]
        },
        "validation": {
            "cont_1": {
                "accuracy": [
                    0.9785031847133758
                ],
                "flatness": [
                    0.6139000207985971
                ]
            },
            "cont_2": {
                "accuracy": [
                    0.9842754777070064
                ],
                "flatness": [
                    0.6345879684010459
                ]
            },
            "cont_3": {
                "accuracy": [
                    0.9846735668789809
                ],
                "flatness": [
                    0.6070777748627255
                ]
            },
            "cont_4": {
                "accuracy": [
                    0.9544187898089171
                ],
                "flatness": [
                    0.5956259124868233
                ]
            },
            "cont_5": {
                "accuracy": [
                    0.9591958598726115
                ],
                "flatness": [
                    0.6160759494447638
                ]
            }
        }
    },
    "cont_4": {
        "training": {
            "loss": [
                0.14399622970373388
            ],
            "accuracy": [
                0.9510350318471338
            ]
        },
        "validation": {
            "cont_1": {
                "accuracy": [
                    0.9780055732484076
                ],
                "flatness": [
                    0.6619817847260335
                ]
            },
            "cont_2": {
                "accuracy": [
                    0.9813893312101911
                ],
                "flatness": [
                    0.6687346619508435
                ]
            },
            "cont_3": {
                "accuracy": [
                    0.9793988853503185
                ],
                "flatness": [
                    0.6876028866463108
                ]
            },
            "cont_4": {
                "accuracy": [
                    0.9865644904458599
                ],
                "flatness": [
                    0.5542038239420669
                ]
            },
            "cont_5": {
                "accuracy": [
                    0.9594944267515924
                ],
                "flatness": [
                    0.7323599744295631
                ]
            }
        }
    },
    "cont_5": {
        "training": {
            "loss": [
                0.14477265977365955
            ],
            "accuracy": [
                0.9509355095541401
            ]
        },
        "validation": {
            "cont_1": {
                "accuracy": [
                    0.9699442675159236
                ],
                "flatness": [
                    0.7081995185190173
                ]
            },