{
    "joint_training": {
        "training": {
            "loss": [
                0.44379407558888195
            ],
            "accuracy": [
                0.8503166666666667
            ]
        },
        "validation": {
            "cont_1": {
                "accuracy": [
                    0.9071666666666667
                ],
                "flatness": [
                    0.5649458019474555
                ]
            },
            "cont_2": {
                "accuracy": [
                    0.9041666666666667
                ],
                "flatness": [
                    0.5300751879699248
                ]
            },
            "cont_3": {
                "accuracy": [
                    0.9006666666666666
                ],
                "flatness": [
                    0.5675620398145622
                ]
            },
            "cont_4": {
                "accuracy": [
                    0.9011666666666667
                ],
                "flatness": [
                    0.635871628395939
                ]
            },
            "cont_5": {
                "accuracy": [
                    0.9056666666666666
                ],
                "flatness": [
                    0.5513530790539101
                ]
            },
            "cont_6": {
                "accuracy": [
                    0.9018333333333334
                ],
                "flatness": [
                    0.4829343734497952
                ]
            },
            "cont_7": {
                "accuracy": [
                    0.9056666666666666
                ],
                "flatness": [
                    0.5386407221587278
                ]
            },
            "cont_8": {
                "accuracy": [
                    0.9063333333333333
                ],
                "flatness": [
                    0.4591229360639554
                ]
            },
            "cont_9": {
                "accuracy": [
                    0.905
                ],
                "flatness": [
                    0.5644809537656296
                ]
            },
            "cont_10": {
                "accuracy": [
                    0.9056666666666666
                ],
                "flatness": [
                    0.6170941247118533
                ]
            }
        }
    }
}