{
    "random_1": {
        "training": {
            "loss": [
                0.11025783156716748
            ],
            "accuracy": [
                0.9594541139240507
            ]
        },
        "validation": {
            "random_1": {
                "accuracy": [
                    0.9968354430379747
                ]
            }
        }
    },
    "random_2": {
        "training": {
            "loss": [
                0.08629705595984301
            ],
            "accuracy": [
                0.9713212025316456
            ]
        },
        "validation": {
            "random_2": {
                "accuracy": [
                    0.9948575949367089
                ]
            }
        }
    },
    "random_3": {
        "training": {
            "loss": [
                0.08877576610568581
            ],
            "accuracy": [
                0.9723101265822784
            ]
        },
        "validation": {
            "random_3": {
                "accuracy": [
                    0.993868670886076
                ]
            }
        }
    },
    "random_4": {
        "training": {
            "loss": [
                0.1762126332879821
            ],
            "accuracy": [
                0.9424446202531646
            ]
        },
        "validation": {
            "random_4": {
                "accuracy": [
                    0.9920886075949367
                ]
            }
        }
    },
    "random_5": {
        "training": {
            "loss": [
                0.13962655571065372
            ],
            "accuracy": [
                0.9513449367088608
            ]
        },
        "validation": {
            "random_5": {
                "accuracy": [
                    0.9964398734177216
                ]
            }
        }
    },
    "random_6": {
        "training": {
            "loss": [
                0.167549686789324
            ],
            "accuracy": [
                0.9426424050632911
            ]
        },
        "validation": {
            "random_6": {
                "accuracy": [
                    0.9907041139240507
                ]
            }
        }
    },
    "random_7": {
        "training": {
            "loss": [
                0.1529903430491686
            ],
            "accuracy": [
                0.9493670886075949
            ]
        },
        "validation": {
            "random_7": {
                "accuracy": [
                    0.9948575949367089
                ]
            }
        }
    },
    "random_8": {
        "training": {
            "loss": [
                0.13089664544485793
            ],
            "accuracy": [
                0.9553006329113924
            ]
        },
        "validation": {
            "random_8": {
                "accuracy": [
                    0.9950553797468354
                ]
            }
        }
    },
    "random_9": {
        "training": {
            "loss": [
                0.1257802063151251
            ],
            "accuracy": [
                0.9556962025316456
            ]
        },
        "validation": {
            "random_9": {
                "accuracy": [
                    0.9972310126582279
                ]
            }
        }
    },
    "random_10": {
        "training": {
            "loss": [
                0.11459062508413498
            ],
            "accuracy": [
                0.9580696202531646
            ]
        },
        "validation": {
            "random_10": {
                "accuracy": [
                    0.9910996835443038
                ]
            }
        }
    },
    "cont_1": {
        "training": {
            "loss": [
                0.08840680575068993
            ],
            "accuracy": [
                0.9717167721518988
            ]
        },
        "validation": {
            "cont_1": {
                "accuracy": [
                    0.9887262658227848
                ]
            },
            "cont_2": {
                "accuracy": [
                    0.9657832278481012
                ]
            },
            "cont_3": {
                "accuracy": [
                    0.9705300632911392
                ]
            },
            "cont_4": {
                "accuracy": [
                    0.932753164556962
                ]
            },
            "cont_5": {
                "accuracy": [
                    0.9418512658227848
                ]
            },
            "cont_6": {
                "accuracy": [
                    0.9375
                ]
            },
            "cont_7": {
                "accuracy": [
                    0.9485759493670886
                ]
            },
            "cont_8": {
                "accuracy": [
                    0.9467958860759493
                ]
            },
            "cont_9": {
                "accuracy": [
                    0.9499604430379747
                ]
            },
            "cont_10": {
                "accuracy": [
                    0.9558939873417721
                ]
            }
        }
    },
    "cont_2": {
        "training": {
            "loss": [
                0.34401364062170064
            ],
            "accuracy": [
                0.8933939873417721
            ]
        },
        "validation": {
            "cont_1": {
                "accuracy": [
                    0.09632120253164557
                ]
            },
            "cont_2": {
                "accuracy": [
                    0.09473892405063292
                ]
            },
            "cont_3": {
                "accuracy": [
                    0.10087025316455696
                ]
            },
            "cont_4": {
                "accuracy": [
                    0.0981012658227848
                ]
            },
            "cont_5": {
                "accuracy": [
                    0.09968354430379747
                ]
            },
            "cont_6": {
                "accuracy": [
                    0.10462816455696203
                ]
            },
            "cont_7": {
                "accuracy": [
                    0.10225474683544304
                ]
            },
            "cont_8": {
                "accuracy": [
                    0.10205696202531646
                ]
            },
            "cont_9": {
                "accuracy": [
                    0.09770569620253164
                ]
            },
            "cont_10": {
                "accuracy": [
                    0.10640822784810126
                ]
            }
        }
    },
    "cont_3": {
        "training": {
            "loss": [
                0.21315609828769405
            ],
            "accuracy": [
                0.9272151898734177
            ]
        },
        "validation": {
            "cont_1": {
                "accuracy": [
                    0.9594541139240507
                ]
            },
            "cont_2": {
                "accuracy": [
                    0.9729034810126582
                ]
            },
            "cont_3": {
                "accuracy": [
                    0.992879746835443
                ]
            },
            "cont_4": {
                "accuracy": [
                    0.9189082278481012
                ]
            },
            "cont_5": {
                "accuracy": [
                    0.9392800632911392
                ]
            },
            "cont_6": {
                "accuracy": [
                    0.9230617088607594
                ]
            },
            "cont_7": {
                "accuracy": [
                    0.9311708860759493
                ]
            },
            "cont_8": {
                "accuracy": [
                    0.9333465189873418
                ]
            },