{
    "random_1": {
        "training": {
            "loss": [
                0.2415921826855824
            ],
            "accuracy": [
                0.9186301916932907
            ]
        },
        "validation": {
            "random_1": {
                "accuracy": [
                    0.9842252396166135
                ],
                "flatness": [
                    0.6979236406979102
                ]
            }
        }
    },
    "random_2": {
        "training": {
            "loss": [
                0.2070506443195164
            ],
            "accuracy": [
                0.932008785942492
            ]
        },
        "validation": {
            "random_2": {
                "accuracy": [
                    0.9807308306709265
                ],
                "flatness": [
                    0.7328718314160644
                ]
            }
        }
    },
    "random_3": {
        "training": {
            "loss": [
                0.17244037505858145
            ],
            "accuracy": [
                0.9369009584664537
            ]
        },
        "validation": {
            "random_3": {
                "accuracy": [
                    0.974341054313099
                ],
                "flatness": [
                    0.6508805973972743
                ]
            }
        }
    },
    "random_4": {
        "training": {
            "loss": [
                0.15273325882268884
            ],
            "accuracy": [
                0.950379392971246
            ]
        },
        "validation": {
            "random_4": {
                "accuracy": [
                    0.9775359424920128
                ],
                "flatness": [
                    0.7530493565519354
                ]
            }
        }
    },
    "random_5": {
        "training": {
            "loss": [
                0.28313429915486055
            ],
            "accuracy": [
                0.9068490415335463
            ]
        },
        "validation": {
            "random_5": {
                "accuracy": [
                    0.9785343450479234
                ],
                "flatness": [
                    0.7742366850321396
                ]
            }
        }
    },
    "cont_1": {
        "training": {
            "loss": [
                0.22541573777580604
            ],
            "accuracy": [
                0.9238218849840255
            ]
        },
        "validation": {
            "cont_1": {
                "accuracy": [
                    0.9750399361022364
                ],
                "flatness": [
                    0.7321414857669465
                ]
            },
            "cont_2": {
                "accuracy": [
                    0.9314097444089456
                ],
                "flatness": [
                    0.7341442008789796
                ]
            },
            "cont_3": {
                "accuracy": [
                    0.9426916932907349
                ],
                "flatness": [
                    0.7234934335945774
                ]
            },
            "cont_4": {
                "accuracy": [
                    0.950279552715655
                ],
                "flatness": [
                    0.6445471737760033
                ]
            },
            "cont_5": {
                "accuracy": [
                    0.9148362619808307
                ],
                "flatness": [
                    0.736555986030776
                ]
            }
        }
    },
    "cont_2": {
        "training": {
            "loss": [
                0.31816007843770727
            ],
            "accuracy": [
                0.8930710862619808
            ]
        },
        "validation": {
            "cont_1": {
                "accuracy": [
                    0.9536741214057508
                ],
                "flatness": [
                    0.6162433260050252
                ]
            },
            "cont_2": {
                "accuracy": [
                    0.9709464856230032
                ],
                "flatness": [
                    0.6728695372750643
                ]
            },
            "cont_3": {
                "accuracy": [
                    0.9303115015974441
                ],
                "flatness": [
                    0.5746143217428632
                ]
            },
            "cont_4": {
                "accuracy": [
                    0.9367012779552716
                ],
                "flatness": [
                    0.6017626838627159
                ]
            },
            "cont_5": {
                "accuracy": [
                    0.9105431309904153
                ],
                "flatness": [
                    0.6475788103070176
                ]
            }
        }
    },
    "cont_3": {
        "training": {
            "loss": [
                0.24541855733782147
            ],
            "accuracy": [
                0.9144369009584664
            ]
        },
        "validation": {
            "cont_1": {
                "accuracy": [
                    0.9402955271565495
                ],
                "flatness": [
                    0.7172362762794648
                ]
            },
            "cont_2": {
                "accuracy": [
                    0.950279552715655
                ],
                "flatness": [
                    0.7493683021643202
                ]
            },
            "cont_3": {
                "accuracy": [
                    0.981729233226837
                ],
                "flatness": [
                    0.6897507118885386
                ]
            },
            "cont_4": {
                "accuracy": [
                    0.9365015974440895
                ],
                "flatness": [
                    0.6984521588486141
                ]
            },
            "cont_5": {
                "accuracy": [
                    0.9145367412140575
                ],
                "flatness": [
                    0.7098881004366813
                ]
            }
        }
    },
    "cont_4": {
        "training": {
            "loss": [
                0.22903392981059445
            ],
            "accuracy": [
                0.9203274760383386
            ]
        },
        "validation": {
            "cont_1": {
                "accuracy": [
                    0.9326078274760383
                ],
                "flatness": [
                    0.7409498447703673
                ]
            },
            "cont_2": {
                "accuracy": [
                    0.9296126198083067
                ],
                "flatness": [
                    0.705098807861669
                ]
            },
            "cont_3": {
                "accuracy": [
                    0.9524760383386581
                ],
                "flatness": [
                    0.6881734800838575
                ]
            },
            "cont_4": {
                "accuracy": [
                    0.9726437699680511
                ],
                "flatness": [
                    0.7845482190515295
                ]
            },
            "cont_5": {
                "accuracy": [
                    0.9056509584664537
                ],
                "flatness": [
                    0.7170688182118841
                ]
            }
        }
    },
    "cont_5": {
        "training": {
            "loss": [
                0.28002506274039657
            ],
            "accuracy": [
                0.9060503194888179
            ]
        },
        "validation": {
            "cont_1": {
                "accuracy": [
                    0.9439896166134185
                ],
                "flatness": [
                    0.7007740613432046
                ]
            },