{
    "random_1": {
        "training": {
            "loss": [
                0.8993036193779101
            ],
            "accuracy": [
                0.7332268370607029
            ]
        },
        "validation": {
            "random_1": {
                "accuracy": [
                    0.9257188498402555
                ],
                "flatness": [
                    0.3103584717428818
                ]
            }
        }
    },
    "random_2": {
        "training": {
            "loss": [
                1.3967526052325678
            ],
            "accuracy": [
                0.6101238019169329
            ]
        },
        "validation": {
            "random_2": {
                "accuracy": [
                    0.8720047923322684
                ],
                "flatness": [
                    0.39129479619876345
                ]
            }
        }
    },
    "random_3": {
        "training": {
            "loss": [
                1.3900673564630575
            ],
            "accuracy": [
                0.6134185303514377
            ]
        },
        "validation": {
            "random_3": {
                "accuracy": [
                    0.8630191693290735
                ],
                "flatness": [
                    0.2665967723276261
                ]
            }
        }
    },
    "random_4": {
        "training": {
            "loss": [
                1.3937524627572813
            ],
            "accuracy": [
                0.6101238019169329
            ]
        },
        "validation": {
            "random_4": {
                "accuracy": [
                    0.8365615015974441
                ],
                "flatness": [
                    0.4046045172454947
                ]
            }
        }
    },
    "random_5": {
        "training": {
            "loss": [
                1.3989321267642914
            ],
            "accuracy": [
                0.6061301916932907
            ]
        },
        "validation": {
            "random_5": {
                "accuracy": [
                    0.8630191693290735
                ],
                "flatness": [
                    0.3410537656177695
                ]
            }
        }
    },
    "cont_1": {
        "training": {
            "loss": [
                0.7179526074911459
            ],
            "accuracy": [
                0.7920327476038339
            ]
        },
        "validation": {
            "cont_1": {
                "accuracy": [
                    0.9086461661341853
                ],
                "flatness": [
                    0.2693309801120757
                ]
            },
            "cont_2": {
                "accuracy": [
                    0.6100239616613419
                ],
                "flatness": [
                    0.319211333878887
                ]
            },
            "cont_3": {
                "accuracy": [
                    0.6090255591054313
                ],
                "flatness": [
                    0.34474897540983607
                ]
            },
            "cont_4": {
                "accuracy": [
                    0.6037340255591054
                ],
                "flatness": [
                    0.32544856953861423
                ]
            },
            "cont_5": {
                "accuracy": [
                    0.6136182108626198
                ],
                "flatness": [
                    0.3011084445167589
                ]
            }
        }
    },
    "cont_2": {
        "training": {
            "loss": [
                1.8587008518532824
            ],
            "accuracy": [
                0.5122803514376997
            ]
        },
        "validation": {
            "cont_1": {
                "accuracy": [
                    0.8129992012779552
                ],
                "flatness": [
                    0.2508074419747022
                ]
            },
            "cont_2": {
                "accuracy": [
                    0.6222044728434505
                ],
                "flatness": [
                    0.2489259066110398
                ]
            },
            "cont_3": {
                "accuracy": [
                    0.5800718849840255
                ],
                "flatness": [
                    0.24411037005163516
                ]
            },
            "cont_4": {
                "accuracy": [
                    0.5830670926517572
                ],
                "flatness": [
                    0.19796982020547946
                ]
            },
            "cont_5": {
                "accuracy": [
                    0.5848642172523961
                ],
                "flatness": [
                    0.3389542079207921
                ]
            }
        }
    },
    "cont_3": {
        "training": {
            "loss": [
                2.021494638424712
            ],
            "accuracy": [
                0.4695487220447284
            ]
        },
        "validation": {
            "cont_1": {
                "accuracy": [
                    0.6931908945686901
                ],
                "flatness": [
                    0.2020209203514331
                ]
            },
            "cont_2": {
                "accuracy": [
                    0.547823482428115
                ],
                "flatness": [
                    0.15865340805540368
                ]
            },
            "cont_3": {
                "accuracy": [
                    0.5230630990415336
                ],
                "flatness": [
                    0.19155492460393203
                ]
            },
            "cont_4": {
                "accuracy": [
                    0.5120806709265175
                ],
                "flatness": [
                    0.24753485084811855
                ]
            },
            "cont_5": {
                "accuracy": [
                    0.5143769968051118
                ],
                "flatness": [
                    0.16555221273291926
                ]
            }
        }
    },
    "cont_4": {
        "training": {
            "loss": [
                1.9727529226400602
            ],
            "accuracy": [
                0.48612220447284343
            ]
        },
        "validation": {
            "cont_1": {
                "accuracy": [
                    0.6752196485623003
                ],
                "flatness": [
                    0.14491812065651338
                ]
            },
            "cont_2": {
                "accuracy": [
                    0.5308506389776357
                ],
                "flatness": [
                    0.16372602031220615
                ]
            },
            "cont_3": {
                "accuracy": [
                    0.5090854632587859
                ],
                "flatness": [
                    0.10090091194351833
                ]
            },
            "cont_4": {
                "accuracy": [
                    0.5047923322683706
                ],
                "flatness": [
                    0.24607891613924054
                ]
            },
            "cont_5": {
                "accuracy": [
                    0.5026956869009584
                ],
                "flatness": [
                    0.18921425024826216
                ]
            }
        }
    },
    "cont_5": {
        "training": {
            "loss": [
                5.674820817697543
            ],
            "accuracy": [
                0.013578274760383386
            ]
        },
        "validation": {
            "cont_1": {
                "accuracy": [
                    0.0196685303514377
                ],
                "flatness": [
                    0.4865799492385787
                ]
            },