{
    "random_1": {
        "training": {
            "loss": [
                2.401066681828362
            ],
            "accuracy": [
                0.39786341853035145
            ]
        },
        "validation": {
            "random_1": {
                "accuracy": [
                    0.75189696485623
                ],
                "flatness": [
                    0.2823587504979418
                ]
            }
        }
    },
    "random_2": {
        "training": {
            "loss": [
                2.3713829041289065
            ],
            "accuracy": [
                0.4047523961661342
            ]
        },
        "validation": {
            "random_2": {
                "accuracy": [
                    0.7769568690095847
                ],
                "flatness": [
                    0.3016576715497301
                ]
            }
        }
    },
    "random_3": {
        "training": {
            "loss": [
                2.4024766428402056
            ],
            "accuracy": [
                0.40355431309904155
            ]
        },
        "validation": {
            "random_3": {
                "accuracy": [
                    0.7729632587859425
                ],
                "flatness": [
                    0.2600079113924051
                ]
            }
        }
    },
    "random_4": {
        "training": {
            "loss": [
                2.4382561382394248
            ],
            "accuracy": [
                0.3908746006389776
            ]
        },
        "validation": {
            "random_4": {
                "accuracy": [
                    0.766473642172524
                ],
                "flatness": [
                    0.17786407450827144
                ]
            }
        }
    },
    "random_5": {
        "training": {
            "loss": [
                2.357889872008619
            ],
            "accuracy": [
                0.4102436102236422
            ]
        },
        "validation": {
            "random_5": {
                "accuracy": [
                    0.7674720447284346
                ],
                "flatness": [
                    0.2557605372707168
                ]
            }
        }
    },
    "cont_1": {
        "training": {
            "loss": [
                2.3988517682773236
            ],
            "accuracy": [
                0.3985623003194888
            ]
        },
        "validation": {
            "cont_1": {
                "accuracy": [
                    0.74810303514377
                ],
                "flatness": [
                    0.2704757773922327
                ]
            },
            "cont_2": {
                "accuracy": [
                    0.5709864217252396
                ],
                "flatness": [
                    0.3129863175380311
                ]
            },
            "cont_3": {
                "accuracy": [
                    0.5743809904153354
                ],
                "flatness": [
                    0.3631626977229272
                ]
            },
            "cont_4": {
                "accuracy": [
                    0.5719848242811502
                ],
                "flatness": [
                    0.29161066503752836
                ]
            },
            "cont_5": {
                "accuracy": [
                    0.5766773162939297
                ],
                "flatness": [
                    0.32141295879501386
                ]
            }
        }
    },
    "cont_2": {
        "training": {
            "loss": [
                1.5895829187414516
            ],
            "accuracy": [
                0.5513178913738019
            ]
        },
        "validation": {
            "cont_1": {
                "accuracy": [
                    0.7580870607028753
                ],
                "flatness": [
                    0.26691360463584884
                ]
            },
            "cont_2": {
                "accuracy": [
                    0.5810702875399361
                ],
                "flatness": [
                    0.35562070446735394
                ]
            },
            "cont_3": {
                "accuracy": [
                    0.5841653354632588
                ],
                "flatness": [
                    0.3203020851136558
                ]
            },
            "cont_4": {
                "accuracy": [
                    0.5783746006389776
                ],
                "flatness": [
                    0.2937920766442258
                ]
            },
            "cont_5": {
                "accuracy": [
                    0.5876597444089456
                ],
                "flatness": [
                    0.3287005181787292
                ]
            }
        }
    },
    "cont_3": {
        "training": {
            "loss": [
                1.5703201808106786
            ],
            "accuracy": [
                0.5625998402555911
            ]
        },
        "validation": {
            "cont_1": {
                "accuracy": [
                    0.7621805111821086
                ],
                "flatness": [
                    0.28469920749279537
                ]
            },
            "cont_2": {
                "accuracy": [
                    0.580770766773163
                ],
                "flatness": [
                    0.3248646209386281
                ]
            },
            "cont_3": {
                "accuracy": [
                    0.5909544728434505
                ],
                "flatness": [
                    0.2934870755195134
                ]
            },
            "cont_4": {
                "accuracy": [
                    0.5824680511182109
                ],
                "flatness": [
                    0.26993165066849506
                ]
            },
            "cont_5": {
                "accuracy": [
                    0.588258785942492
                ],
                "flatness": [
                    0.27756704005431093
                ]
            }
        }
    },
    "cont_4": {
        "training": {
            "loss": [
                1.5767042840631624
            ],
            "accuracy": [
                0.5586062300319489
            ]
        },
        "validation": {
            "cont_1": {
                "accuracy": [
                    0.762779552715655
                ],
                "flatness": [
                    0.2573339332460733
                ]
            },
            "cont_2": {
                "accuracy": [
                    0.5833666134185304
                ],
                "flatness": [
                    0.36727815334588393
                ]
            },
            "cont_3": {
                "accuracy": [
                    0.5944488817891374
                ],
                "flatness": [
                    0.3647023009741351
                ]
            },
            "cont_4": {
                "accuracy": [
                    0.5867611821086262
                ],
                "flatness": [
                    0.23933022800748685
                ]
            },
            "cont_5": {
                "accuracy": [
                    0.5897563897763578
                ],
                "flatness": [
                    0.39409810394447264
                ]
            }
        }
    },
    "cont_5": {
        "training": {
            "loss": [
                1.5432184190034104
            ],
            "accuracy": [
                0.5703873801916933
            ]
        },
        "validation": {
            "cont_1": {
                "accuracy": [
                    0.7697683706070287
                ],
                "flatness": [
                    0.27580333981841765
                ]
            },