{
    "random_1": {
        "training": {
            "loss": [
                2.2788804863293968,
                1.3297444732983907
            ],
            "accuracy": [
                0.4081666666666667,
                0.6160833333333333
            ]
        },
        "validation": {
            "random_1": {
                "accuracy": [
                    0.72425
                ]
            }
        }
    },
    "random_2": {
        "training": {
            "loss": [
                2.3019336727460225,
                1.327974607348442
            ],
            "accuracy": [
                0.40008333333333335,
                0.6221666666666666
            ]
        },
        "validation": {
            "random_2": {
                "accuracy": [
                    0.7265833333333334
                ]
            }
        }
    },
    "random_3": {
        "training": {
            "loss": [
                2.268843005577723,
                1.320702851931254
            ],
            "accuracy": [
                0.41091666666666665,
                0.61875
            ]
        },
        "validation": {
            "random_3": {
                "accuracy": [
                    0.7250833333333333
                ]
            }
        }
    },
    "random_4": {
        "training": {
            "loss": [
                2.3278063135147096,
                1.353623921473821
            ],
            "accuracy": [
                0.38958333333333334,
                0.60875
            ]
        },
        "validation": {
            "random_4": {
                "accuracy": [
                    0.7745
                ]
            }
        }
    },
    "random_5": {
        "training": {
            "loss": [
                2.2983724819024403,
                1.3111470186710357
            ],
            "accuracy": [
                0.40125,
                0.61975
            ]
        },
        "validation": {
            "random_5": {
                "accuracy": [
                    0.7410833333333333
                ]
            }
        }
    },
    "cont_1": {
        "training": {
            "loss": [
                2.312148820479711,
                1.335605623602867
            ],
            "accuracy": [
                0.39916666666666667,
                0.6151666666666666
            ]
        },
        "validation": {
            "cont_1": {
                "accuracy": [
                    0.7414166666666666
                ]
            },
            "cont_2": {
                "accuracy": [
                    0.5709166666666666
                ]
            },
            "cont_3": {
                "accuracy": [
                    0.5818333333333333
                ]
            },
            "cont_4": {
                "accuracy": [
                    0.5683333333333334
                ]
            },
            "cont_5": {
                "accuracy": [
                    0.5678333333333333
                ]
            }
        }
    },
    "cont_2": {
        "training": {
            "loss": [
                1.5286122310558954,
                1.0337145515084267
            ],
            "accuracy": [
                0.5755,
                0.6915833333333333
            ]
        },
        "validation": {
            "cont_1": {
                "accuracy": [
                    0.65675
                ]
            },
            "cont_2": {
                "accuracy": [
                    0.76725
                ]
            },
            "cont_3": {
                "accuracy": [
                    0.6075
                ]
            },
            "cont_4": {
                "accuracy": [
                    0.5891666666666666
                ]
            },
            "cont_5": {
                "accuracy": [
                    0.5964166666666667
                ]
            }
        }
    },
    "cont_3": {
        "training": {
            "loss": [
                1.3763218379418056,
                0.8927811778187752
            ],
            "accuracy": [
                0.61225,
                0.73075
            ]
        },
        "validation": {
            "cont_1": {
                "accuracy": [
                    0.7019166666666666
                ]
            },
            "cont_2": {
                "accuracy": [
                    0.74875
                ]
            },
            "cont_3": {
                "accuracy": [
                    0.85725
                ]
            },
            "cont_4": {
                "accuracy": [
                    0.6705
                ]
            },
            "cont_5": {
                "accuracy": [
                    0.665
                ]
            }
        }
    },
    "cont_4": {
        "training": {
            "loss": [
                1.303009142835935,
                0.8147742768526077
            ],
            "accuracy": [
                0.63525,
                0.7510833333333333
            ]
        },
        "validation": {
            "cont_1": {
                "accuracy": [
                    0.7001666666666667
                ]
            },
            "cont_2": {
                "accuracy": [
                    0.71775
                ]
            },
            "cont_3": {
                "accuracy": [
                    0.7559166666666667
                ]
            },
            "cont_4": {
                "accuracy": [
                    0.8684166666666666
                ]
            },
            "cont_5": {
                "accuracy": [
                    0.6793333333333333
                ]
            }
        }
    },
    "cont_5": {
        "training": {
            "loss": [
                1.2204602771997453,
                0.7484225780864556
            ],
            "accuracy": [
                0.6515833333333333,
                0.767
            ]
        },
        "validation": {
            "cont_1": {
                "accuracy": [
                    0.6913333333333334
                ]
            },
            "cont_2": {
                "accuracy": [
                    0.7066666666666667
                ]
            },
            "cont_3": {
                "accuracy": [
                    0.7310833333333333
                ]
            },
            "cont_4": {
                "accuracy": [
                    0.75325
                ]
            },
            "cont_5": {
                "accuracy": [
                    0.8719166666666667
                ]
            }
        }
    },
    "training_metrics": {
        "training": {},
        "validation": {
            "cont_1": {
                "accuracy": [
                    0.6913333333333334
                ],
                "flatness": [
                    0.6039054966248795
                ]
            },
            "cont_2": {
                "accuracy": [
                    0.7066666666666667
                ],
                "flatness": [
                    0.7431603773584906
                ]
            },
            "cont_3": {
                "accuracy": [
                    0.7310833333333333
                ],
                "flatness": [
                    0.6098256012766443
                ]
            },
            "cont_4": {
                "accuracy": [
                    0.75325
                ],
                "flatness": [
                    0.6452041154995022
                ]
            },
            "cont_5": {
                "accuracy": [
                    0.8719166666666667
                ],
                "flatness": [
                    0.6107235018637102
                ]
            }
        }
    }
}