{
    "random_1": {
        "training": {
            "loss": [
                0.5916903120117446
            ],
            "accuracy": [
                0.8041134185303515
            ]
        },
        "validation": {
            "random_1": {
                "accuracy": [
                    0.9525758785942492
                ],
                "flatness": [
                    0.5913242846661775
                ]
            }
        }
    },
    "random_2": {
        "training": {
            "loss": [
                0.5917115310748545
            ],
            "accuracy": [
                0.7976238019169329
            ]
        },
        "validation": {
            "random_2": {
                "accuracy": [
                    0.9403953674121406
                ],
                "flatness": [
                    0.6062526542095764
                ]
            }
        }
    },
    "random_3": {
        "training": {
            "loss": [
                0.5837893584332527
            ],
            "accuracy": [
                0.8046126198083067
            ]
        },
        "validation": {
            "random_3": {
                "accuracy": [
                    0.9449880191693291
                ],
                "flatness": [
                    0.5599029318541997
                ]
            }
        }
    },
    "random_4": {
        "training": {
            "loss": [
                0.5942155499570667
            ],
            "accuracy": [
                0.7987220447284346
            ]
        },
        "validation": {
            "random_4": {
                "accuracy": [
                    0.9367012779552716
                ],
                "flatness": [
                    0.6126052547431252
                ]
            }
        }
    },
    "random_5": {
        "training": {
            "loss": [
                0.5787589644519285
            ],
            "accuracy": [
                0.8026158146964856
            ]
        },
        "validation": {
            "random_5": {
                "accuracy": [
                    0.9451876996805112
                ],
                "flatness": [
                    0.5992526671596071
                ]
            }
        }
    },
    "cont_1": {
        "training": {
            "loss": [
                0.5843180333035061
            ],
            "accuracy": [
                0.7991214057507987
            ]
        },
        "validation": {
            "cont_1": {
                "accuracy": [
                    0.9471845047923323
                ],
                "flatness": [
                    0.6000513861073047
                ]
            },
            "cont_2": {
                "accuracy": [
                    0.8799920127795527
                ],
                "flatness": [
                    0.5737356761969593
                ]
            },
            "cont_3": {
                "accuracy": [
                    0.8817891373801917
                ],
                "flatness": [
                    0.4983653192934783
                ]
            },
            "cont_4": {
                "accuracy": [
                    0.8838857827476039
                ],
                "flatness": [
                    0.5146398113633797
                ]
            },
            "cont_5": {
                "accuracy": [
                    0.8861821086261981
                ],
                "flatness": [
                    0.4866381252816584
                ]
            }
        }
    },
    "cont_2": {
        "training": {
            "loss": [
                0.45809153276986586
            ],
            "accuracy": [
                0.8468450479233227
            ]
        },
        "validation": {
            "cont_1": {
                "accuracy": [
                    0.911741214057508
                ],
                "flatness": [
                    0.679074956197985
                ]
            },
            "cont_2": {
                "accuracy": [
                    0.9529752396166135
                ],
                "flatness": [
                    0.6339110790990047
                ]
            },
            "cont_3": {
                "accuracy": [
                    0.886082268370607
                ],
                "flatness": [
                    0.7342274647887324
                ]
            },
            "cont_4": {
                "accuracy": [
                    0.8864816293929713
                ],
                "flatness": [
                    0.6816800878477306
                ]
            },
            "cont_5": {
                "accuracy": [
                    0.8856829073482428
                ],
                "flatness": [
                    0.7039059857964153
                ]
            }
        }
    },
    "cont_3": {
        "training": {
            "loss": [
                0.44582208943443175
            ],
            "accuracy": [
                0.8498402555910544
            ]
        },
        "validation": {
            "cont_1": {
                "accuracy": [
                    0.9017571884984026
                ],
                "flatness": [
                    0.7602344441984057
                ]
            },
            "cont_2": {
                "accuracy": [
                    0.9057507987220448
                ],
                "flatness": [
                    0.7616264329805996
                ]
            },
            "cont_3": {
                "accuracy": [
                    0.9498801916932907
                ],
                "flatness": [
                    0.7556462844229557
                ]
            },
            "cont_4": {
                "accuracy": [
                    0.8811900958466453
                ],
                "flatness": [
                    0.8511216859279402
                ]
            },
            "cont_5": {
                "accuracy": [
                    0.8892771565495208
                ],
                "flatness": [
                    0.7140191703154821
                ]
            }
        }
    },
    "cont_4": {
        "training": {
            "loss": [
                0.41952596959500266
            ],
            "accuracy": [
                0.8539337060702875
            ]
        },
        "validation": {
            "cont_1": {
                "accuracy": [
                    0.8927715654952076
                ],
                "flatness": [
                    0.7764181670767167
                ]
            },
            "cont_2": {
                "accuracy": [
                    0.9000599041533547
                ],
                "flatness": [
                    0.7273821408763171
                ]
            },
            "cont_3": {
                "accuracy": [
                    0.9160343450479234
                ],
                "flatness": [
                    0.7624577656675748
                ]
            },
            "cont_4": {
                "accuracy": [
                    0.9512779552715654
                ],
                "flatness": [
                    0.7602848184298909
                ]
            },
            "cont_5": {
                "accuracy": [
                    0.8902755591054313
                ],
                "flatness": [
                    0.7380088594818885
                ]
            }
        }
    },
    "cont_5": {
        "training": {
            "loss": [
                0.4376410936442808
            ],
            "accuracy": [
                0.8482428115015974
            ]
        },
        "validation": {
            "cont_1": {
                "accuracy": [
                    0.8846845047923323
                ],
                "flatness": [
                    0.6243398036339014
                ]
            },