{
    "random_1": {
        "training": {
            "loss": [
                0.7717055068174495
            ],
            "accuracy": [
                0.7377373417721519
            ]
        },
        "validation": {
            "random_1": {
                "accuracy": [
                    0.9642009493670886
                ]
            }
        }
    },
    "random_2": {
        "training": {
            "loss": [
                0.7879706470272209
            ],
            "accuracy": [
                0.7389240506329114
            ]
        },
        "validation": {
            "random_2": {
                "accuracy": [
                    0.9691455696202531
                ]
            }
        }
    },
    "random_3": {
        "training": {
            "loss": [
                0.7712678060501437
            ],
            "accuracy": [
                0.7369462025316456
            ]
        },
        "validation": {
            "random_3": {
                "accuracy": [
                    0.9624208860759493
                ]
            }
        }
    },
    "random_4": {
        "training": {
            "loss": [
                0.7715214043855667
            ],
            "accuracy": [
                0.7401107594936709
            ]
        },
        "validation": {
            "random_4": {
                "accuracy": [
                    0.9612341772151899
                ]
            }
        }
    },
    "random_5": {
        "training": {
            "loss": [
                0.7712373426066169
            ],
            "accuracy": [
                0.7456487341772152
            ]
        },
        "validation": {
            "random_5": {
                "accuracy": [
                    0.9590585443037974
                ]
            }
        }
    },
    "random_6": {
        "training": {
            "loss": [
                0.7730282892154742
            ],
            "accuracy": [
                0.7389240506329114
            ]
        },
        "validation": {
            "random_6": {
                "accuracy": [
                    0.9647943037974683
                ]
            }
        }
    },
    "random_7": {
        "training": {
            "loss": [
                0.765360730358317
            ],
            "accuracy": [
                0.7349683544303798
            ]
        },
        "validation": {
            "random_7": {
                "accuracy": [
                    0.9705300632911392
                ]
            }
        }
    },
    "random_8": {
        "training": {
            "loss": [
                0.7823246506196034
            ],
            "accuracy": [
                0.7407041139240507
            ]
        },
        "validation": {
            "random_8": {
                "accuracy": [
                    0.9549050632911392
                ]
            }
        }
    },
    "random_9": {
        "training": {
            "loss": [
                0.7481592457882965
            ],
            "accuracy": [
                0.7410996835443038
            ]
        },
        "validation": {
            "random_9": {
                "accuracy": [
                    0.9610363924050633
                ]
            }
        }
    },
    "random_10": {
        "training": {
            "loss": [
                0.7575019271690634
            ],
            "accuracy": [
                0.7446598101265823
            ]
        },
        "validation": {
            "random_10": {
                "accuracy": [
                    0.9709256329113924
                ]
            }
        }
    },
    "cont_1": {
        "training": {
            "loss": [
                0.7645825145742561
            ],
            "accuracy": [
                0.7379351265822784
            ]
        },
        "validation": {
            "cont_1": {
                "accuracy": [
                    0.9590585443037974
                ]
            },
            "cont_2": {
                "accuracy": [
                    0.8494857594936709
                ]
            },
            "cont_3": {
                "accuracy": [
                    0.8433544303797469
                ]
            },
            "cont_4": {
                "accuracy": [
                    0.8465189873417721
                ]
            },
            "cont_5": {
                "accuracy": [
                    0.8427610759493671
                ]
            },
            "cont_6": {
                "accuracy": [
                    0.8308939873417721
                ]
            },
            "cont_7": {
                "accuracy": [
                    0.8419699367088608
                ]
            },
            "cont_8": {
                "accuracy": [
                    0.8415743670886076
                ]
            },
            "cont_9": {
                "accuracy": [
                    0.8455300632911392
                ]
            },
            "cont_10": {
                "accuracy": [
                    0.8441455696202531
                ]
            }
        }
    },
    "cont_2": {
        "training": {
            "loss": [
                0.44603285891345784
            ],
            "accuracy": [
                0.8518591772151899
            ]
        },
        "validation": {
            "cont_1": {
                "accuracy": [
                    0.8949762658227848
                ]
            },
            "cont_2": {
                "accuracy": [
                    0.9586629746835443
                ]
            },
            "cont_3": {
                "accuracy": [
                    0.850870253164557
                ]
            },
            "cont_4": {
                "accuracy": [
                    0.849881329113924
                ]
            },
            "cont_5": {
                "accuracy": [
                    0.8510680379746836
                ]
            },
            "cont_6": {
                "accuracy": [
                    0.8429588607594937
                ]
            },
            "cont_7": {
                "accuracy": [
                    0.8492879746835443
                ]
            },
            "cont_8": {
                "accuracy": [
                    0.8443433544303798
                ]
            },
            "cont_9": {
                "accuracy": [
                    0.848496835443038
                ]
            },
            "cont_10": {
                "accuracy": [
                    0.8524525316455697
                ]
            }
        }
    },
    "cont_3": {
        "training": {
            "loss": [
                0.3703785140680361
            ],
            "accuracy": [
                0.8787579113924051
            ]
        },
        "validation": {
            "cont_1": {
                "accuracy": [
                    0.9319620253164557
                ]
            },
            "cont_2": {
                "accuracy": [
                    0.9671677215189873
                ]
            },
            "cont_3": {
                "accuracy": [
                    0.9774525316455697
                ]
            },
            "cont_4": {
                "accuracy": [
                    0.9060522151898734
                ]
            },
            "cont_5": {
                "accuracy": [
                    0.8943829113924051
                ]
            },
            "cont_6": {
                "accuracy": [
                    0.8981408227848101
                ]
            },
            "cont_7": {
                "accuracy": [
                    0.8989319620253164
                ]
            },
            "cont_8": {
                "accuracy": [
                    0.8941851265822784
                ]
            },