{
    "random_1": {
        "training": {
            "loss": [
                0.7642284711455084
            ],
            "accuracy": [
                0.7442277070063694
            ]
        },
        "validation": {
            "random_1": {
                "accuracy": [
                    0.9321257961783439
                ]
            }
        }
    },
    "random_2": {
        "training": {
            "loss": [
                0.7796229016818818
            ],
            "accuracy": [
                0.7346735668789809
            ]
        },
        "validation": {
            "random_2": {
                "accuracy": [
                    0.9321257961783439
                ]
            }
        }
    },
    "random_3": {
        "training": {
            "loss": [
                0.7601173320773301
            ],
            "accuracy": [
                0.7436305732484076
            ]
        },
        "validation": {
            "random_3": {
                "accuracy": [
                    0.9388933121019108
                ]
            }
        }
    },
    "random_4": {
        "training": {
            "loss": [
                0.775139260633736
            ],
            "accuracy": [
                0.7304936305732485
            ]
        },
        "validation": {
            "random_4": {
                "accuracy": [
                    0.9468550955414012
                ]
            }
        }
    },
    "random_5": {
        "training": {
            "loss": [
                0.7581523160456093
            ],
            "accuracy": [
                0.7406449044585988
            ]
        },
        "validation": {
            "random_5": {
                "accuracy": [
                    0.9400875796178344
                ]
            }
        }
    },
    "random_6": {
        "training": {
            "loss": [
                0.7676300714919522
            ],
            "accuracy": [
                0.7410429936305732
            ]
        },
        "validation": {
            "random_6": {
                "accuracy": [
                    0.9478503184713376
                ]
            }
        }
    },
    "random_7": {
        "training": {
            "loss": [
                0.7502590138821086
            ],
            "accuracy": [
                0.7458200636942676
            ]
        },
        "validation": {
            "random_7": {
                "accuracy": [
                    0.9203821656050956
                ]
            }
        }
    },
    "random_8": {
        "training": {
            "loss": [
                0.7774539766417947
            ],
            "accuracy": [
                0.7340764331210191
            ]
        },
        "validation": {
            "random_8": {
                "accuracy": [
                    0.9371019108280255
                ]
            }
        }
    },
    "random_9": {
        "training": {
            "loss": [
                0.7700057496690447
            ],
            "accuracy": [
                0.7346735668789809
            ]
        },
        "validation": {
            "random_9": {
                "accuracy": [
                    0.9378980891719745
                ]
            }
        }
    },
    "random_10": {
        "training": {
            "loss": [
                0.7721883285387307
            ],
            "accuracy": [
                0.7434315286624203
            ]
        },
        "validation": {
            "random_10": {
                "accuracy": [
                    0.9255573248407644
                ]
            }
        }
    },
    "cont_1": {
        "training": {
            "loss": [
                0.771745060564606
            ],
            "accuracy": [
                0.7428343949044586
            ]
        },
        "validation": {
            "cont_1": {
                "accuracy": [
                    0.9454617834394905
                ]
            },
            "cont_2": {
                "accuracy": [
                    0.8509156050955414
                ]
            },
            "cont_3": {
                "accuracy": [
                    0.857484076433121
                ]
            },
            "cont_4": {
                "accuracy": [
                    0.8533041401273885
                ]
            },
            "cont_5": {
                "accuracy": [
                    0.8525079617834395
                ]
            },
            "cont_6": {
                "accuracy": [
                    0.8487261146496815
                ]
            },
            "cont_7": {
                "accuracy": [
                    0.8564888535031847
                ]
            },
            "cont_8": {
                "accuracy": [
                    0.8447452229299363
                ]
            },
            "cont_9": {
                "accuracy": [
                    0.8558917197452229
                ]
            },
            "cont_10": {
                "accuracy": [
                    0.8590764331210191
                ]
            }
        }
    },
    "cont_2": {
        "training": {
            "loss": [
                0.5423485602068293
            ],
            "accuracy": [
                0.820859872611465
            ]
        },
        "validation": {
            "cont_1": {
                "accuracy": [
                    0.8845541401273885
                ]
            },
            "cont_2": {
                "accuracy": [
                    0.9299363057324841
                ]
            },
            "cont_3": {
                "accuracy": [
                    0.8554936305732485
                ]
            },
            "cont_4": {
                "accuracy": [
                    0.8419585987261147
                ]
            },
            "cont_5": {
                "accuracy": [
                    0.8471337579617835
                ]
            },
            "cont_6": {
                "accuracy": [
                    0.8487261146496815
                ]
            },
            "cont_7": {
                "accuracy": [
                    0.8523089171974523
                ]
            },
            "cont_8": {
                "accuracy": [
                    0.847531847133758
                ]
            },
            "cont_9": {
                "accuracy": [
                    0.8495222929936306
                ]
            },
            "cont_10": {
                "accuracy": [
                    0.8519108280254777
                ]
            }
        }
    },
    "cont_3": {
        "training": {
            "loss": [
                0.45651674636040523
            ],
            "accuracy": [
                0.852109872611465
            ]
        },
        "validation": {
            "cont_1": {
                "accuracy": [
                    0.9046576433121019
                ]
            },
            "cont_2": {
                "accuracy": [
                    0.9217754777070064
                ]
            },
            "cont_3": {
                "accuracy": [
                    0.9655652866242038
                ]
            },
            "cont_4": {
                "accuracy": [
                    0.8855493630573248
                ]
            },
            "cont_5": {
                "accuracy": [
                    0.8823646496815286
                ]
            },
            "cont_6": {
                "accuracy": [
                    0.8829617834394905
                ]
            },
            "cont_7": {
                "accuracy": [
                    0.8809713375796179
                ]
            },
            "cont_8": {
                "accuracy": [
                    0.8785828025477707
                ]
            },