{
    "joint_training": {
        "training": {
            "loss": [
                0.44764560555145144
            ],
            "accuracy": [
                0.8476
            ]
        },
        "validation": {
            "cont_1": {
                "accuracy": [
                    0.8976666666666666
                ],
                "flatness": [
                    0.451096409795376
                ]
            },
            "cont_2": {
                "accuracy": [
                    0.8988333333333334
                ],
                "flatness": [
                    0.5090663335512897
                ]
            },
            "cont_3": {
                "accuracy": [
                    0.9021666666666667
                ],
                "flatness": [
                    0.5414596439371104
                ]
            },
            "cont_4": {
                "accuracy": [
                    0.9016666666666666
                ],
                "flatness": [
                    0.5815254402179201
                ]
            },
            "cont_5": {
                "accuracy": [
                    0.9048333333333334
                ],
                "flatness": [
                    0.5998487654021775
                ]
            },
            "cont_6": {
                "accuracy": [
                    0.899
                ],
                "flatness": [
                    0.47311340085475084
                ]
            },
            "cont_7": {
                "accuracy": [
                    0.9066666666666666
                ],
                "flatness": [
                    0.5315160603715171
                ]
            },
            "cont_8": {
                "accuracy": [
                    0.9126666666666666
                ],
                "flatness": [
                    0.4779228018915075
                ]
            },
            "cont_9": {
                "accuracy": [
                    0.899
                ],
                "flatness": [
                    0.5012879807973772
                ]
            },
            "cont_10": {
                "accuracy": [
                    0.903
                ],
                "flatness": [
                    0.5894095704377221
                ]
            }
        }
    }
}