{
    "random_1": {
        "training": {
            "loss": [
                0.24223792946900422
            ],
            "accuracy": [
                0.9199281150159745
            ]
        },
        "validation": {
            "random_1": {
                "accuracy": [
                    0.9775359424920128
                ],
                "flatness": [
                    0.5764254161985496
                ]
            }
        }
    },
    "random_2": {
        "training": {
            "loss": [
                0.39365842173131893
            ],
            "accuracy": [
                0.8654153354632588
            ]
        },
        "validation": {
            "random_2": {
                "accuracy": [
                    0.9728434504792333
                ],
                "flatness": [
                    0.6281923491379311
                ]
            }
        }
    },
    "random_3": {
        "training": {
            "loss": [
                0.3794864349709913
            ],
            "accuracy": [
                0.8724041533546326
            ]
        },
        "validation": {
            "random_3": {
                "accuracy": [
                    0.9640575079872205
                ],
                "flatness": [
                    0.536064364125932
                ]
            }
        }
    },
    "random_4": {
        "training": {
            "loss": [
                0.3730877008015355
            ],
            "accuracy": [
                0.8721046325878594
            ]
        },
        "validation": {
            "random_4": {
                "accuracy": [
                    0.9709464856230032
                ],
                "flatness": [
                    0.6352532133676092
                ]
            }
        }
    },
    "random_5": {
        "training": {
            "loss": [
                0.3878748652796014
            ],
            "accuracy": [
                0.8705071884984026
            ]
        },
        "validation": {
            "random_5": {
                "accuracy": [
                    0.9679512779552716
                ],
                "flatness": [
                    0.6362100309437855
                ]
            }
        }
    },
    "cont_1": {
        "training": {
            "loss": [
                0.17773282837521392
            ],
            "accuracy": [
                0.9377995207667732
            ]
        },
        "validation": {
            "cont_1": {
                "accuracy": [
                    0.9639576677316294
                ],
                "flatness": [
                    0.6418850336613154
                ]
            },
            "cont_2": {
                "accuracy": [
                    0.8679113418530351
                ],
                "flatness": [
                    0.6265040837455425
                ]
            },
            "cont_3": {
                "accuracy": [
                    0.8712060702875399
                ],
                "flatness": [
                    0.5929728684391473
                ]
            },
            "cont_4": {
                "accuracy": [
                    0.8698083067092651
                ],
                "flatness": [
                    0.518029011707989
                ]
            },
            "cont_5": {
                "accuracy": [
                    0.8705071884984026
                ],
                "flatness": [
                    0.5936732996903314
                ]
            }
        }
    },
    "cont_2": {
        "training": {
            "loss": [
                0.6030633362908714
            ],
            "accuracy": [
                0.8066094249201278
            ]
        },
        "validation": {
            "cont_1": {
                "accuracy": [
                    0.9370007987220448
                ],
                "flatness": [
                    0.49026105487480026
                ]
            },
            "cont_2": {
                "accuracy": [
                    0.8898761980830671
                ],
                "flatness": [
                    0.5151260798833165
                ]
            },
            "cont_3": {
                "accuracy": [
                    0.865814696485623
                ],
                "flatness": [
                    0.463797278597786
                ]
            },
            "cont_4": {
                "accuracy": [
                    0.8697084664536742
                ],
                "flatness": [
                    0.4401618643094937
                ]
            },
            "cont_5": {
                "accuracy": [
                    0.8648162939297125
                ],
                "flatness": [
                    0.5201158797044563
                ]
            }
        }
    },
    "cont_3": {
        "training": {
            "loss": [
                0.5274542751974953
            ],
            "accuracy": [
                0.8297723642172524
            ]
        },
        "validation": {
            "cont_1": {
                "accuracy": [
                    0.9129392971246006
                ],
                "flatness": [
                    0.416109607392826
                ]
            },
            "cont_2": {
                "accuracy": [
                    0.8636182108626198
                ],
                "flatness": [
                    0.4014270231213873
                ]
            },
            "cont_3": {
                "accuracy": [
                    0.8573282747603834
                ],
                "flatness": [
                    0.46064254105042507
                ]
            },
            "cont_4": {
                "accuracy": [
                    0.8486421725239617
                ],
                "flatness": [
                    0.5413058823529411
                ]
            },
            "cont_5": {
                "accuracy": [
                    0.8416533546325878
                ],
                "flatness": [
                    0.4926594009489917
                ]
            }
        }
    },
    "cont_4": {
        "training": {
            "loss": [
                0.49222403333876463
            ],
            "accuracy": [
                0.8388578274760383
            ]
        },
        "validation": {
            "cont_1": {
                "accuracy": [
                    0.9165335463258786
                ],
                "flatness": [
                    0.44622957516339873
                ]
            },
            "cont_2": {
                "accuracy": [
                    0.8700079872204473
                ],
                "flatness": [
                    0.501970966261189
                ]
            },
            "cont_3": {
                "accuracy": [
                    0.8629193290734825
                ],
                "flatness": [
                    0.43502400786763856
                ]
            },
            "cont_4": {
                "accuracy": [
                    0.8650159744408946
                ],
                "flatness": [
                    0.4538391620498615
                ]
            },
            "cont_5": {
                "accuracy": [
                    0.847444089456869
                ],
                "flatness": [
                    0.48767966540999064
                ]
            }
        }
    },
    "cont_5": {
        "training": {
            "loss": [
                2.341902746940954
            ],
            "accuracy": [
                0.22753594249201278
            ]
        },
        "validation": {
            "cont_1": {
                "accuracy": [
                    0.4045527156549521
                ],
                "flatness": [
                    0.3524339832181639
                ]
            },