{
    "random_1": {
        "training": {
            "loss": [
                2.3286406895157636
            ],
            "accuracy": [
                0.430234872611465
            ]
        },
        "validation": {
            "random_1": {
                "accuracy": [
                    0.8112062101910829
                ],
                "flatness": [
                    0.31612838984354774
                ]
            }
        }
    },
    "random_2": {
        "training": {
            "loss": [
                2.355876243797837
            ],
            "accuracy": [
                0.4137141719745223
            ]
        },
        "validation": {
            "random_2": {
                "accuracy": [
                    0.796875
                ],
                "flatness": [
                    0.2387745099909165
                ]
            }
        }
    },
    "random_3": {
        "training": {
            "loss": [
                2.37180997573646
            ],
            "accuracy": [
                0.41132563694267515
            ]
        },
        "validation": {
            "random_3": {
                "accuracy": [
                    0.7948845541401274
                ],
                "flatness": [
                    0.2684155507612783
                ]
            }
        }
    },
    "random_4": {
        "training": {
            "loss": [
                2.3773041287804864
            ],
            "accuracy": [
                0.41779458598726116
            ]
        },
        "validation": {
            "random_4": {
                "accuracy": [
                    0.7833399681528662
                ],
                "flatness": [
                    0.30942224645808486
                ]
            }
        }
    },
    "random_5": {
        "training": {
            "loss": [
                2.3486208786630325
            ],
            "accuracy": [
                0.42048168789808915
            ]
        },
        "validation": {
            "random_5": {
                "accuracy": [
                    0.8015525477707006
                ],
                "flatness": [
                    0.37461478782256663
                ]
            }
        }
    },
    "cont_1": {
        "training": {
            "loss": [
                2.343376805068581
            ],
            "accuracy": [
                0.4270501592356688
            ]
        },
        "validation": {
            "cont_1": {
                "accuracy": [
                    0.7971735668789809
                ],
                "flatness": [
                    0.3268873282928443
                ]
            },
            "cont_2": {
                "accuracy": [
                    0.6058917197452229
                ],
                "flatness": [
                    0.3151991628090828
                ]
            },
            "cont_3": {
                "accuracy": [
                    0.6143511146496815
                ],
                "flatness": [
                    0.3969508350059624
                ]
            },
            "cont_4": {
                "accuracy": [
                    0.6148487261146497
                ],
                "flatness": [
                    0.38366906832591274
                ]
            },
            "cont_5": {
                "accuracy": [
                    0.6130573248407644
                ],
                "flatness": [
                    0.3621067374383474
                ]
            }
        }
    },
    "cont_2": {
        "training": {
            "loss": [
                1.283797484294624
            ],
            "accuracy": [
                0.6326632165605095
            ]
        },
        "validation": {
            "cont_1": {
                "accuracy": [
                    0.7638335987261147
                ],
                "flatness": [
                    0.36994723205069374
                ]
            },
            "cont_2": {
                "accuracy": [
                    0.8852507961783439
                ],
                "flatness": [
                    0.35084513757053293
                ]
            },
            "cont_3": {
                "accuracy": [
                    0.682921974522293
                ],
                "flatness": [
                    0.46005209944089065
                ]
            },
            "cont_4": {
                "accuracy": [
                    0.6821257961783439
                ],
                "flatness": [
                    0.4222782320172021
                ]
            },
            "cont_5": {
                "accuracy": [
                    0.679140127388535
                ],
                "flatness": [
                    0.4463939779074503
                ]
            }
        }
    },
    "cont_3": {
        "training": {
            "loss": [
                1.1104806616048144
            ],
            "accuracy": [
                0.677547770700637
            ]
        },
        "validation": {
            "cont_1": {
                "accuracy": [
                    0.7614450636942676
                ],
                "flatness": [
                    0.3613093061932332
                ]
            },
            "cont_2": {
                "accuracy": [
                    0.8153861464968153
                ],
                "flatness": [
                    0.45017972718981125
                ]
            },
            "cont_3": {
                "accuracy": [
                    0.8966958598726115
                ],
                "flatness": [
                    0.43414594952724084
                ]
            },
            "cont_4": {
                "accuracy": [
                    0.7028264331210191
                ],
                "flatness": [
                    0.39933623672375695
                ]
            },
            "cont_5": {
                "accuracy": [
                    0.7080015923566879
                ],
                "flatness": [
                    0.45142465602959475
                ]
            }
        }
    },
    "cont_4": {
        "training": {
            "loss": [
                1.0210919061284156
            ],
            "accuracy": [
                0.7038216560509554
            ]
        },
        "validation": {
            "cont_1": {
                "accuracy": [
                    0.7775676751592356
                ],
                "flatness": [
                    0.5612955976567011
                ]
            },
            "cont_2": {
                "accuracy": [
                    0.8244426751592356
                ],
                "flatness": [
                    0.45575295777956343
                ]
            },
            "cont_3": {
                "accuracy": [
                    0.8489251592356688
                ],
                "flatness": [
                    0.4249859326190434
                ]
            },
            "cont_4": {
                "accuracy": [
                    0.9183917197452229
                ],
                "flatness": [
                    0.49449555716268623
                ]
            },
            "cont_5": {
                "accuracy": [
                    0.7296974522292994
                ],
                "flatness": [
                    0.5058282190733637
                ]
            }
        }
    },
    "cont_5": {
        "training": {
            "loss": [
                0.9567339879691981
            ],
            "accuracy": [
                0.7205414012738853
            ]
        },
        "validation": {
            "cont_1": {
                "accuracy": [
                    0.7748805732484076
                ],
                "flatness": [
                    0.4763838948901564
                ]
            },