{
    "random_1": {
        "training": {
            "loss": [
                0.6040460584691157
            ],
            "accuracy": [
                0.7992212460063898
            ]
        },
        "validation": {
            "random_1": {
                "accuracy": [
                    0.9452875399361023
                ],
                "flatness": [
                    0.6074540557667933
                ]
            }
        }
    },
    "random_2": {
        "training": {
            "loss": [
                0.5909716303879842
            ],
            "accuracy": [
                0.8003194888178914
            ]
        },
        "validation": {
            "random_2": {
                "accuracy": [
                    0.9365015974440895
                ],
                "flatness": [
                    0.6454790778251599
                ]
            }
        }
    },
    "random_3": {
        "training": {
            "loss": [
                0.5919879464724194
            ],
            "accuracy": [
                0.8018170926517572
            ]
        },
        "validation": {
            "random_3": {
                "accuracy": [
                    0.9355031948881789
                ],
                "flatness": [
                    0.4943863393810032
                ]
            }
        }
    },
    "random_4": {
        "training": {
            "loss": [
                0.5911904055232438
            ],
            "accuracy": [
                0.8030151757188498
            ]
        },
        "validation": {
            "random_4": {
                "accuracy": [
                    0.9434904153354633
                ],
                "flatness": [
                    0.4980674603174603
                ]
            }
        }
    },
    "random_5": {
        "training": {
            "loss": [
                0.5887621828494742
            ],
            "accuracy": [
                0.8034145367412141
            ]
        },
        "validation": {
            "random_5": {
                "accuracy": [
                    0.9535742811501597
                ],
                "flatness": [
                    0.5724760496283111
                ]
            }
        }
    },
    "cont_1": {
        "training": {
            "loss": [
                0.6069770835744687
            ],
            "accuracy": [
                0.7903354632587859
            ]
        },
        "validation": {
            "cont_1": {
                "accuracy": [
                    0.9395966453674122
                ],
                "flatness": [
                    0.5215419455955796
                ]
            },
            "cont_2": {
                "accuracy": [
                    0.8756988817891374
                ],
                "flatness": [
                    0.5466615836278645
                ]
            },
            "cont_3": {
                "accuracy": [
                    0.8753993610223643
                ],
                "flatness": [
                    0.45001782048357664
                ]
            },
            "cont_4": {
                "accuracy": [
                    0.8721046325878594
                ],
                "flatness": [
                    0.4707541499713795
                ]
            },
            "cont_5": {
                "accuracy": [
                    0.875
                ],
                "flatness": [
                    0.5629464285714285
                ]
            }
        }
    },
    "cont_2": {
        "training": {
            "loss": [
                0.4468300167602091
            ],
            "accuracy": [
                0.8506389776357828
            ]
        },
        "validation": {
            "cont_1": {
                "accuracy": [
                    0.9116413738019169
                ],
                "flatness": [
                    0.7571336655349907
                ]
            },
            "cont_2": {
                "accuracy": [
                    0.948382587859425
                ],
                "flatness": [
                    0.7030884829982103
                ]
            },
            "cont_3": {
                "accuracy": [
                    0.8814896166134185
                ],
                "flatness": [
                    0.7300763110205006
                ]
            },
            "cont_4": {
                "accuracy": [
                    0.8787939297124601
                ],
                "flatness": [
                    0.7396500795273802
                ]
            },
            "cont_5": {
                "accuracy": [
                    0.8832867412140575
                ],
                "flatness": [
                    0.8031083983271167
                ]
            }
        }
    },
    "cont_3": {
        "training": {
            "loss": [
                0.3709720664511854
            ],
            "accuracy": [
                0.8741014376996805
            ]
        },
        "validation": {
            "cont_1": {
                "accuracy": [
                    0.9189297124600639
                ],
                "flatness": [
                    0.6678115493263798
                ]
            },
            "cont_2": {
                "accuracy": [
                    0.9315095846645367
                ],
                "flatness": [
                    0.7822903269024652
                ]
            },
            "cont_3": {
                "accuracy": [
                    0.9609624600638977
                ],
                "flatness": [
                    0.6642103896103896
                ]
            },
            "cont_4": {
                "accuracy": [
                    0.9020567092651757
                ],
                "flatness": [
                    0.6984905921416713
                ]
            },
            "cont_5": {
                "accuracy": [
                    0.8989616613418531
                ],
                "flatness": [
                    0.745869197023545
                ]
            }
        }
    },
    "cont_4": {
        "training": {
            "loss": [
                0.31992778356987445
            ],
            "accuracy": [
                0.8902755591054313
            ]
        },
        "validation": {
            "cont_1": {
                "accuracy": [
                    0.9060503194888179
                ],
                "flatness": [
                    0.7611590909090908
                ]
            },
            "cont_2": {
                "accuracy": [
                    0.9147364217252396
                ],
                "flatness": [
                    0.7058898166339227
                ]
            },
            "cont_3": {
                "accuracy": [
                    0.9262180511182109
                ],
                "flatness": [
                    0.7585028834752615
                ]
            },
            "cont_4": {
                "accuracy": [
                    0.9530750798722045
                ],
                "flatness": [
                    0.7588512204064529
                ]
            },
            "cont_5": {
                "accuracy": [
                    0.887779552715655
                ],
                "flatness": [
                    0.7260037112010795
                ]
            }
        }
    },
    "cont_5": {
        "training": {
            "loss": [
                0.2997129998339441
            ],
            "accuracy": [
                0.9009584664536742
            ]
        },
        "validation": {
            "cont_1": {
                "accuracy": [
                    0.9175319488817891
                ],
                "flatness": [
                    0.7539757889009794
                ]
            },