{
    "random_1": {
        "training": {
            "loss": [
                0.20995013430050224
            ],
            "accuracy": [
                0.933718152866242
            ]
        },
        "validation": {
            "random_1": {
                "accuracy": [
                    0.9818869426751592
                ],
                "flatness": [
                    0.37264823667084307
                ]
            }
        }
    },
    "random_2": {
        "training": {
            "loss": [
                0.33580683703255504
            ],
            "accuracy": [
                0.8946058917197452
            ]
        },
        "validation": {
            "random_2": {
                "accuracy": [
                    0.9736265923566879
                ],
                "flatness": [
                    0.36939052487643087
                ]
            }
        }
    },
    "random_3": {
        "training": {
            "loss": [
                0.6367000240808839
            ],
            "accuracy": [
                0.8074243630573248
            ]
        },
        "validation": {
            "random_3": {
                "accuracy": [
                    0.9666600318471338
                ],
                "flatness": [
                    0.3115996609813679
                ]
            }
        }
    },
    "random_4": {
        "training": {
            "loss": [
                1.043512841318823
            ],
            "accuracy": [
                0.703125
            ]
        },
        "validation": {
            "random_4": {
                "accuracy": [
                    0.9224721337579618
                ],
                "flatness": [
                    0.3783142736267023
                ]
            }
        }
    },
    "random_5": {
        "training": {
            "loss": [
                1.0489833776358586
            ],
            "accuracy": [
                0.703125
            ]
        },
        "validation": {
            "random_5": {
                "accuracy": [
                    0.9293391719745223
                ],
                "flatness": [
                    0.40649684122605
                ]
            }
        }
    },
    "cont_1": {
        "training": {
            "loss": [
                0.13852771508038803
            ],
            "accuracy": [
                0.9553144904458599
            ]
        },
        "validation": {
            "cont_1": {
                "accuracy": [
                    0.9686504777070064
                ],
                "flatness": [
                    0.3260415600270391
                ]
            },
            "cont_2": {
                "accuracy": [
                    0.8599721337579618
                ],
                "flatness": [
                    0.34303437115182867
                ]
            },
            "cont_3": {
                "accuracy": [
                    0.7717953821656051
                ],
                "flatness": [
                    0.3901718251602178
                ]
            },
            "cont_4": {
                "accuracy": [
                    0.6869028662420382
                ],
                "flatness": [
                    0.3932961462615573
                ]
            },
            "cont_5": {
                "accuracy": [
                    0.6877985668789809
                ],
                "flatness": [
                    0.36966900652835893
                ]
            }
        }
    },
    "cont_2": {
        "training": {
            "loss": [
                0.902862784019701
            ],
            "accuracy": [
                0.7380573248407644
            ]
        },
        "validation": {
            "cont_1": {
                "accuracy": [
                    0.8960987261146497
                ],
                "flatness": [
                    0.3856125059272384
                ]
            },
            "cont_2": {
                "accuracy": [
                    0.9484474522292994
                ],
                "flatness": [
                    0.36124003222581597
                ]
            },
            "cont_3": {
                "accuracy": [
                    0.7576632165605095
                ],
                "flatness": [
                    0.36734040506280996
                ]
            },
            "cont_4": {
                "accuracy": [
                    0.6926751592356688
                ],
                "flatness": [
                    0.3253915235263177
                ]
            },
            "cont_5": {
                "accuracy": [
                    0.6929737261146497
                ],
                "flatness": [
                    0.4706843320039023
                ]
            }
        }
    },
    "cont_3": {
        "training": {
            "loss": [
                0.8634294647320061
            ],
            "accuracy": [
                0.7535828025477707
            ]
        },
        "validation": {
            "cont_1": {
                "accuracy": [
                    0.8761942675159236
                ],
                "flatness": [
                    0.3918312703450123
                ]
            },
            "cont_2": {
                "accuracy": [
                    0.8972929936305732
                ],
                "flatness": [
                    0.23447260463274783
                ]
            },
            "cont_3": {
                "accuracy": [
                    0.9221735668789809
                ],
                "flatness": [
                    0.3230733331390161
                ]
            },
            "cont_4": {
                "accuracy": [
                    0.7129777070063694
                ],
                "flatness": [
                    0.42816687683064736
                ]
            },
            "cont_5": {
                "accuracy": [
                    0.7174562101910829
                ],
                "flatness": [
                    0.42609307856413564
                ]
            }
        }
    },
    "cont_4": {
        "training": {
            "loss": [
                1.0559896196529364
            ],
            "accuracy": [
                0.7008359872611465
            ]
        },
        "validation": {
            "cont_1": {
                "accuracy": [
                    0.8641520700636943
                ],
                "flatness": [
                    0.41275106633463227
                ]
            },
            "cont_2": {
                "accuracy": [
                    0.8679339171974523
                ],
                "flatness": [
                    0.39763071916885506
                ]
            },
            "cont_3": {
                "accuracy": [
                    0.8743033439490446
                ],
                "flatness": [
                    0.4118010819426434
                ]
            },
            "cont_4": {
                "accuracy": [
                    0.9012738853503185
                ],
                "flatness": [
                    0.404678942468478
                ]
            },
            "cont_5": {
                "accuracy": [
                    0.7375597133757962
                ],
                "flatness": [
                    0.541004926374029
                ]
            }
        }
    },
    "cont_5": {
        "training": {
            "loss": [
                1.1486899514866482
            ],
            "accuracy": [
                0.6749601910828026
            ]
        },
        "validation": {
            "cont_1": {
                "accuracy": [
                    0.8363853503184714
                ],
                "flatness": [
                    0.4732978346318305
                ]
            },