{
    "random_1": {
        "training": {
            "loss": [
                0.39704986400664993
            ],
            "accuracy": [
                0.8737062101910829
            ]
        },
        "validation": {
            "random_1": {
                "accuracy": [
                    0.9767117834394905
                ],
                "flatness": [
                    0.3564255144947387
                ]
            }
        }
    },
    "random_2": {
        "training": {
            "loss": [
                0.2782036198931894
            ],
            "accuracy": [
                0.9103304140127388
            ]
        },
        "validation": {
            "random_2": {
                "accuracy": [
                    0.9738256369426752
                ],
                "flatness": [
                    0.3386290245136559
                ]
            }
        }
    },
    "random_3": {
        "training": {
            "loss": [
                0.5961704983073435
            ],
            "accuracy": [
                0.8156847133757962
            ]
        },
        "validation": {
            "random_3": {
                "accuracy": [
                    0.9656648089171974
                ],
                "flatness": [
                    0.30504405850001887
                ]
            }
        }
    },
    "random_4": {
        "training": {
            "loss": [
                1.014641249635417
            ],
            "accuracy": [
                0.7029259554140127
            ]
        },
        "validation": {
            "random_4": {
                "accuracy": [
                    0.9190883757961783
                ],
                "flatness": [
                    0.3935625344466441
                ]
            }
        }
    },
    "random_5": {
        "training": {
            "loss": [
                1.0268433443300284
            ],
            "accuracy": [
                0.7062101910828026
            ]
        },
        "validation": {
            "random_5": {
                "accuracy": [
                    0.930234872611465
                ],
                "flatness": [
                    0.39926072544652125
                ]
            }
        }
    },
    "cont_1": {
        "training": {
            "loss": [
                0.2967883885666064
            ],
            "accuracy": [
                0.9092356687898089
            ]
        },
        "validation": {
            "cont_1": {
                "accuracy": [
                    0.9547173566878981
                ],
                "flatness": [
                    0.308460075581495
                ]
            },
            "cont_2": {
                "accuracy": [
                    0.8877388535031847
                ],
                "flatness": [
                    0.33006081897314354
                ]
            },
            "cont_3": {
                "accuracy": [
                    0.794187898089172
                ],
                "flatness": [
                    0.35575845897496494
                ]
            },
            "cont_4": {
                "accuracy": [
                    0.6858081210191083
                ],
                "flatness": [
                    0.39728450179532515
                ]
            },
            "cont_5": {
                "accuracy": [
                    0.6962579617834395
                ],
                "flatness": [
                    0.3522176962007176
                ]
            }
        }
    },
    "cont_2": {
        "training": {
            "loss": [
                0.8517500668953938
            ],
            "accuracy": [
                0.7493033439490446
            ]
        },
        "validation": {
            "cont_1": {
                "accuracy": [
                    0.8722133757961783
                ],
                "flatness": [
                    0.35698510970986636
                ]
            },
            "cont_2": {
                "accuracy": [
                    0.9482484076433121
                ],
                "flatness": [
                    0.3513880148630098
                ]
            },
            "cont_3": {
                "accuracy": [
                    0.7590565286624203
                ],
                "flatness": [
                    0.34639012811223635
                ]
            },
            "cont_4": {
                "accuracy": [
                    0.6933718152866242
                ],
                "flatness": [
                    0.30145938001456524
                ]
            },
            "cont_5": {
                "accuracy": [
                    0.6994426751592356
                ],
                "flatness": [
                    0.4582331394056875
                ]
            }
        }
    },
    "cont_3": {
        "training": {
            "loss": [
                0.830280062878967
            ],
            "accuracy": [
                0.7505971337579618
            ]
        },
        "validation": {
            "cont_1": {
                "accuracy": [
                    0.8617635350318471
                ],
                "flatness": [
                    0.3778588755478525
                ]
            },
            "cont_2": {
                "accuracy": [
                    0.8985867834394905
                ],
                "flatness": [
                    0.22444096817858314
                ]
            },
            "cont_3": {
                "accuracy": [
                    0.9260549363057324
                ],
                "flatness": [
                    0.3277933911128047
                ]
            },
            "cont_4": {
                "accuracy": [
                    0.7113853503184714
                ],
                "flatness": [
                    0.45334079509916825
                ]
            },
            "cont_5": {
                "accuracy": [
                    0.7162619426751592
                ],
                "flatness": [
                    0.41246040105090903
                ]
            }
        }
    },
    "cont_4": {
        "training": {
            "loss": [
                1.0554686177308392
            ],
            "accuracy": [
                0.7016321656050956
            ]
        },
        "validation": {
            "cont_1": {
                "accuracy": [
                    0.8507165605095541
                ],
                "flatness": [
                    0.4068261592604035
                ]
            },
            "cont_2": {
                "accuracy": [
                    0.872312898089172
                ],
                "flatness": [
                    0.3719010278788282
                ]
            },
            "cont_3": {
                "accuracy": [
                    0.8746019108280255
                ],
                "flatness": [
                    0.4128664089947545
                ]
            },
            "cont_4": {
                "accuracy": [
                    0.9019705414012739
                ],
                "flatness": [
                    0.36027888182600404
                ]
            },
            "cont_5": {
                "accuracy": [
                    0.7407444267515924
                ],
                "flatness": [
                    0.533300081719062
                ]
            }
        }
    },
    "cont_5": {
        "training": {
            "loss": [
                1.1539496266917817
            ],
            "accuracy": [
                0.6734673566878981
            ]
        },
        "validation": {
            "cont_1": {
                "accuracy": [
                    0.8158837579617835
                ],
                "flatness": [
                    0.46642290861992236
                ]
            },