{
    "random_1": {
        "training": {
            "loss": [
                3.465494254660655
            ],
            "accuracy": [
                0.18746830628803246
            ]
        },
        "validation": {
            "random_1": {
                "accuracy": [
                    0.3998542089189042
                ]
            }
        }
    },
    "random_2": {
        "training": {
            "loss": [
                3.4725599961155087
            ],
            "accuracy": [
                0.19231110548271851
            ]
        },
        "validation": {
            "random_2": {
                "accuracy": [
                    0.4126457910810958
                ]
            }
        }
    },
    "random_3": {
        "training": {
            "loss": [
                3.426111236788922
            ],
            "accuracy": [
                0.20107124745845795
            ]
        },
        "validation": {
            "random_3": {
                "accuracy": [
                    0.40602814401622717
                ]
            }
        }
    },
    "random_4": {
        "training": {
            "loss": [
                3.4161783606720744
            ],
            "accuracy": [
                0.20045638945837777
            ]
        },
        "validation": {
            "random_4": {
                "accuracy": [
                    0.3932492393569579
                ]
            }
        }
    },
    "random_5": {
        "training": {
            "loss": [
                3.457050122910049
            ],
            "accuracy": [
                0.1927104462655998
            ]
        },
        "validation": {
            "random_5": {
                "accuracy": [
                    0.41546019270985896
                ]
            }
        }
    },
    "cont_1": {
        "training": {
            "loss": [
                3.4659148645691165
            ],
            "accuracy": [
                0.1894586714056394
            ]
        },
        "validation": {
            "cont_1": {
                "accuracy": [
                    0.39250760649389477
                ]
            },
            "cont_2": {
                "accuracy": [
                    0.28837474645634936
                ]
            },
            "cont_3": {
                "accuracy": [
                    0.2911004056855583
                ]
            },
            "cont_4": {
                "accuracy": [
                    0.29109406694920986
                ]
            },
            "cont_5": {
                "accuracy": [
                    0.2934520791075051
                ]
            }
        }
    },
    "cont_2": {
        "training": {
            "loss": [
                2.767525208649239
            ],
            "accuracy": [
                0.3276432555841384
            ]
        },
        "validation": {
            "cont_1": {
                "accuracy": [
                    0.4111942190669371
                ]
            },
            "cont_2": {
                "accuracy": [
                    0.5092799188701425
                ]
            },
            "cont_3": {
                "accuracy": [
                    0.3763374746389853
                ]
            },
            "cont_4": {
                "accuracy": [
                    0.3752789046713595
                ]
            },
            "cont_5": {
                "accuracy": [
                    0.3778334178529211
                ]
            }
        }
    },
    "cont_3": {
        "training": {
            "loss": [
                2.5242994032331705
            ],
            "accuracy": [
                0.3790884888438134
            ]
        },
        "validation": {
            "cont_1": {
                "accuracy": [
                    0.410782200811359
                ]
            },
            "cont_2": {
                "accuracy": [
                    0.442241379322435
                ]
            },
            "cont_3": {
                "accuracy": [
                    0.5223377282007713
                ]
            },
            "cont_4": {
                "accuracy": [
                    0.3940289046834497
                ]
            },
            "cont_5": {
                "accuracy": [
                    0.38739858012321515
                ]
            }
        }
    },
    "cont_4": {
        "training": {
            "loss": [
                2.398896772890497
            ],
            "accuracy": [
                0.4076508620629204
            ]
        },
        "validation": {
            "cont_1": {
                "accuracy": [
                    0.4347299695861267
                ]
            },
            "cont_2": {
                "accuracy": [
                    0.4570613590203241
                ]
            },
            "cont_3": {
                "accuracy": [
                    0.4817444219066937
                ]
            },
            "cont_4": {
                "accuracy": [
                    0.5628676470709137
                ]
            },
            "cont_5": {
                "accuracy": [
                    0.42264832657503065
                ]
            }
        }
    },
    "cont_5": {
        "training": {
            "loss": [
                2.3054740800093443
            ],
            "accuracy": [
                0.42514579106900563
            ]
        },
        "validation": {
            "cont_1": {
                "accuracy": [
                    0.453334178511076
                ]
            },
            "cont_2": {
                "accuracy": [
                    0.46913666327995895
                ]
            },
            "cont_3": {
                "accuracy": [
                    0.48459685598377283
                ]
            },
            "cont_4": {
                "accuracy": [
                    0.5113083164662908
                ]
            },
            "cont_5": {
                "accuracy": [
                    0.5962157707971202
                ]
            }
        }
    },
    "training_metrics": {
        "training": {},
        "validation": {
            "cont_1": {
                "accuracy": [
                    0.453334178511076
                ],
                "flatness": [
                    0.5167783493153583
                ]
            },
            "cont_2": {
                "accuracy": [
                    0.46913666327995895
                ],
                "flatness": [
                    0.5121252565876144
                ]
            },
            "cont_3": {
                "accuracy": [
                    0.48459685598377283
                ],
                "flatness": [
                    0.5122450140304712
                ]
            },
            "cont_4": {
                "accuracy": [
                    0.5113083164662908
                ],
                "flatness": [
                    0.4194829659907109
                ]
            },
            "cont_5": {
                "accuracy": [
                    0.5962157707971202
                ],
                "flatness": [
                    0.47107810853815596
                ]
            }
        }
    }
}