{
    "random_1": {
        "training": {
            "loss": [
                3.3433655517338257,
                2.5330678771040263
            ],
            "accuracy": [
                0.20553372210953347,
                0.3518635902636917
            ]
        },
        "validation": {
            "random_1": {
                "accuracy": [
                    0.48580121703853957
                ]
            }
        }
    },
    "random_2": {
        "training": {
            "loss": [
                3.353461959601416,
                2.5487760700753928
            ],
            "accuracy": [
                0.20150862068965517,
                0.3506909229208925
            ]
        },
        "validation": {
            "random_2": {
                "accuracy": [
                    0.44190542596348886
                ]
            }
        }
    },
    "random_3": {
        "training": {
            "loss": [
                3.3707788900961497,
                2.5617239356161856
            ],
            "accuracy": [
                0.20163539553752535,
                0.34967672413793105
            ]
        },
        "validation": {
            "random_3": {
                "accuracy": [
                    0.4741062373225152
                ]
            }
        }
    },
    "random_4": {
        "training": {
            "loss": [
                3.3321692397096334,
                2.5321536360357646
            ],
            "accuracy": [
                0.20997084178498987,
                0.3555717545638945
            ]
        },
        "validation": {
            "random_4": {
                "accuracy": [
                    0.4671336206896552
                ]
            }
        }
    },
    "random_5": {
        "training": {
            "loss": [
                3.332473280886849,
                2.538058716191723
            ],
            "accuracy": [
                0.20572388438133873,
                0.3515149594320487
            ]
        },
        "validation": {
            "random_5": {
                "accuracy": [
                    0.4838362068965517
                ]
            }
        }
    },
    "cont_1": {
        "training": {
            "loss": [
                3.344333372118507,
                2.534009443214409
            ],
            "accuracy": [
                0.2043927484787018,
                0.35490618661257606
            ]
        },
        "validation": {
            "cont_1": {
                "accuracy": [
                    0.4903334178498986
                ]
            },
            "cont_2": {
                "accuracy": [
                    0.34967672413793105
                ]
            },
            "cont_3": {
                "accuracy": [
                    0.3530679513184584
                ]
            },
            "cont_4": {
                "accuracy": [
                    0.354145537525355
                ]
            },
            "cont_5": {
                "accuracy": [
                    0.3530362576064909
                ]
            }
        }
    },
    "cont_2": {
        "training": {
            "loss": [
                2.6050997619454805,
                2.225809892522394
            ],
            "accuracy": [
                0.3444789553752535,
                0.423618154158215
            ]
        },
        "validation": {
            "cont_1": {
                "accuracy": [
                    0.43927484787018256
                ]
            },
            "cont_2": {
                "accuracy": [
                    0.5406313387423936
                ]
            },
            "cont_3": {
                "accuracy": [
                    0.391670892494929
                ]
            },
            "cont_4": {
                "accuracy": [
                    0.39357251521298176
                ]
            },
            "cont_5": {
                "accuracy": [
                    0.392368154158215
                ]
            }
        }
    },
    "cont_3": {
        "training": {
            "loss": [
                2.4381675909426344,
                2.0790874781521533
            ],
            "accuracy": [
                0.37918356997971603,
                0.45689655172413796
            ]
        },
        "validation": {
            "cont_1": {
                "accuracy": [
                    0.4259001014198783
                ]
            },
            "cont_2": {
                "accuracy": [
                    0.4513184584178499
                ]
            },
            "cont_3": {
                "accuracy": [
                    0.5422794117647058
                ]
            },
            "cont_4": {
                "accuracy": [
                    0.3986118154158215
                ]
            },
            "cont_5": {
                "accuracy": [
                    0.39309710953346855
                ]
            }
        }
    },
    "cont_4": {
        "training": {
            "loss": [
                2.320857167274183,
                1.987713717483362
            ],
            "accuracy": [
                0.4061866125760649,
                0.4756909229208925
            ]
        },
        "validation": {
            "cont_1": {
                "accuracy": [
                    0.45867139959432046
                ]
            },
            "cont_2": {
                "accuracy": [
                    0.4749936612576065
                ]
            },
            "cont_3": {
                "accuracy": [
                    0.5079234279918864
                ]
            },
            "cont_4": {
                "accuracy": [
                    0.6090897565922921
                ]
            },
            "cont_5": {
                "accuracy": [
                    0.4338235294117647
                ]
            }
        }
    },
    "cont_5": {
        "training": {
            "loss": [
                2.2825151872622795,
                1.9345473813660004
            ],
            "accuracy": [
                0.41360294117647056,
                0.4858962981744422
            ]
        },
        "validation": {
            "cont_1": {
                "accuracy": [
                    0.47204614604462475
                ]
            },
            "cont_2": {
                "accuracy": [
                    0.4799378803245436
                ]
            },
            "cont_3": {
                "accuracy": [
                    0.4989224137931034
                ]
            },
            "cont_4": {
                "accuracy": [
                    0.523643509127789
                ]
            },
            "cont_5": {
                "accuracy": [
                    0.6185027890466531
                ]
            }
        }
    },
    "training_metrics": {
        "training": {},
        "validation": {
            "cont_1": {
                "accuracy": [
                    0.47204614604462475
                ],
                "flatness": [
                    0.10445071094997238
                ]
            },
            "cont_2": {
                "accuracy": [
                    0.4799378803245436
                ],
                "flatness": [
                    0.2132273004094968
                ]
            },
            "cont_3": {
                "accuracy": [
                    0.4989224137931034
                ],
                "flatness": [
                    0.08490520758339332
                ]
            },
            "cont_4": {
                "accuracy": [
                    0.523643509127789
                ],
                "flatness": [
                    0.1677012223677276
                ]
            },
            "cont_5": {
                "accuracy": [
                    0.6185027890466531
                ],