{
    "random_1": {
        "training": {
            "loss": [
                0.7853368343431738
            ],
            "accuracy": [
                0.7327927215189873
            ]
        },
        "validation": {
            "random_1": {
                "accuracy": [
                    0.9454113924050633
                ]
            }
        }
    },
    "random_2": {
        "training": {
            "loss": [
                0.8025893501088589
            ],
            "accuracy": [
                0.7304193037974683
            ]
        },
        "validation": {
            "random_2": {
                "accuracy": [
                    0.9380933544303798
                ]
            }
        }
    },
    "random_3": {
        "training": {
            "loss": [
                0.8310224353512631
            ],
            "accuracy": [
                0.7155854430379747
            ]
        },
        "validation": {
            "random_3": {
                "accuracy": [
                    0.9357199367088608
                ]
            }
        }
    },
    "random_4": {
        "training": {
            "loss": [
                0.819796786278109
            ],
            "accuracy": [
                0.7225079113924051
            ]
        },
        "validation": {
            "random_4": {
                "accuracy": [
                    0.9473892405063291
                ]
            }
        }
    },
    "random_5": {
        "training": {
            "loss": [
                0.8079847995238968
            ],
            "accuracy": [
                0.7302215189873418
            ]
        },
        "validation": {
            "random_5": {
                "accuracy": [
                    0.9365110759493671
                ]
            }
        }
    },
    "random_6": {
        "training": {
            "loss": [
                0.8206411766100533
            ],
            "accuracy": [
                0.712618670886076
            ]
        },
        "validation": {
            "random_6": {
                "accuracy": [
                    0.9424446202531646
                ]
            }
        }
    },
    "random_7": {
        "training": {
            "loss": [
                0.8233079012436203
            ],
            "accuracy": [
                0.7219145569620253
            ]
        },
        "validation": {
            "random_7": {
                "accuracy": [
                    0.9347310126582279
                ]
            }
        }
    },
    "random_8": {
        "training": {
            "loss": [
                0.8097657270823853
            ],
            "accuracy": [
                0.7147943037974683
            ]
        },
        "validation": {
            "random_8": {
                "accuracy": [
                    0.9382911392405063
                ]
            }
        }
    },
    "random_9": {
        "training": {
            "loss": [
                0.8176714845850498
            ],
            "accuracy": [
                0.7256724683544303
            ]
        },
        "validation": {
            "random_9": {
                "accuracy": [
                    0.9299841772151899
                ]
            }
        }
    },
    "random_10": {
        "training": {
            "loss": [
                0.8176175423815281
            ],
            "accuracy": [
                0.7193433544303798
            ]
        },
        "validation": {
            "random_10": {
                "accuracy": [
                    0.9410601265822784
                ]
            }
        }
    },
    "cont_1": {
        "training": {
            "loss": [
                0.8084979391173471
            ],
            "accuracy": [
                0.7260680379746836
            ]
        },
        "validation": {
            "cont_1": {
                "accuracy": [
                    0.9499604430379747
                ]
            },
            "cont_2": {
                "accuracy": [
                    0.8435522151898734
                ]
            },
            "cont_3": {
                "accuracy": [
                    0.8393987341772152
                ]
            },
            "cont_4": {
                "accuracy": [
                    0.8433544303797469
                ]
            },
            "cont_5": {
                "accuracy": [
                    0.8431566455696202
                ]
            },
            "cont_6": {
                "accuracy": [
                    0.8354430379746836
                ]
            },
            "cont_7": {
                "accuracy": [
                    0.8403876582278481
                ]
            },
            "cont_8": {
                "accuracy": [
                    0.8301028481012658
                ]
            },
            "cont_9": {
                "accuracy": [
                    0.8374208860759493
                ]
            },
            "cont_10": {
                "accuracy": [
                    0.834256329113924
                ]
            }
        }
    },
    "cont_2": {
        "training": {
            "loss": [
                0.45724739794489705
            ],
            "accuracy": [
                0.8465189873417721
            ]
        },
        "validation": {
            "cont_1": {
                "accuracy": [
                    0.9076344936708861
                ]
            },
            "cont_2": {
                "accuracy": [
                    0.9661787974683544
                ]
            },
            "cont_3": {
                "accuracy": [
                    0.8657041139240507
                ]
            },
            "cont_4": {
                "accuracy": [
                    0.8704509493670886
                ]
            },
            "cont_5": {
                "accuracy": [
                    0.866495253164557
                ]
            },
            "cont_6": {
                "accuracy": [
                    0.8696598101265823
                ]
            },
            "cont_7": {
                "accuracy": [
                    0.8680775316455697
                ]
            },
            "cont_8": {
                "accuracy": [
                    0.8660996835443038
                ]
            },
            "cont_9": {
                "accuracy": [
                    0.8662974683544303
                ]
            },
            "cont_10": {
                "accuracy": [
                    0.8659018987341772
                ]
            }
        }
    },
    "cont_3": {
        "training": {
            "loss": [
                0.3982463324371773
            ],
            "accuracy": [
                0.8587816455696202
            ]
        },
        "validation": {
            "cont_1": {
                "accuracy": [
                    0.921875
                ]
            },
            "cont_2": {
                "accuracy": [
                    0.9489715189873418
                ]
            },
            "cont_3": {
                "accuracy": [
                    0.9812104430379747
                ]
            },
            "cont_4": {
                "accuracy": [
                    0.8961629746835443
                ]
            },
            "cont_5": {
                "accuracy": [
                    0.8999208860759493
                ]
            },
            "cont_6": {
                "accuracy": [
                    0.8985363924050633
                ]
            },
            "cont_7": {
                "accuracy": [
                    0.8949762658227848
                ]
            },
            "cont_8": {
                "accuracy": [
                    0.8955696202531646
                ]
            },
            "cont_9": {
                "accuracy": [
                    0.8985363924050633
                ]
            },