{
    "random_1": {
        "training": {
            "loss": [
                0.06236793018230919
            ],
            "accuracy": [
                0.9799960191082803
            ]
        },
        "validation": {
            "random_1": {
                "accuracy": [
                    0.9921377388535032
                ],
                "flatness": [
                    0.8058278172816612
                ]
            }
        }
    },
    "random_2": {
        "training": {
            "loss": [
                0.09558077623688016
            ],
            "accuracy": [
                0.966859076433121
            ]
        },
        "validation": {
            "random_2": {
                "accuracy": [
                    0.9929339171974523
                ],
                "flatness": [
                    0.7339360545725123
                ]
            }
        }
    },
    "random_3": {
        "training": {
            "loss": [
                0.15095177527730633
            ],
            "accuracy": [
                0.9479498407643312
            ]
        },
        "validation": {
            "random_3": {
                "accuracy": [
                    0.987062101910828
                ],
                "flatness": [
                    0.6836101034471743
                ]
            }
        }
    },
    "random_4": {
        "training": {
            "loss": [
                0.1474568182365245
            ],
            "accuracy": [
                0.9507364649681529
            ]
        },
        "validation": {
            "random_4": {
                "accuracy": [
                    0.9894506369426752
                ],
                "flatness": [
                    0.7258999708791872
                ]
            }
        }
    },
    "random_5": {
        "training": {
            "loss": [
                0.12940284937240515
            ],
            "accuracy": [
                0.9563097133757962
            ]
        },
        "validation": {
            "random_5": {
                "accuracy": [
                    0.9913415605095541
                ],
                "flatness": [
                    0.7079264139126203
                ]
            }
        }
    },
    "cont_1": {
        "training": {
            "loss": [
                0.05302598950776396
            ],
            "accuracy": [
                0.9833797770700637
            ]
        },
        "validation": {
            "cont_1": {
                "accuracy": [
                    0.9891520700636943
                ],
                "flatness": [
                    0.7826700378296685
                ]
            },
            "cont_2": {
                "accuracy": [
                    0.9617834394904459
                ],
                "flatness": [
                    0.7596970723806233
                ]
            },
            "cont_3": {
                "accuracy": [
                    0.940187101910828
                ],
                "flatness": [
                    0.7763581040524624
                ]
            },
            "cont_4": {
                "accuracy": [
                    0.9463574840764332
                ],
                "flatness": [
                    0.8444797032813893
                ]
            },
            "cont_5": {
                "accuracy": [
                    0.948546974522293
                ],
                "flatness": [
                    0.7842587352837137
                ]
            }
        }
    },
    "cont_2": {
        "training": {
            "loss": [
                0.15776025046517325
            ],
            "accuracy": [
                0.9477507961783439
            ]
        },
        "validation": {
            "cont_1": {
                "accuracy": [
                    0.9809912420382165
                ],
                "flatness": [
                    0.7480077613617908
                ]
            },
            "cont_2": {
                "accuracy": [
                    0.98546974522293
                ],
                "flatness": [
                    0.7245909924748882
                ]
            },
            "cont_3": {
                "accuracy": [
                    0.9433718152866242
                ],
                "flatness": [
                    0.7365948418598032
                ]
            },
            "cont_4": {
                "accuracy": [
                    0.9454617834394905
                ],
                "flatness": [
                    0.6567971063664084
                ]
            },
            "cont_5": {
                "accuracy": [
                    0.9476512738853503
                ],
                "flatness": [
                    0.7848351194587633
                ]
            }
        }
    },
    "cont_3": {
        "training": {
            "loss": [
                0.20085696166582928
            ],
            "accuracy": [
                0.9298367834394905
            ]
        },
        "validation": {
            "cont_1": {
                "accuracy": [
                    0.9785031847133758
                ],
                "flatness": [
                    0.7430833000395722
                ]
            },
            "cont_2": {
                "accuracy": [
                    0.9783041401273885
                ],
                "flatness": [
                    0.7319745679546834
                ]
            },
            "cont_3": {
                "accuracy": [
                    0.98328025477707
                ],
                "flatness": [
                    0.772366903137099
                ]
            },
            "cont_4": {
                "accuracy": [
                    0.9489450636942676
                ],
                "flatness": [
                    0.7898573680641642
                ]
            },
            "cont_5": {
                "accuracy": [
                    0.9511345541401274
                ],
                "flatness": [
                    0.8256176105987032
                ]
            }
        }
    },
    "cont_4": {
        "training": {
            "loss": [
                0.18267864522755525
            ],
            "accuracy": [
                0.9362062101910829
            ]
        },
        "validation": {
            "cont_1": {
                "accuracy": [
                    0.958797770700637
                ],
                "flatness": [
                    0.7615331122062006
                ]
            },
            "cont_2": {
                "accuracy": [
                    0.9594944267515924
                ],
                "flatness": [
                    0.7448584188849658
                ]
            },
            "cont_3": {
                "accuracy": [
                    0.960390127388535
                ],
                "flatness": [
                    0.7386321259039054
                ]
            },
            "cont_4": {
                "accuracy": [
                    0.98328025477707
                ],
                "flatness": [
                    0.7110288469873459
                ]
            },
            "cont_5": {
                "accuracy": [
                    0.9351114649681529
                ],
                "flatness": [
                    0.7422661253166686
                ]
            }
        }
    },
    "cont_5": {
        "training": {
            "loss": [
                0.1847759454635678
            ],
            "accuracy": [
                0.932921974522293
            ]
        },
        "validation": {
            "cont_1": {
                "accuracy": [
                    0.9682523885350318
                ],
                "flatness": [
                    0.7094773367235699
                ]
            },