{
    "random_1": {
        "training": {
            "loss": [
                0.7245875695083714
            ],
            "accuracy": [
                0.7541534810126582
            ]
        },
        "validation": {
            "random_1": {
                "accuracy": [
                    0.9444224683544303
                ]
            }
        }
    },
    "random_2": {
        "training": {
            "loss": [
                0.7386979888888854
            ],
            "accuracy": [
                0.7529667721518988
            ]
        },
        "validation": {
            "random_2": {
                "accuracy": [
                    0.9638053797468354
                ]
            }
        }
    },
    "random_3": {
        "training": {
            "loss": [
                0.7193637422368496
            ],
            "accuracy": [
                0.7577136075949367
            ]
        },
        "validation": {
            "random_3": {
                "accuracy": [
                    0.961629746835443
                ]
            }
        }
    },
    "random_4": {
        "training": {
            "loss": [
                0.7156617483006248
            ],
            "accuracy": [
                0.7587025316455697
            ]
        },
        "validation": {
            "random_4": {
                "accuracy": [
                    0.9515427215189873
                ]
            }
        }
    },
    "random_5": {
        "training": {
            "loss": [
                0.7521672218660765
            ],
            "accuracy": [
                0.7462420886075949
            ]
        },
        "validation": {
            "random_5": {
                "accuracy": [
                    0.9628164556962026
                ]
            }
        }
    },
    "random_6": {
        "training": {
            "loss": [
                0.7110834947869747
            ],
            "accuracy": [
                0.7618670886075949
            ]
        },
        "validation": {
            "random_6": {
                "accuracy": [
                    0.9622231012658228
                ]
            }
        }
    },
    "random_7": {
        "training": {
            "loss": [
                0.7320822875333738
            ],
            "accuracy": [
                0.7521756329113924
            ]
        },
        "validation": {
            "random_7": {
                "accuracy": [
                    0.9610363924050633
                ]
            }
        }
    },
    "random_8": {
        "training": {
            "loss": [
                0.7437290427616879
            ],
            "accuracy": [
                0.7498022151898734
            ]
        },
        "validation": {
            "random_8": {
                "accuracy": [
                    0.9624208860759493
                ]
            }
        }
    },
    "random_9": {
        "training": {
            "loss": [
                0.739187757802915
            ],
            "accuracy": [
                0.7494066455696202
            ]
        },
        "validation": {
            "random_9": {
                "accuracy": [
                    0.9458069620253164
                ]
            }
        }
    },
    "random_10": {
        "training": {
            "loss": [
                0.7209035007259513
            ],
            "accuracy": [
                0.7600870253164557
            ]
        },
        "validation": {
            "random_10": {
                "accuracy": [
                    0.9653876582278481
                ]
            }
        }
    },
    "cont_1": {
        "training": {
            "loss": [
                0.7489613890647888
            ],
            "accuracy": [
                0.7377373417721519
            ]
        },
        "validation": {
            "cont_1": {
                "accuracy": [
                    0.9582674050632911
                ]
            },
            "cont_2": {
                "accuracy": [
                    0.8548259493670886
                ]
            },
            "cont_3": {
                "accuracy": [
                    0.8704509493670886
                ]
            },
            "cont_4": {
                "accuracy": [
                    0.8676819620253164
                ]
            },
            "cont_5": {
                "accuracy": [
                    0.8597705696202531
                ]
            },
            "cont_6": {
                "accuracy": [
                    0.8589794303797469
                ]
            },
            "cont_7": {
                "accuracy": [
                    0.8587816455696202
                ]
            },
            "cont_8": {
                "accuracy": [
                    0.8643196202531646
                ]
            },
            "cont_9": {
                "accuracy": [
                    0.8643196202531646
                ]
            },
            "cont_10": {
                "accuracy": [
                    0.8680775316455697
                ]
            }
        }
    },
    "cont_2": {
        "training": {
            "loss": [
                0.40414721150941485
            ],
            "accuracy": [
                0.8653085443037974
            ]
        },
        "validation": {
            "cont_1": {
                "accuracy": [
                    0.9378955696202531
                ]
            },
            "cont_2": {
                "accuracy": [
                    0.9806170886075949
                ]
            },
            "cont_3": {
                "accuracy": [
                    0.8939873417721519
                ]
            },
            "cont_4": {
                "accuracy": [
                    0.8926028481012658
                ]
            },
            "cont_5": {
                "accuracy": [
                    0.8878560126582279
                ]
            },
            "cont_6": {
                "accuracy": [
                    0.8947784810126582
                ]
            },
            "cont_7": {
                "accuracy": [
                    0.8955696202531646
                ]
            },
            "cont_8": {
                "accuracy": [
                    0.8886471518987342
                ]
            },
            "cont_9": {
                "accuracy": [
                    0.896756329113924
                ]
            },
            "cont_10": {
                "accuracy": [
                    0.8985363924050633
                ]
            }
        }
    },
    "cont_3": {
        "training": {
            "loss": [
                0.3441771347122856
            ],
            "accuracy": [
                0.8825158227848101
            ]
        },
        "validation": {
            "cont_1": {
                "accuracy": [
                    0.9337420886075949
                ]
            },
            "cont_2": {
                "accuracy": [
                    0.9517405063291139
                ]
            },
            "cont_3": {
                "accuracy": [
                    0.9754746835443038
                ]
            },
            "cont_4": {
                "accuracy": [
                    0.899129746835443
                ]
            },
            "cont_5": {
                "accuracy": [
                    0.8961629746835443
                ]
            },
            "cont_6": {
                "accuracy": [
                    0.900118670886076
                ]
            },
            "cont_7": {
                "accuracy": [
                    0.8985363924050633
                ]
            },
            "cont_8": {
                "accuracy": [
                    0.9048655063291139
                ]
            },