{
    "joint_training": {
        "training": {
            "loss": [
                0.445271585803479
            ],
            "accuracy": [
                0.8493333333333334
            ]
        },
        "validation": {
            "cont_1": {
                "accuracy": [
                    0.9020833333333333
                ],
                "flatness": [
                    0.45099307159353347
                ]
            },
            "cont_2": {
                "accuracy": [
                    0.8998333333333334
                ],
                "flatness": [
                    0.392294869420263
                ]
            },
            "cont_3": {
                "accuracy": [
                    0.9040833333333333
                ],
                "flatness": [
                    0.29827633883307214
                ]
            },
            "cont_4": {
                "accuracy": [
                    0.9018333333333334
                ],
                "flatness": [
                    0.3010534097209388
                ]
            },
            "cont_5": {
                "accuracy": [
                    0.9036666666666666
                ],
                "flatness": [
                    0.4146071560309849
                ]
            }
        }
    }
}