{
    "random_1": {
        "training": {
            "loss": [
                0.5627138355970382
            ],
            "accuracy": [
                0.8105
            ]
        },
        "validation": {
            "random_1": {
                "accuracy": [
                    0.8950833333333333
                ]
            }
        }
    },
    "random_2": {
        "training": {
            "loss": [
                0.5488436809976895
            ],
            "accuracy": [
                0.8094166666666667
            ]
        },
        "validation": {
            "random_2": {
                "accuracy": [
                    0.8515833333333334
                ]
            }
        }
    },
    "random_3": {
        "training": {
            "loss": [
                0.5549982347091039
            ],
            "accuracy": [
                0.80825
            ]
        },
        "validation": {
            "random_3": {
                "accuracy": [
                    0.88825
                ]
            }
        }
    },
    "random_4": {
        "training": {
            "loss": [
                0.561692334830761
            ],
            "accuracy": [
                0.80875
            ]
        },
        "validation": {
            "random_4": {
                "accuracy": [
                    0.9089166666666667
                ]
            }
        }
    },
    "random_5": {
        "training": {
            "loss": [
                0.5387510313193004
            ],
            "accuracy": [
                0.8156666666666667
            ]
        },
        "validation": {
            "random_5": {
                "accuracy": [
                    0.849
                ]
            }
        }
    },
    "cont_1": {
        "training": {
            "loss": [
                0.5597572340369225
            ],
            "accuracy": [
                0.8074166666666667
            ]
        },
        "validation": {
            "cont_1": {
                "accuracy": [
                    0.8755
                ]
            },
            "cont_2": {
                "accuracy": [
                    0.8331666666666667
                ]
            },
            "cont_3": {
                "accuracy": [
                    0.8329166666666666
                ]
            },
            "cont_4": {
                "accuracy": [
                    0.8399166666666666
                ]
            },
            "cont_5": {
                "accuracy": [
                    0.8385
                ]
            }
        }
    },
    "cont_2": {
        "training": {
            "loss": [
                0.39801171140869457
            ],
            "accuracy": [
                0.86475
            ]
        },
        "validation": {
            "cont_1": {
                "accuracy": [
                    0.8959166666666667
                ]
            },
            "cont_2": {
                "accuracy": [
                    0.9188333333333333
                ]
            },
            "cont_3": {
                "accuracy": [
                    0.875
                ]
            },
            "cont_4": {
                "accuracy": [
                    0.8776666666666667
                ]
            },
            "cont_5": {
                "accuracy": [
                    0.8744166666666666
                ]
            }
        }
    },
    "cont_3": {
        "training": {
            "loss": [
                0.34409139585494997
            ],
            "accuracy": [
                0.8844166666666666
            ]
        },
        "validation": {
            "cont_1": {
                "accuracy": [
                    0.8950833333333333
                ]
            },
            "cont_2": {
                "accuracy": [
                    0.9013333333333333
                ]
            },
            "cont_3": {
                "accuracy": [
                    0.9275
                ]
            },
            "cont_4": {
                "accuracy": [
                    0.879
                ]
            },
            "cont_5": {
                "accuracy": [
                    0.8836666666666667
                ]
            }
        }
    },
    "cont_4": {
        "training": {
            "loss": [
                0.3112510319948196
            ],
            "accuracy": [
                0.8934166666666666
            ]
        },
        "validation": {
            "cont_1": {
                "accuracy": [
                    0.8731666666666666
                ]
            },
            "cont_2": {
                "accuracy": [
                    0.881
                ]
            },
            "cont_3": {
                "accuracy": [
                    0.8841666666666667
                ]
            },
            "cont_4": {
                "accuracy": [
                    0.9025833333333333
                ]
            },
            "cont_5": {
                "accuracy": [
                    0.8644166666666667
                ]
            }
        }
    },
    "cont_5": {
        "training": {
            "loss": [
                0.2989447845319907
            ],
            "accuracy": [
                0.89975
            ]
        },
        "validation": {
            "cont_1": {
                "accuracy": [
                    0.8875
                ]
            },
            "cont_2": {
                "accuracy": [
                    0.8956666666666667
                ]
            },
            "cont_3": {
                "accuracy": [
                    0.9005
                ]
            },
            "cont_4": {
                "accuracy": [
                    0.9003333333333333
                ]
            },
            "cont_5": {
                "accuracy": [
                    0.9260833333333334
                ]
            }
        }
    },
    "training_metrics": {
        "training": {},
        "validation": {
            "cont_1": {
                "accuracy": [
                    0.8875
                ],
                "flatness": [
                    0.5127872498146776
                ]
            },
            "cont_2": {
                "accuracy": [
                    0.8956666666666667
                ],
                "flatness": [
                    0.41739711672183805
                ]
            },
            "cont_3": {
                "accuracy": [
                    0.9005
                ],
                "flatness": [
                    0.504105906075572
                ]
            },
            "cont_4": {
                "accuracy": [
                    0.9003333333333333
                ],
                "flatness": [
                    0.5210058652740701
                ]
            },
            "cont_5": {
                "accuracy": [
                    0.9260833333333334
                ],
                "flatness": [
                    0.47188688449279415
                ]
            }
        }
    }
}