{
    "random_1": {
        "training": {
            "loss": [
                0.49100269424839144
            ],
            "accuracy": [
                0.8519369009584664
            ]
        },
        "validation": {
            "random_1": {
                "accuracy": [
                    0.9563698083067093
                ],
                "flatness": [
                    0.4194735880572084
                ]
            }
        }
    },
    "random_2": {
        "training": {
            "loss": [
                1.363100205557034
            ],
            "accuracy": [
                0.6210063897763578
            ]
        },
        "validation": {
            "random_2": {
                "accuracy": [
                    0.8763977635782748
                ],
                "flatness": [
                    0.45418517885623144
                ]
            }
        }
    },
    "random_3": {
        "training": {
            "loss": [
                1.3596622574443635
            ],
            "accuracy": [
                0.6303913738019169
            ]
        },
        "validation": {
            "random_3": {
                "accuracy": [
                    0.882388178913738
                ],
                "flatness": [
                    0.40329118578864
                ]
            }
        }
    },
    "random_4": {
        "training": {
            "loss": [
                1.3342787010220294
            ],
            "accuracy": [
                0.6272963258785943
            ]
        },
        "validation": {
            "random_4": {
                "accuracy": [
                    0.8660143769968051
                ],
                "flatness": [
                    0.37054631657827997
                ]
            }
        }
    },
    "random_5": {
        "training": {
            "loss": [
                1.3450440655881986
            ],
            "accuracy": [
                0.6299920127795527
            ]
        },
        "validation": {
            "random_5": {
                "accuracy": [
                    0.8871805111821086
                ],
                "flatness": [
                    0.41366123677695255
                ]
            }
        }
    },
    "cont_1": {
        "training": {
            "loss": [
                0.27369184899753846
            ],
            "accuracy": [
                0.919029552715655
            ]
        },
        "validation": {
            "cont_1": {
                "accuracy": [
                    0.9306110223642172
                ],
                "flatness": [
                    0.33873913743160605
                ]
            },
            "cont_2": {
                "accuracy": [
                    0.6123202875399361
                ],
                "flatness": [
                    0.416576308495027
                ]
            },
            "cont_3": {
                "accuracy": [
                    0.6151158146964856
                ],
                "flatness": [
                    0.3899164096737543
                ]
            },
            "cont_4": {
                "accuracy": [
                    0.6171126198083067
                ],
                "flatness": [
                    0.3598537857951788
                ]
            },
            "cont_5": {
                "accuracy": [
                    0.6173123003194888
                ],
                "flatness": [
                    0.37144387837619275
                ]
            }
        }
    },
    "cont_2": {
        "training": {
            "loss": [
                1.3967127030649886
            ],
            "accuracy": [
                0.6234025559105432
            ]
        },
        "validation": {
            "cont_1": {
                "accuracy": [
                    0.8783945686900958
                ],
                "flatness": [
                    0.36621320186406003
                ]
            },
            "cont_2": {
                "accuracy": [
                    0.8876797124600639
                ],
                "flatness": [
                    0.415628866269261
                ]
            },
            "cont_3": {
                "accuracy": [
                    0.676617412140575
                ],
                "flatness": [
                    0.4231758152574886
                ]
            },
            "cont_4": {
                "accuracy": [
                    0.6787140575079872
                ],
                "flatness": [
                    0.43309153427478675
                ]
            },
            "cont_5": {
                "accuracy": [
                    0.6795127795527156
                ],
                "flatness": [
                    0.41821095357037913
                ]
            }
        }
    },
    "cont_3": {
        "training": {
            "loss": [
                1.227459340430677
            ],
            "accuracy": [
                0.6609424920127795
            ]
        },
        "validation": {
            "cont_1": {
                "accuracy": [
                    0.8301717252396166
                ],
                "flatness": [
                    0.43783298256163566
                ]
            },
            "cont_2": {
                "accuracy": [
                    0.8064097444089456
                ],
                "flatness": [
                    0.44007753497585744
                ]
            },
            "cont_3": {
                "accuracy": [
                    0.8942691693290735
                ],
                "flatness": [
                    0.4660754158758513
                ]
            },
            "cont_4": {
                "accuracy": [
                    0.6959864217252396
                ],
                "flatness": [
                    0.4607893415578827
                ]
            },
            "cont_5": {
                "accuracy": [
                    0.6950878594249201
                ],
                "flatness": [
                    0.48217825337546677
                ]
            }
        }
    },
    "cont_4": {
        "training": {
            "loss": [
                1.1129373874717627
            ],
            "accuracy": [
                0.6816094249201278
            ]
        },
        "validation": {
            "cont_1": {
                "accuracy": [
                    0.8234824281150159
                ],
                "flatness": [
                    0.41577427861299715
                ]
            },
            "cont_2": {
                "accuracy": [
                    0.790535143769968
                ],
                "flatness": [
                    0.49264492296034357
                ]
            },
            "cont_3": {
                "accuracy": [
                    0.8374600638977636
                ],
                "flatness": [
                    0.4363547627563185
                ]
            },
            "cont_4": {
                "accuracy": [
                    0.9096445686900958
                ],
                "flatness": [
                    0.34697618263637364
                ]
            },
            "cont_5": {
                "accuracy": [
                    0.713258785942492
                ],
                "flatness": [
                    0.46113171892497196
                ]
            }
        }
    },
    "cont_5": {
        "training": {
            "loss": [
                1.0780718248492231
            ],
            "accuracy": [
                0.6918929712460063
            ]
        },
        "validation": {
            "cont_1": {
                "accuracy": [
                    0.808805910543131
                ],
                "flatness": [
                    0.5568587211455377
                ]
            },