{
    "joint_training": {
        "training": {
            "loss": [
                1.4933980013291042,
                0.9879886487086614
            ],
            "accuracy": [
                0.5815666666666667,
                0.7070833333333333
            ]
        },
        "validation": {
            "cont_1": {
                "accuracy": [
                    0.6741666666666667
                ],
                "flatness": [
                    0.18834168238891413
                ]
            },
            "cont_2": {
                "accuracy": [
                    0.6835
                ],
                "flatness": [
                    0.31041851153120553
                ]
            },
            "cont_3": {
                "accuracy": [
                    0.671
                ],
                "flatness": [
                    0.22550788297121338
                ]
            },
            "cont_4": {
                "accuracy": [
                    0.6846666666666666
                ],
                "flatness": [
                    0.39204632808896633
                ]
            },
            "cont_5": {
                "accuracy": [
                    0.6836666666666666
                ],
                "flatness": [
                    0.258378454669096
                ]
            },
            "cont_6": {
                "accuracy": [
                    0.68
                ],
                "flatness": [
                    0.19978715170278633
                ]
            },
            "cont_7": {
                "accuracy": [
                    0.6788333333333333
                ],
                "flatness": [
                    0.2766937599338391
                ]
            },
            "cont_8": {
                "accuracy": [
                    0.679
                ],
                "flatness": [
                    0.17973412913727618
                ]
            },
            "cont_9": {
                "accuracy": [
                    0.672
                ],
                "flatness": [
                    0.287828947368421
                ]
            },
            "cont_10": {
                "accuracy": [
                    0.673
                ],
                "flatness": [
                    0.23216939078751855
                ]
            }
        }
    }
}