{
    "random_1": {
        "training": {
            "loss": [
                2.1883295590082805
            ],
            "accuracy": [
                0.4394166666666667
            ]
        },
        "validation": {
            "random_1": {
                "accuracy": [
                    0.7890833333333334
                ]
            }
        }
    },
    "random_2": {
        "training": {
            "loss": [
                2.1828505291938782
            ],
            "accuracy": [
                0.44275
            ]
        },
        "validation": {
            "random_2": {
                "accuracy": [
                    0.771
                ]
            }
        }
    },
    "random_3": {
        "training": {
            "loss": [
                2.204107883612315
            ],
            "accuracy": [
                0.4394166666666667
            ]
        },
        "validation": {
            "random_3": {
                "accuracy": [
                    0.7701666666666667
                ]
            }
        }
    },
    "random_4": {
        "training": {
            "loss": [
                2.179640647570292
            ],
            "accuracy": [
                0.4464166666666667
            ]
        },
        "validation": {
            "random_4": {
                "accuracy": [
                    0.7749166666666667
                ]
            }
        }
    },
    "random_5": {
        "training": {
            "loss": [
                2.1806900097529094
            ],
            "accuracy": [
                0.44175
            ]
        },
        "validation": {
            "random_5": {
                "accuracy": [
                    0.7850833333333334
                ]
            }
        }
    },
    "cont_1": {
        "training": {
            "loss": [
                2.1545033802986144
            ],
            "accuracy": [
                0.44633333333333336
            ]
        },
        "validation": {
            "cont_1": {
                "accuracy": [
                    0.78425
                ]
            },
            "cont_2": {
                "accuracy": [
                    0.6203333333333333
                ]
            },
            "cont_3": {
                "accuracy": [
                    0.6180833333333333
                ]
            },
            "cont_4": {
                "accuracy": [
                    0.6189166666666667
                ]
            },
            "cont_5": {
                "accuracy": [
                    0.6219166666666667
                ]
            }
        }
    },
    "cont_2": {
        "training": {
            "loss": [
                1.3123923808733622
            ],
            "accuracy": [
                0.6393333333333333
            ]
        },
        "validation": {
            "cont_1": {
                "accuracy": [
                    0.7371666666666666
                ]
            },
            "cont_2": {
                "accuracy": [
                    0.8471666666666666
                ]
            },
            "cont_3": {
                "accuracy": [
                    0.6735
                ]
            },
            "cont_4": {
                "accuracy": [
                    0.6743333333333333
                ]
            },
            "cont_5": {
                "accuracy": [
                    0.6755
                ]
            }
        }
    },
    "cont_3": {
        "training": {
            "loss": [
                1.1410311216513316
            ],
            "accuracy": [
                0.67625
            ]
        },
        "validation": {
            "cont_1": {
                "accuracy": [
                    0.74525
                ]
            },
            "cont_2": {
                "accuracy": [
                    0.7975
                ]
            },
            "cont_3": {
                "accuracy": [
                    0.8731666666666666
                ]
            },
            "cont_4": {
                "accuracy": [
                    0.7115
                ]
            },
            "cont_5": {
                "accuracy": [
                    0.70925
                ]
            }
        }
    },
    "cont_4": {
        "training": {
            "loss": [
                1.0656189498106639
            ],
            "accuracy": [
                0.69875
            ]
        },
        "validation": {
            "cont_1": {
                "accuracy": [
                    0.76175
                ]
            },
            "cont_2": {
                "accuracy": [
                    0.795
                ]
            },
            "cont_3": {
                "accuracy": [
                    0.8243333333333334
                ]
            },
            "cont_4": {
                "accuracy": [
                    0.8944166666666666
                ]
            },
            "cont_5": {
                "accuracy": [
                    0.7310833333333333
                ]
            }
        }
    },
    "cont_5": {
        "training": {
            "loss": [
                0.9835781982739766
            ],
            "accuracy": [
                0.7194166666666667
            ]
        },
        "validation": {
            "cont_1": {
                "accuracy": [
                    0.7670833333333333
                ]
            },
            "cont_2": {
                "accuracy": [
                    0.7946666666666666
                ]
            },
            "cont_3": {
                "accuracy": [
                    0.8119166666666666
                ]
            },
            "cont_4": {
                "accuracy": [
                    0.8394166666666667
                ]
            },
            "cont_5": {
                "accuracy": [
                    0.9071666666666667
                ]
            }
        }
    },
    "training_metrics": {
        "training": {},
        "validation": {
            "cont_1": {
                "accuracy": [
                    0.7670833333333333
                ],
                "flatness": [
                    0.614511564081306
                ]
            },
            "cont_2": {
                "accuracy": [
                    0.7946666666666666
                ],
                "flatness": [
                    0.5503383300953727
                ]
            },
            "cont_3": {
                "accuracy": [
                    0.8119166666666666
                ],
                "flatness": [
                    0.5349994868110439
                ]
            },
            "cont_4": {
                "accuracy": [
                    0.8394166666666667
                ],
                "flatness": [
                    0.44928600166155486
                ]
            },
            "cont_5": {
                "accuracy": [
                    0.9071666666666667
                ],
                "flatness": [
                    0.5341239834843401
                ]
            }
        }
    }
}