{
    "random_1": {
        "training": {
            "loss": [
                0.06707904313962106
            ],
            "accuracy": [
                0.9760680379746836
            ]
        },
        "validation": {
            "random_1": {
                "accuracy": [
                    0.9881329113924051
                ]
            }
        }
    },
    "random_2": {
        "training": {
            "loss": [
                0.24259233635060395
            ],
            "accuracy": [
                0.9236550632911392
            ]
        },
        "validation": {
            "random_2": {
                "accuracy": [
                    0.9881329113924051
                ]
            }
        }
    },
    "random_3": {
        "training": {
            "loss": [
                0.4033285850965524
            ],
            "accuracy": [
                0.877373417721519
            ]
        },
        "validation": {
            "random_3": {
                "accuracy": [
                    0.9770569620253164
                ]
            }
        }
    },
    "random_4": {
        "training": {
            "loss": [
                0.40046939932847325
            ],
            "accuracy": [
                0.8771756329113924
            ]
        },
        "validation": {
            "random_4": {
                "accuracy": [
                    0.9835838607594937
                ]
            }
        }
    },
    "random_5": {
        "training": {
            "loss": [
                0.40267771708814404
            ],
            "accuracy": [
                0.8706487341772152
            ]
        },
        "validation": {
            "random_5": {
                "accuracy": [
                    0.9790348101265823
                ]
            }
        }
    },
    "random_6": {
        "training": {
            "loss": [
                0.39208985912271693
            ],
            "accuracy": [
                0.8787579113924051
            ]
        },
        "validation": {
            "random_6": {
                "accuracy": [
                    0.9812104430379747
                ]
            }
        }
    },
    "random_7": {
        "training": {
            "loss": [
                0.40345509435179866
            ],
            "accuracy": [
                0.879746835443038
            ]
        },
        "validation": {
            "random_7": {
                "accuracy": [
                    0.9806170886075949
                ]
            }
        }
    },
    "random_8": {
        "training": {
            "loss": [
                0.3795548900018764
            ],
            "accuracy": [
                0.8769778481012658
            ]
        },
        "validation": {
            "random_8": {
                "accuracy": [
                    0.9841772151898734
                ]
            }
        }
    },
    "random_9": {
        "training": {
            "loss": [
                0.39599298563184615
            ],
            "accuracy": [
                0.8777689873417721
            ]
        },
        "validation": {
            "random_9": {
                "accuracy": [
                    0.982001582278481
                ]
            }
        }
    },
    "random_10": {
        "training": {
            "loss": [
                0.39559780872320827
            ],
            "accuracy": [
                0.8753955696202531
            ]
        },
        "validation": {
            "random_10": {
                "accuracy": [
                    0.9816060126582279
                ]
            }
        }
    },
    "cont_1": {
        "training": {
            "loss": [
                0.057447882431052345
            ],
            "accuracy": [
                0.9825949367088608
            ]
        },
        "validation": {
            "cont_1": {
                "accuracy": [
                    0.9859572784810127
                ]
            },
            "cont_2": {
                "accuracy": [
                    0.9258306962025317
                ]
            },
            "cont_3": {
                "accuracy": [
                    0.8767800632911392
                ]
            },
            "cont_4": {
                "accuracy": [
                    0.8805379746835443
                ]
            },
            "cont_5": {
                "accuracy": [
                    0.8827136075949367
                ]
            },
            "cont_6": {
                "accuracy": [
                    0.8870648734177216
                ]
            },
            "cont_7": {
                "accuracy": [
                    0.8848892405063291
                ]
            },
            "cont_8": {
                "accuracy": [
                    0.8892405063291139
                ]
            },
            "cont_9": {
                "accuracy": [
                    0.8807357594936709
                ]
            },
            "cont_10": {
                "accuracy": [
                    0.8825158227848101
                ]
            }
        }
    },
    "cont_2": {
        "training": {
            "loss": [
                0.35154575401846366
            ],
            "accuracy": [
                0.890625
            ]
        },
        "validation": {
            "cont_1": {
                "accuracy": [
                    0.9659810126582279
                ]
            },
            "cont_2": {
                "accuracy": [
                    0.973496835443038
                ]
            },
            "cont_3": {
                "accuracy": [
                    0.8738132911392406
                ]
            },
            "cont_4": {
                "accuracy": [
                    0.882120253164557
                ]
            },
            "cont_5": {
                "accuracy": [
                    0.8827136075949367
                ]
            },
            "cont_6": {
                "accuracy": [
                    0.8937895569620253
                ]
            },
            "cont_7": {
                "accuracy": [
                    0.8848892405063291
                ]
            },
            "cont_8": {
                "accuracy": [
                    0.8874604430379747
                ]
            },
            "cont_9": {
                "accuracy": [
                    0.8817246835443038
                ]
            },
            "cont_10": {
                "accuracy": [
                    0.8825158227848101
                ]
            }
        }
    },
    "cont_3": {
        "training": {
            "loss": [
                0.4156159611442421
            ],
            "accuracy": [
                0.8680775316455697
            ]
        },
        "validation": {
            "cont_1": {
                "accuracy": [
                    0.9630142405063291
                ]
            },
            "cont_2": {
                "accuracy": [
                    0.9487737341772152
                ]
            },
            "cont_3": {
                "accuracy": [
                    0.9665743670886076
                ]
            },
            "cont_4": {
                "accuracy": [
                    0.8854825949367089
                ]
            },
            "cont_5": {
                "accuracy": [
                    0.8854825949367089
                ]
            },
            "cont_6": {
                "accuracy": [
                    0.8926028481012658
                ]
            },
            "cont_7": {
                "accuracy": [
                    0.8935917721518988
                ]
            },
            "cont_8": {
                "accuracy": [
                    0.8874604430379747
                ]
            },