{
    "random_1": {
        "training": {
            "loss": [
                0.5837086988999821
            ],
            "accuracy": [
                0.8041134185303515
            ]
        },
        "validation": {
            "random_1": {
                "accuracy": [
                    0.9482827476038339
                ],
                "flatness": [
                    0.5666081017056221
                ]
            }
        }
    },
    "random_2": {
        "training": {
            "loss": [
                0.5906975145299975
            ],
            "accuracy": [
                0.8005191693290735
            ]
        },
        "validation": {
            "random_2": {
                "accuracy": [
                    0.9461861022364217
                ],
                "flatness": [
                    0.5395839928247336
                ]
            }
        }
    },
    "random_3": {
        "training": {
            "loss": [
                0.5875332961781338
            ],
            "accuracy": [
                0.7972244408945687
            ]
        },
        "validation": {
            "random_3": {
                "accuracy": [
                    0.9342052715654952
                ],
                "flatness": [
                    0.646229427166827
                ]
            }
        }
    },
    "random_4": {
        "training": {
            "loss": [
                0.5939400038018394
            ],
            "accuracy": [
                0.8026158146964856
            ]
        },
        "validation": {
            "random_4": {
                "accuracy": [
                    0.9416932907348243
                ],
                "flatness": [
                    0.42642599660729436
                ]
            }
        }
    },
    "random_5": {
        "training": {
            "loss": [
                0.6138675649897359
            ],
            "accuracy": [
                0.7899361022364217
            ]
        },
        "validation": {
            "random_5": {
                "accuracy": [
                    0.9436900958466453
                ],
                "flatness": [
                    0.5124497460854845
                ]
            }
        }
    },
    "cont_1": {
        "training": {
            "loss": [
                0.5884702716605922
            ],
            "accuracy": [
                0.803314696485623
            ]
        },
        "validation": {
            "cont_1": {
                "accuracy": [
                    0.9460862619808307
                ],
                "flatness": [
                    0.4890625
                ]
            },
            "cont_2": {
                "accuracy": [
                    0.8899760383386581
                ],
                "flatness": [
                    0.6761505777428765
                ]
            },
            "cont_3": {
                "accuracy": [
                    0.886082268370607
                ],
                "flatness": [
                    0.5788295774647887
                ]
            },
            "cont_4": {
                "accuracy": [
                    0.8811900958466453
                ],
                "flatness": [
                    0.5784967709041469
                ]
            },
            "cont_5": {
                "accuracy": [
                    0.878694089456869
                ],
                "flatness": [
                    0.5796954891489603
                ]
            }
        }
    },
    "cont_2": {
        "training": {
            "loss": [
                0.44399825683512245
            ],
            "accuracy": [
                0.8569289137380192
            ]
        },
        "validation": {
            "cont_1": {
                "accuracy": [
                    0.9101437699680511
                ],
                "flatness": [
                    0.5845573716542343
                ]
            },
            "cont_2": {
                "accuracy": [
                    0.952276357827476
                ],
                "flatness": [
                    0.4405561962675614
                ]
            },
            "cont_3": {
                "accuracy": [
                    0.8828873801916933
                ],
                "flatness": [
                    0.46588968675788756
                ]
            },
            "cont_4": {
                "accuracy": [
                    0.8814896166134185
                ],
                "flatness": [
                    0.499864084267754
                ]
            },
            "cont_5": {
                "accuracy": [
                    0.8835862619808307
                ],
                "flatness": [
                    0.60632697740113
                ]
            }
        }
    },
    "cont_3": {
        "training": {
            "loss": [
                0.3796447465975825
            ],
            "accuracy": [
                0.8744009584664537
            ]
        },
        "validation": {
            "cont_1": {
                "accuracy": [
                    0.9067492012779552
                ],
                "flatness": [
                    0.5761912299053072
                ]
            },
            "cont_2": {
                "accuracy": [
                    0.9309105431309904
                ],
                "flatness": [
                    0.7945429804804804
                ]
            },
            "cont_3": {
                "accuracy": [
                    0.9538738019169329
                ],
                "flatness": [
                    0.6885983619426418
                ]
            },
            "cont_4": {
                "accuracy": [
                    0.8906749201277955
                ],
                "flatness": [
                    0.7243015076785113
                ]
            },
            "cont_5": {
                "accuracy": [
                    0.8928714057507987
                ],
                "flatness": [
                    0.6967076204852958
                ]
            }
        }
    },
    "cont_4": {
        "training": {
            "loss": [
                0.3604215975053394
            ],
            "accuracy": [
                0.8779952076677316
            ]
        },
        "validation": {
            "cont_1": {
                "accuracy": [
                    0.9153354632587859
                ],
                "flatness": [
                    0.7118291884816754
                ]
            },
            "cont_2": {
                "accuracy": [
                    0.9230231629392971
                ],
                "flatness": [
                    0.6555394808004328
                ]
            },
            "cont_3": {
                "accuracy": [
                    0.9439896166134185
                ],
                "flatness": [
                    0.6455314648334214
                ]
            },
            "cont_4": {
                "accuracy": [
                    0.9623602236421726
                ],
                "flatness": [
                    0.5830798059964726
                ]
            },
            "cont_5": {
                "accuracy": [
                    0.9023562300319489
                ],
                "flatness": [
                    0.7592968577118833
                ]
            }
        }
    },
    "cont_5": {
        "training": {
            "loss": [
                0.683610770506219
            ],
            "accuracy": [
                0.7642771565495208
            ]
        },
        "validation": {
            "cont_1": {
                "accuracy": [
                    0.8480431309904153
                ],
                "flatness": [
                    0.6888561043089239
                ]
            },