{
    "random_1": {
        "training": {
            "loss": [
                2.078897348721822
            ],
            "accuracy": [
                0.4668333333333333
            ]
        },
        "validation": {
            "random_1": {
                "accuracy": [
                    0.8101666666666667
                ]
            }
        }
    },
    "random_2": {
        "training": {
            "loss": [
                2.0849288813273112
            ],
            "accuracy": [
                0.47291666666666665
            ]
        },
        "validation": {
            "random_2": {
                "accuracy": [
                    0.8128333333333333
                ]
            }
        }
    },
    "random_3": {
        "training": {
            "loss": [
                2.0538482302029926
            ],
            "accuracy": [
                0.4725
            ]
        },
        "validation": {
            "random_3": {
                "accuracy": [
                    0.8150833333333334
                ]
            }
        }
    },
    "random_4": {
        "training": {
            "loss": [
                2.0578635206222535
            ],
            "accuracy": [
                0.47408333333333336
            ]
        },
        "validation": {
            "random_4": {
                "accuracy": [
                    0.81175
                ]
            }
        }
    },
    "random_5": {
        "training": {
            "loss": [
                2.058757952372233
            ],
            "accuracy": [
                0.48091666666666666
            ]
        },
        "validation": {
            "random_5": {
                "accuracy": [
                    0.7914166666666667
                ]
            }
        }
    },
    "cont_1": {
        "training": {
            "loss": [
                2.060564885139465
            ],
            "accuracy": [
                0.47041666666666665
            ]
        },
        "validation": {
            "cont_1": {
                "accuracy": [
                    0.79175
                ]
            },
            "cont_2": {
                "accuracy": [
                    0.6266666666666667
                ]
            },
            "cont_3": {
                "accuracy": [
                    0.6376666666666667
                ]
            },
            "cont_4": {
                "accuracy": [
                    0.6335
                ]
            },
            "cont_5": {
                "accuracy": [
                    0.6394166666666666
                ]
            }
        }
    },
    "cont_2": {
        "training": {
            "loss": [
                -3248.135516203721
            ],
            "accuracy": [
                0.2911666666666667
            ]
        },
        "validation": {
            "cont_1": {
                "accuracy": [
                    0.029833333333333333
                ]
            },
            "cont_2": {
                "accuracy": [
                    0.034333333333333334
                ]
            },
            "cont_3": {
                "accuracy": [
                    0.02675
                ]
            },
            "cont_4": {
                "accuracy": [
                    0.02666666666666667
                ]
            },
            "cont_5": {
                "accuracy": [
                    0.027833333333333335
                ]
            }
        }
    },
    "cont_3": {
        "training": {
            "loss": [
                -549.6083543523152
            ],
            "accuracy": [
                0.13216666666666665
            ]
        },
        "validation": {
            "cont_1": {
                "accuracy": [
                    0.16275
                ]
            },
            "cont_2": {
                "accuracy": [
                    0.16441666666666666
                ]
            },
            "cont_3": {
                "accuracy": [
                    0.22208333333333333
                ]
            },
            "cont_4": {
                "accuracy": [
                    0.16791666666666666
                ]
            },
            "cont_5": {
                "accuracy": [
                    0.16675
                ]
            }
        }
    },
    "cont_4": {
        "training": {
            "loss": [
                -25.444732195536297
            ],
            "accuracy": [
                0.20466666666666666
            ]
        },
        "validation": {
            "cont_1": {
                "accuracy": [
                    0.21991666666666668
                ]
            },
            "cont_2": {
                "accuracy": [
                    0.23166666666666666
                ]
            },
            "cont_3": {
                "accuracy": [
                    0.23258333333333334
                ]
            },
            "cont_4": {
                "accuracy": [
                    0.2885
                ]
            },
            "cont_5": {
                "accuracy": [
                    0.21991666666666668
                ]
            }
        }
    },
    "cont_5": {
        "training": {
            "loss": [
                -4.030360376040141
            ],
            "accuracy": [
                0.251
            ]
        },
        "validation": {
            "cont_1": {
                "accuracy": [
                    0.26108333333333333
                ]
            },
            "cont_2": {
                "accuracy": [
                    0.26625
                ]
            },
            "cont_3": {
                "accuracy": [
                    0.2694166666666667
                ]
            },
            "cont_4": {
                "accuracy": [
                    0.28391666666666665
                ]
            },
            "cont_5": {
                "accuracy": [
                    0.3248333333333333
                ]
            }
        }
    },
    "training_metrics": {
        "training": {},
        "validation": {
            "cont_1": {
                "accuracy": [
                    0.26108333333333333
                ],
                "flatness": [
                    0.31687301560636355
                ]
            },
            "cont_2": {
                "accuracy": [
                    0.26625
                ],
                "flatness": [
                    0.29466271312083026
                ]
            },
            "cont_3": {
                "accuracy": [
                    0.2694166666666667
                ],
                "flatness": [
                    0.3656779592036075
                ]
            },
            "cont_4": {
                "accuracy": [
                    0.28391666666666665
                ],
                "flatness": [
                    0.29254785040087744
                ]
            },
            "cont_5": {
                "accuracy": [
                    0.3248333333333333
                ],
                "flatness": [
                    0.1863303718506117
                ]
            }
        }
    }
}