{
    "random_1": {
        "training": {
            "loss": [
                0.47707994177440805
            ],
            "accuracy": [
                0.7866666666666666
            ]
        },
        "validation": {
            "random_1": {
                "accuracy": [
                    0.9005
                ]
            }
        }
    },
    "random_2": {
        "training": {
            "loss": [
                0.4907807598610719
            ],
            "accuracy": [
                0.7756666666666666
            ]
        },
        "validation": {
            "random_2": {
                "accuracy": [
                    0.8473333333333334
                ]
            }
        }
    },
    "random_3": {
        "training": {
            "loss": [
                0.4842559399555127
            ],
            "accuracy": [
                0.7791666666666667
            ]
        },
        "validation": {
            "random_3": {
                "accuracy": [
                    0.8655833333333334
                ]
            }
        }
    },
    "random_4": {
        "training": {
            "loss": [
                0.48088871595760185
            ],
            "accuracy": [
                0.78275
            ]
        },
        "validation": {
            "random_4": {
                "accuracy": [
                    0.88475
                ]
            }
        }
    },
    "random_5": {
        "training": {
            "loss": [
                0.4763684065093597
            ],
            "accuracy": [
                0.7858333333333334
            ]
        },
        "validation": {
            "random_5": {
                "accuracy": [
                    0.82225
                ]
            }
        }
    },
    "cont_1": {
        "training": {
            "loss": [
                0.4892675110548735
            ],
            "accuracy": [
                0.7745
            ]
        },
        "validation": {
            "cont_1": {
                "accuracy": [
                    0.8321666666666667
                ]
            },
            "cont_2": {
                "accuracy": [
                    0.7889166666666667
                ]
            },
            "cont_3": {
                "accuracy": [
                    0.7878333333333334
                ]
            },
            "cont_4": {
                "accuracy": [
                    0.79425
                ]
            },
            "cont_5": {
                "accuracy": [
                    0.79
                ]
            }
        }
    },
    "cont_2": {
        "training": {
            "loss": [
                0.5337654511332512
            ],
            "accuracy": [
                0.8515833333333334
            ]
        },
        "validation": {
            "cont_1": {
                "accuracy": [
                    0.8705833333333334
                ]
            },
            "cont_2": {
                "accuracy": [
                    0.8923333333333333
                ]
            },
            "cont_3": {
                "accuracy": [
                    0.8544166666666667
                ]
            },
            "cont_4": {
                "accuracy": [
                    0.8576666666666667
                ]
            },
            "cont_5": {
                "accuracy": [
                    0.8545833333333334
                ]
            }
        }
    },
    "cont_3": {
        "training": {
            "loss": [
                0.44162559062242507
            ],
            "accuracy": [
                0.8684166666666666
            ]
        },
        "validation": {
            "cont_1": {
                "accuracy": [
                    0.879
                ]
            },
            "cont_2": {
                "accuracy": [
                    0.8875833333333333
                ]
            },
            "cont_3": {
                "accuracy": [
                    0.9068333333333334
                ]
            },
            "cont_4": {
                "accuracy": [
                    0.8680833333333333
                ]
            },
            "cont_5": {
                "accuracy": [
                    0.8661666666666666
                ]
            }
        }
    },
    "cont_4": {
        "training": {
            "loss": [
                0.38680686882138254
            ],
            "accuracy": [
                0.8880833333333333
            ]
        },
        "validation": {
            "cont_1": {
                "accuracy": [
                    0.8264166666666667
                ]
            },
            "cont_2": {
                "accuracy": [
                    0.83325
                ]
            },
            "cont_3": {
                "accuracy": [
                    0.8344166666666667
                ]
            },
            "cont_4": {
                "accuracy": [
                    0.8523333333333334
                ]
            },
            "cont_5": {
                "accuracy": [
                    0.8175833333333333
                ]
            }
        }
    },
    "cont_5": {
        "training": {
            "loss": [
                0.4155227745771408
            ],
            "accuracy": [
                0.8820833333333333
            ]
        },
        "validation": {
            "cont_1": {
                "accuracy": [
                    0.7946666666666666
                ]
            },
            "cont_2": {
                "accuracy": [
                    0.79775
                ]
            },
            "cont_3": {
                "accuracy": [
                    0.7979166666666667
                ]
            },
            "cont_4": {
                "accuracy": [
                    0.8084166666666667
                ]
            },
            "cont_5": {
                "accuracy": [
                    0.8200833333333334
                ]
            }
        }
    },
    "training_metrics": {
        "training": {},
        "validation": {
            "cont_1": {
                "accuracy": [
                    0.7946666666666666
                ],
                "flatness": [
                    0.3544463087248322
                ]
            },
            "cont_2": {
                "accuracy": [
                    0.79775
                ],
                "flatness": [
                    0.48699467251645256
                ]
            },
            "cont_3": {
                "accuracy": [
                    0.7979166666666667
                ],
                "flatness": [
                    0.29953002610966056
                ]
            },
            "cont_4": {
                "accuracy": [
                    0.8084166666666667
                ],
                "flatness": [
                    0.47191011235955055
                ]
            },
            "cont_5": {
                "accuracy": [
                    0.8200833333333334
                ],
                "flatness": [
                    0.40402398130271305
                ]
            }
        }
    }
}