{
    "random_1": {
        "training": {
            "loss": [
                0.18216815524802993
            ],
            "accuracy": [
                0.9365015974440895
            ]
        },
        "validation": {
            "random_1": {
                "accuracy": [
                    0.9765375399361023
                ],
                "flatness": [
                    0.6172157754830794
                ]
            }
        }
    },
    "random_2": {
        "training": {
            "loss": [
                0.3670388922190514
            ],
            "accuracy": [
                0.8789936102236422
            ]
        },
        "validation": {
            "random_2": {
                "accuracy": [
                    0.9633586261980831
                ],
                "flatness": [
                    0.7408164058451654
                ]
            }
        }
    },
    "random_3": {
        "training": {
            "loss": [
                0.342038557457086
            ],
            "accuracy": [
                0.8813897763578274
            ]
        },
        "validation": {
            "random_3": {
                "accuracy": [
                    0.9642571884984026
                ],
                "flatness": [
                    0.7058947245806585
                ]
            }
        }
    },
    "random_4": {
        "training": {
            "loss": [
                0.3685940754370758
            ],
            "accuracy": [
                0.8757987220447284
            ]
        },
        "validation": {
            "random_4": {
                "accuracy": [
                    0.9733426517571885
                ],
                "flatness": [
                    0.6427191250384655
                ]
            }
        }
    },
    "random_5": {
        "training": {
            "loss": [
                0.3506325023195233
            ],
            "accuracy": [
                0.8814896166134185
            ]
        },
        "validation": {
            "random_5": {
                "accuracy": [
                    0.9723442492012779
                ],
                "flatness": [
                    0.7500397884793101
                ]
            }
        }
    },
    "cont_1": {
        "training": {
            "loss": [
                0.1302638751017257
            ],
            "accuracy": [
                0.9564696485623003
            ]
        },
        "validation": {
            "cont_1": {
                "accuracy": [
                    0.97064696485623
                ],
                "flatness": [
                    0.5688457879037235
                ]
            },
            "cont_2": {
                "accuracy": [
                    0.8755990415335463
                ],
                "flatness": [
                    0.5699223204104904
                ]
            },
            "cont_3": {
                "accuracy": [
                    0.8817891373801917
                ],
                "flatness": [
                    0.5160849750905797
                ]
            },
            "cont_4": {
                "accuracy": [
                    0.8802915335463258
                ],
                "flatness": [
                    0.5462501417715776
                ]
            },
            "cont_5": {
                "accuracy": [
                    0.8824880191693291
                ],
                "flatness": [
                    0.5178894671342913
                ]
            }
        }
    },
    "cont_2": {
        "training": {
            "loss": [
                0.4240735843658638
            ],
            "accuracy": [
                0.8642172523961661
            ]
        },
        "validation": {
            "cont_1": {
                "accuracy": [
                    0.963158945686901
                ],
                "flatness": [
                    0.6750654348502125
                ]
            },
            "cont_2": {
                "accuracy": [
                    0.9579672523961661
                ],
                "flatness": [
                    0.6485493746743096
                ]
            },
            "cont_3": {
                "accuracy": [
                    0.911841054313099
                ],
                "flatness": [
                    0.7498994032628927
                ]
            },
            "cont_4": {
                "accuracy": [
                    0.9092452076677316
                ],
                "flatness": [
                    0.720248847040738
                ]
            },
            "cont_5": {
                "accuracy": [
                    0.9079472843450479
                ],
                "flatness": [
                    0.7427898889377611
                ]
            }
        }
    },
    "cont_3": {
        "training": {
            "loss": [
                0.3819738057331917
            ],
            "accuracy": [
                0.8743011182108626
            ]
        },
        "validation": {
            "cont_1": {
                "accuracy": [
                    0.9314097444089456
                ],
                "flatness": [
                    0.7637112766641655
                ]
            },
            "cont_2": {
                "accuracy": [
                    0.9144369009584664
                ],
                "flatness": [
                    0.7825854350911673
                ]
            },
            "cont_3": {
                "accuracy": [
                    0.9495806709265175
                ],
                "flatness": [
                    0.7628778519608874
                ]
            },
            "cont_4": {
                "accuracy": [
                    0.8980630990415336
                ],
                "flatness": [
                    0.8281712062256809
                ]
            },
            "cont_5": {
                "accuracy": [
                    0.8965654952076677
                ],
                "flatness": [
                    0.7121359966592428
                ]
            }
        }
    },
    "cont_4": {
        "training": {
            "loss": [
                0.36657250619020326
            ],
            "accuracy": [
                0.8772963258785943
            ]
        },
        "validation": {
            "cont_1": {
                "accuracy": [
                    0.9194289137380192
                ],
                "flatness": [
                    0.7736629927245087
                ]
            },
            "cont_2": {
                "accuracy": [
                    0.9074480830670927
                ],
                "flatness": [
                    0.7358805974254594
                ]
            },
            "cont_3": {
                "accuracy": [
                    0.922723642172524
                ],
                "flatness": [
                    0.7963008547933347
                ]
            },
            "cont_4": {
                "accuracy": [
                    0.955770766773163
                ],
                "flatness": [
                    0.7413846234200354
                ]
            },
            "cont_5": {
                "accuracy": [
                    0.9031549520766773
                ],
                "flatness": [
                    0.8027415432235243
                ]
            }
        }
    },
    "cont_5": {
        "training": {
            "loss": [
                0.37515368783911957
            ],
            "accuracy": [
                0.8724041533546326
            ]
        },
        "validation": {
            "cont_1": {
                "accuracy": [
                    0.9076477635782748
                ],
                "flatness": [
                    0.6311386261137388
                ]
            },