{
    "random_1": {
        "training": {
            "loss": [
                0.14074104946231641
            ],
            "accuracy": [
                0.9527755591054313
            ]
        },
        "validation": {
            "random_1": {
                "accuracy": [
                    0.9850239616613419
                ],
                "flatness": [
                    0.6807020322319076
                ]
            }
        }
    },
    "random_2": {
        "training": {
            "loss": [
                0.3837706460691869
            ],
            "accuracy": [
                0.8754992012779552
            ]
        },
        "validation": {
            "random_2": {
                "accuracy": [
                    0.979832268370607
                ],
                "flatness": [
                    0.6729468106786225
                ]
            }
        }
    },
    "random_3": {
        "training": {
            "loss": [
                0.37241494050993323
            ],
            "accuracy": [
                0.8772963258785943
            ]
        },
        "validation": {
            "random_3": {
                "accuracy": [
                    0.9753394568690096
                ],
                "flatness": [
                    0.5779237895383356
                ]
            }
        }
    },
    "random_4": {
        "training": {
            "loss": [
                0.37372212090526524
            ],
            "accuracy": [
                0.8812899361022364
            ]
        },
        "validation": {
            "random_4": {
                "accuracy": [
                    0.9785343450479234
                ],
                "flatness": [
                    0.7323213192531374
                ]
            }
        }
    },
    "random_5": {
        "training": {
            "loss": [
                0.38169949588041524
            ],
            "accuracy": [
                0.8729033546325878
            ]
        },
        "validation": {
            "random_5": {
                "accuracy": [
                    0.9673522364217252
                ],
                "flatness": [
                    0.6864743523583445
                ]
            }
        }
    },
    "cont_1": {
        "training": {
            "loss": [
                0.09391424234997602
            ],
            "accuracy": [
                0.9688498402555911
            ]
        },
        "validation": {
            "cont_1": {
                "accuracy": [
                    0.9781349840255591
                ],
                "flatness": [
                    0.7094576145758905
                ]
            },
            "cont_2": {
                "accuracy": [
                    0.8801916932907349
                ],
                "flatness": [
                    0.7040813577586207
                ]
            },
            "cont_3": {
                "accuracy": [
                    0.8870806709265175
                ],
                "flatness": [
                    0.6882653348339899
                ]
            },
            "cont_4": {
                "accuracy": [
                    0.8839856230031949
                ],
                "flatness": [
                    0.5817490682177546
                ]
            },
            "cont_5": {
                "accuracy": [
                    0.8843849840255591
                ],
                "flatness": [
                    0.6486234195077896
                ]
            }
        }
    },
    "cont_2": {
        "training": {
            "loss": [
                0.5310032556708247
            ],
            "accuracy": [
                0.8362619808306709
            ]
        },
        "validation": {
            "cont_1": {
                "accuracy": [
                    0.9512779552715654
                ],
                "flatness": [
                    0.6212859466834593
                ]
            },
            "cont_2": {
                "accuracy": [
                    0.9507787539936102
                ],
                "flatness": [
                    0.6023023206972593
                ]
            },
            "cont_3": {
                "accuracy": [
                    0.8927715654952076
                ],
                "flatness": [
                    0.5493339018116753
                ]
            },
            "cont_4": {
                "accuracy": [
                    0.8983626198083067
                ],
                "flatness": [
                    0.6396185263391866
                ]
            },
            "cont_5": {
                "accuracy": [
                    0.8995607028753994
                ],
                "flatness": [
                    0.6185745005549389
                ]
            }
        }
    },
    "cont_3": {
        "training": {
            "loss": [
                0.3652696476195948
            ],
            "accuracy": [
                0.8788937699680511
            ]
        },
        "validation": {
            "cont_1": {
                "accuracy": [
                    0.9360023961661342
                ],
                "flatness": [
                    0.7180219999999999
                ]
            },
            "cont_2": {
                "accuracy": [
                    0.9251198083067093
                ],
                "flatness": [
                    0.6061292628966113
                ]
            },
            "cont_3": {
                "accuracy": [
                    0.955770766773163
                ],
                "flatness": [
                    0.7276931212785961
                ]
            },
            "cont_4": {
                "accuracy": [
                    0.9041533546325878
                ],
                "flatness": [
                    0.7688045218639576
                ]
            },
            "cont_5": {
                "accuracy": [
                    0.9012579872204473
                ],
                "flatness": [
                    0.7654231749196854
                ]
            }
        }
    },
    "cont_4": {
        "training": {
            "loss": [
                0.30884132980586243
            ],
            "accuracy": [
                0.8923722044728435
            ]
        },
        "validation": {
            "cont_1": {
                "accuracy": [
                    0.9404952076677316
                ],
                "flatness": [
                    0.6707736199575371
                ]
            },
            "cont_2": {
                "accuracy": [
                    0.9224241214057508
                ],
                "flatness": [
                    0.7273210033553414
                ]
            },
            "cont_3": {
                "accuracy": [
                    0.9445886581469649
                ],
                "flatness": [
                    0.7489205686502484
                ]
            },
            "cont_4": {
                "accuracy": [
                    0.9685503194888179
                ],
                "flatness": [
                    0.7713283424389239
                ]
            },
            "cont_5": {
                "accuracy": [
                    0.9119408945686901
                ],
                "flatness": [
                    0.8132123111451719
                ]
            }
        }
    },
    "cont_5": {
        "training": {
            "loss": [
                0.33029919681838527
            ],
            "accuracy": [
                0.8873801916932907
            ]
        },
        "validation": {
            "cont_1": {
                "accuracy": [
                    0.9398961661341853
                ],
                "flatness": [
                    0.7765568568090079
                ]
            },