{
    "random_1": {
        "training": {
            "loss": [
                0.23289116480337163
            ],
            "accuracy": [
                0.9237220447284346
            ]
        },
        "validation": {
            "random_1": {
                "accuracy": [
                    0.9697484025559105
                ],
                "flatness": [
                    0.7560756203026872
                ]
            }
        }
    },
    "random_2": {
        "training": {
            "loss": [
                0.3813722993428715
            ],
            "accuracy": [
                0.8747004792332268
            ]
        },
        "validation": {
            "random_2": {
                "accuracy": [
                    0.963258785942492
                ],
                "flatness": [
                    0.6003789645522388
                ]
            }
        }
    },
    "random_3": {
        "training": {
            "loss": [
                0.3663187362491704
            ],
            "accuracy": [
                0.8759984025559105
            ]
        },
        "validation": {
            "random_3": {
                "accuracy": [
                    0.9702476038338658
                ],
                "flatness": [
                    0.6004829954723194
                ]
            }
        }
    },
    "random_4": {
        "training": {
            "loss": [
                0.3691030253355686
            ],
            "accuracy": [
                0.8783945686900958
            ]
        },
        "validation": {
            "random_4": {
                "accuracy": [
                    0.9653554313099042
                ],
                "flatness": [
                    0.6496554710931843
                ]
            }
        }
    },
    "random_5": {
        "training": {
            "loss": [
                0.3771472063403541
            ],
            "accuracy": [
                0.8735023961661342
            ]
        },
        "validation": {
            "random_5": {
                "accuracy": [
                    0.9649560702875399
                ],
                "flatness": [
                    0.7090267718572167
                ]
            }
        }
    },
    "cont_1": {
        "training": {
            "loss": [
                0.17903355008270888
            ],
            "accuracy": [
                0.9391972843450479
            ]
        },
        "validation": {
            "cont_1": {
                "accuracy": [
                    0.9425918530351438
                ],
                "flatness": [
                    0.6746689969282915
                ]
            },
            "cont_2": {
                "accuracy": [
                    0.8507388178913738
                ],
                "flatness": [
                    0.6159627684544068
                ]
            },
            "cont_3": {
                "accuracy": [
                    0.8504392971246006
                ],
                "flatness": [
                    0.5980365109180559
                ]
            },
            "cont_4": {
                "accuracy": [
                    0.8509384984025559
                ],
                "flatness": [
                    0.7760273671242521
                ]
            },
            "cont_5": {
                "accuracy": [
                    0.8515375399361023
                ],
                "flatness": [
                    0.6413032008441786
                ]
            }
        }
    },
    "cont_2": {
        "training": {
            "loss": [
                0.48703060599085624
            ],
            "accuracy": [
                0.8490415335463258
            ]
        },
        "validation": {
            "cont_1": {
                "accuracy": [
                    0.9597643769968051
                ],
                "flatness": [
                    0.629426947883075
                ]
            },
            "cont_2": {
                "accuracy": [
                    0.8989616613418531
                ],
                "flatness": [
                    0.583789843402932
                ]
            },
            "cont_3": {
                "accuracy": [
                    0.8742012779552716
                ],
                "flatness": [
                    0.6101551793056189
                ]
            },
            "cont_4": {
                "accuracy": [
                    0.8808905750798722
                ],
                "flatness": [
                    0.5769196985152443
                ]
            },
            "cont_5": {
                "accuracy": [
                    0.8775958466453674
                ],
                "flatness": [
                    0.689472411831627
                ]
            }
        }
    },
    "cont_3": {
        "training": {
            "loss": [
                0.40507129555978716
            ],
            "accuracy": [
                0.8673123003194888
            ]
        },
        "validation": {
            "cont_1": {
                "accuracy": [
                    0.9592651757188498
                ],
                "flatness": [
                    0.5481083472106578
                ]
            },
            "cont_2": {
                "accuracy": [
                    0.9015575079872205
                ],
                "flatness": [
                    0.6042061184939092
                ]
            },
            "cont_3": {
                "accuracy": [
                    0.915535143769968
                ],
                "flatness": [
                    0.6284746455834244
                ]
            },
            "cont_4": {
                "accuracy": [
                    0.8870806709265175
                ],
                "flatness": [
                    0.6464321890827238
                ]
            },
            "cont_5": {
                "accuracy": [
                    0.8894768370607029
                ],
                "flatness": [
                    0.7068322763497585
                ]
            }
        }
    },
    "cont_4": {
        "training": {
            "loss": [
                0.3903910310599751
            ],
            "accuracy": [
                0.8705071884984026
            ]
        },
        "validation": {
            "cont_1": {
                "accuracy": [
                    0.9526757188498403
                ],
                "flatness": [
                    0.6035631942988892
                ]
            },
            "cont_2": {
                "accuracy": [
                    0.9000599041533547
                ],
                "flatness": [
                    0.6314683860232945
                ]
            },
            "cont_3": {
                "accuracy": [
                    0.909944089456869
                ],
                "flatness": [
                    0.5969202600394996
                ]
            },
            "cont_4": {
                "accuracy": [
                    0.9164337060702875
                ],
                "flatness": [
                    0.655138086937575
                ]
            },
            "cont_5": {
                "accuracy": [
                    0.8924720447284346
                ],
                "flatness": [
                    0.6884844501622105
                ]
            }
        }
    },
    "cont_5": {
        "training": {
            "loss": [
                0.6482409390683372
            ],
            "accuracy": [
                0.7837460063897763
            ]
        },
        "validation": {
            "cont_1": {
                "accuracy": [
                    0.9030551118210862
                ],
                "flatness": [
                    0.6181274184632394
                ]
            },