{
    "random_1": {
        "training": {
            "loss": [
                0.22533091853340023
            ],
            "accuracy": [
                0.9222244408945687
            ]
        },
        "validation": {
            "random_1": {
                "accuracy": [
                    0.9703474440894568
                ],
                "flatness": [
                    0.7775484874987137
                ]
            }
        }
    },
    "random_2": {
        "training": {
            "loss": [
                0.18782224845641052
            ],
            "accuracy": [
                0.9360023961661342
            ]
        },
        "validation": {
            "random_2": {
                "accuracy": [
                    0.9857228434504792
                ],
                "flatness": [
                    0.7422376683885344
                ]
            }
        }
    },
    "random_3": {
        "training": {
            "loss": [
                0.16695781370190482
            ],
            "accuracy": [
                0.9443889776357828
            ]
        },
        "validation": {
            "random_3": {
                "accuracy": [
                    0.9844249201277955
                ],
                "flatness": [
                    0.6906395791075051
                ]
            }
        }
    },
    "random_4": {
        "training": {
            "loss": [
                0.162328944062463
            ],
            "accuracy": [
                0.9449880191693291
            ]
        },
        "validation": {
            "random_4": {
                "accuracy": [
                    0.9860223642172524
                ],
                "flatness": [
                    0.7770725749291211
                ]
            }
        }
    },
    "random_5": {
        "training": {
            "loss": [
                0.13273143750383332
            ],
            "accuracy": [
                0.9529752396166135
            ]
        },
        "validation": {
            "random_5": {
                "accuracy": [
                    0.985323482428115
                ],
                "flatness": [
                    0.7893188266288378
                ]
            }
        }
    },
    "cont_1": {
        "training": {
            "loss": [
                0.21329557682319095
            ],
            "accuracy": [
                0.9278154952076677
            ]
        },
        "validation": {
            "cont_1": {
                "accuracy": [
                    0.978035143769968
                ],
                "flatness": [
                    0.6645977950183749
                ]
            },
            "cont_2": {
                "accuracy": [
                    0.9385982428115016
                ],
                "flatness": [
                    0.8354796032336985
                ]
            },
            "cont_3": {
                "accuracy": [
                    0.9439896166134185
                ],
                "flatness": [
                    0.8067074299312533
                ]
            },
            "cont_4": {
                "accuracy": [
                    0.9496805111821086
                ],
                "flatness": [
                    0.757656118587048
                ]
            },
            "cont_5": {
                "accuracy": [
                    0.9561701277955271
                ],
                "flatness": [
                    0.7324958233267204
                ]
            }
        }
    },
    "cont_2": {
        "training": {
            "loss": [
                0.1744711491556023
            ],
            "accuracy": [
                0.9405950479233227
            ]
        },
        "validation": {
            "cont_1": {
                "accuracy": [
                    0.9720447284345048
                ],
                "flatness": [
                    0.7655415468364832
                ]
            },
            "cont_2": {
                "accuracy": [
                    0.983426517571885
                ],
                "flatness": [
                    0.765618654822335
                ]
            },
            "cont_3": {
                "accuracy": [
                    0.9524760383386581
                ],
                "flatness": [
                    0.7669156184486373
                ]
            },
            "cont_4": {
                "accuracy": [
                    0.9550718849840255
                ],
                "flatness": [
                    0.778737194229563
                ]
            },
            "cont_5": {
                "accuracy": [
                    0.9615615015974441
                ],
                "flatness": [
                    0.7838405928771675
                ]
            }
        }
    },
    "cont_3": {
        "training": {
            "loss": [
                0.14531739348450456
            ],
            "accuracy": [
                0.9527755591054313
            ]
        },
        "validation": {
            "cont_1": {
                "accuracy": [
                    0.9549720447284346
                ],
                "flatness": [
                    0.7919079979090433
                ]
            },
            "cont_2": {
                "accuracy": [
                    0.961361821086262
                ],
                "flatness": [
                    0.8033038217883476
                ]
            },
            "cont_3": {
                "accuracy": [
                    0.9808306709265175
                ],
                "flatness": [
                    0.7754109833061889
                ]
            },
            "cont_4": {
                "accuracy": [
                    0.9433905750798722
                ],
                "flatness": [
                    0.7803054556037676
                ]
            },
            "cont_5": {
                "accuracy": [
                    0.9461861022364217
                ],
                "flatness": [
                    0.7817156009285638
                ]
            }
        }
    },
    "cont_4": {
        "training": {
            "loss": [
                0.16310438435500899
            ],
            "accuracy": [
                0.9453873801916933
            ]
        },
        "validation": {
            "cont_1": {
                "accuracy": [
                    0.9666533546325878
                ],
                "flatness": [
                    0.8552784806858087
                ]
            },
            "cont_2": {
                "accuracy": [
                    0.9727436102236422
                ],
                "flatness": [
                    0.7750307913373705
                ]
            },
            "cont_3": {
                "accuracy": [
                    0.981629392971246
                ],
                "flatness": [
                    0.7604543836452401
                ]
            },
            "cont_4": {
                "accuracy": [
                    0.9828274760383386
                ],
                "flatness": [
                    0.7875476178382772
                ]
            },
            "cont_5": {
                "accuracy": [
                    0.9593650159744409
                ],
                "flatness": [
                    0.725984753876574
                ]
            }
        }
    },
    "cont_5": {
        "training": {
            "loss": [
                0.18104905876280447
            ],
            "accuracy": [
                0.9399960063897763
            ]
        },
        "validation": {
            "cont_1": {
                "accuracy": [
                    0.952076677316294
                ],
                "flatness": [
                    0.6997450450922817
                ]
            },