{
    "random_1": {
        "training": {
            "loss": [
                0.08226727834560826
            ],
            "accuracy": [
                0.9729034810126582
            ]
        },
        "validation": {
            "random_1": {
                "accuracy": [
                    0.9883306962025317
                ]
            }
        }
    },
    "random_2": {
        "training": {
            "loss": [
                0.12444332470716554
            ],
            "accuracy": [
                0.9606408227848101
            ]
        },
        "validation": {
            "random_2": {
                "accuracy": [
                    0.9922863924050633
                ]
            }
        }
    },
    "random_3": {
        "training": {
            "loss": [
                0.2305682695741895
            ],
            "accuracy": [
                0.9256329113924051
            ]
        },
        "validation": {
            "random_3": {
                "accuracy": [
                    0.9893196202531646
                ]
            }
        }
    },
    "random_4": {
        "training": {
            "loss": [
                0.20682167075574398
            ],
            "accuracy": [
                0.9345332278481012
            ]
        },
        "validation": {
            "random_4": {
                "accuracy": [
                    0.9889240506329114
                ]
            }
        }
    },
    "random_5": {
        "training": {
            "loss": [
                0.17635023444183642
            ],
            "accuracy": [
                0.9416534810126582
            ]
        },
        "validation": {
            "random_5": {
                "accuracy": [
                    0.9881329113924051
                ]
            }
        }
    },
    "random_6": {
        "training": {
            "loss": [
                0.3355938369714761
            ],
            "accuracy": [
                0.8969541139240507
            ]
        },
        "validation": {
            "random_6": {
                "accuracy": [
                    0.9780458860759493
                ]
            }
        }
    },
    "random_7": {
        "training": {
            "loss": [
                0.3235464728897131
            ],
            "accuracy": [
                0.8987341772151899
            ]
        },
        "validation": {
            "random_7": {
                "accuracy": [
                    0.9875395569620253
                ]
            }
        }
    },
    "random_8": {
        "training": {
            "loss": [
                0.3317707648760156
            ],
            "accuracy": [
                0.8928006329113924
            ]
        },
        "validation": {
            "random_8": {
                "accuracy": [
                    0.9675632911392406
                ]
            }
        }
    },
    "random_9": {
        "training": {
            "loss": [
                0.32993225479805016
            ],
            "accuracy": [
                0.8989319620253164
            ]
        },
        "validation": {
            "random_9": {
                "accuracy": [
                    0.9821993670886076
                ]
            }
        }
    },
    "random_10": {
        "training": {
            "loss": [
                0.335217749393439
            ],
            "accuracy": [
                0.8870648734177216
            ]
        },
        "validation": {
            "random_10": {
                "accuracy": [
                    0.9829905063291139
                ]
            }
        }
    },
    "cont_1": {
        "training": {
            "loss": [
                0.06395300353665047
            ],
            "accuracy": [
                0.9766613924050633
            ]
        },
        "validation": {
            "cont_1": {
                "accuracy": [
                    0.979628164556962
                ]
            },
            "cont_2": {
                "accuracy": [
                    0.935126582278481
                ]
            },
            "cont_3": {
                "accuracy": [
                    0.9064477848101266
                ]
            },
            "cont_4": {
                "accuracy": [
                    0.913370253164557
                ]
            },
            "cont_5": {
                "accuracy": [
                    0.9193037974683544
                ]
            },
            "cont_6": {
                "accuracy": [
                    0.8771756329113924
                ]
            },
            "cont_7": {
                "accuracy": [
                    0.8787579113924051
                ]
            },
            "cont_8": {
                "accuracy": [
                    0.8771756329113924
                ]
            },
            "cont_9": {
                "accuracy": [
                    0.8748022151898734
                ]
            },
            "cont_10": {
                "accuracy": [
                    0.8761867088607594
                ]
            }
        }
    },
    "cont_2": {
        "training": {
            "loss": [
                0.13848234142495108
            ],
            "accuracy": [
                0.9511471518987342
            ]
        },
        "validation": {
            "cont_1": {
                "accuracy": [
                    0.9909018987341772
                ]
            },
            "cont_2": {
                "accuracy": [
                    0.9827927215189873
                ]
            },
            "cont_3": {
                "accuracy": [
                    0.9365110759493671
                ]
            },
            "cont_4": {
                "accuracy": [
                    0.9406645569620253
                ]
            },
            "cont_5": {
                "accuracy": [
                    0.9467958860759493
                ]
            },
            "cont_6": {
                "accuracy": [
                    0.9131724683544303
                ]
            },
            "cont_7": {
                "accuracy": [
                    0.9084256329113924
                ]
            },
            "cont_8": {
                "accuracy": [
                    0.9068433544303798
                ]
            },
            "cont_9": {
                "accuracy": [
                    0.9135680379746836
                ]
            },
            "cont_10": {
                "accuracy": [
                    0.9084256329113924
                ]
            }
        }
    },
    "cont_3": {
        "training": {
            "loss": [
                0.2114349873382834
            ],
            "accuracy": [
                0.9276107594936709
            ]
        },
        "validation": {
            "cont_1": {
                "accuracy": [
                    0.9909018987341772
                ]
            },
            "cont_2": {
                "accuracy": [
                    0.9818037974683544
                ]
            },
            "cont_3": {
                "accuracy": [
                    0.9855617088607594
                ]
            },
            "cont_4": {
                "accuracy": [
                    0.948378164556962
                ]
            },
            "cont_5": {
                "accuracy": [
                    0.9558939873417721
                ]
            },
            "cont_6": {
                "accuracy": [
                    0.9220727848101266
                ]
            },
            "cont_7": {
                "accuracy": [
                    0.9163370253164557
                ]
            },
            "cont_8": {
                "accuracy": [
                    0.9200949367088608
                ]
            },