{
    "random_1": {
        "training": {
            "loss": [
                1.5681384042104085
            ],
            "accuracy": [
                0.467
            ]
        },
        "validation": {
            "random_1": {
                "accuracy": [
                    0.8080833333333334
                ]
            }
        }
    },
    "random_2": {
        "training": {
            "loss": [
                1.5538793304761251
            ],
            "accuracy": [
                0.4715
            ]
        },
        "validation": {
            "random_2": {
                "accuracy": [
                    0.807
                ]
            }
        }
    },
    "random_3": {
        "training": {
            "loss": [
                1.5639834845860798
            ],
            "accuracy": [
                0.47275
            ]
        },
        "validation": {
            "random_3": {
                "accuracy": [
                    0.8234166666666667
                ]
            }
        }
    },
    "random_4": {
        "training": {
            "loss": [
                1.5419102636973063
            ],
            "accuracy": [
                0.476
            ]
        },
        "validation": {
            "random_4": {
                "accuracy": [
                    0.8006666666666666
                ]
            }
        }
    },
    "random_5": {
        "training": {
            "loss": [
                1.5385683150291443
            ],
            "accuracy": [
                0.47333333333333333
            ]
        },
        "validation": {
            "random_5": {
                "accuracy": [
                    0.8219166666666666
                ]
            }
        }
    },
    "cont_1": {
        "training": {
            "loss": [
                1.5563428950309754
            ],
            "accuracy": [
                0.4698333333333333
            ]
        },
        "validation": {
            "cont_1": {
                "accuracy": [
                    0.8025833333333333
                ]
            },
            "cont_2": {
                "accuracy": [
                    0.63525
                ]
            },
            "cont_3": {
                "accuracy": [
                    0.6343333333333333
                ]
            },
            "cont_4": {
                "accuracy": [
                    0.631
                ]
            },
            "cont_5": {
                "accuracy": [
                    0.63225
                ]
            }
        }
    },
    "cont_2": {
        "training": {
            "loss": [
                1.1267275031407673
            ],
            "accuracy": [
                0.6646666666666666
            ]
        },
        "validation": {
            "cont_1": {
                "accuracy": [
                    0.7954166666666667
                ]
            },
            "cont_2": {
                "accuracy": [
                    0.8743333333333333
                ]
            },
            "cont_3": {
                "accuracy": [
                    0.7069166666666666
                ]
            },
            "cont_4": {
                "accuracy": [
                    0.7113333333333334
                ]
            },
            "cont_5": {
                "accuracy": [
                    0.702
                ]
            }
        }
    },
    "cont_3": {
        "training": {
            "loss": [
                0.9854962712923686
            ],
            "accuracy": [
                0.69425
            ]
        },
        "validation": {
            "cont_1": {
                "accuracy": [
                    0.7913333333333333
                ]
            },
            "cont_2": {
                "accuracy": [
                    0.836
                ]
            },
            "cont_3": {
                "accuracy": [
                    0.8985833333333333
                ]
            },
            "cont_4": {
                "accuracy": [
                    0.7431666666666666
                ]
            },
            "cont_5": {
                "accuracy": [
                    0.7374166666666667
                ]
            }
        }
    },
    "cont_4": {
        "training": {
            "loss": [
                0.8923457541465759
            ],
            "accuracy": [
                0.71675
            ]
        },
        "validation": {
            "cont_1": {
                "accuracy": [
                    0.7975833333333333
                ]
            },
            "cont_2": {
                "accuracy": [
                    0.8273333333333334
                ]
            },
            "cont_3": {
                "accuracy": [
                    0.8614166666666667
                ]
            },
            "cont_4": {
                "accuracy": [
                    0.9123333333333333
                ]
            },
            "cont_5": {
                "accuracy": [
                    0.7560833333333333
                ]
            }
        }
    },
    "cont_5": {
        "training": {
            "loss": [
                0.8423485128084819
            ],
            "accuracy": [
                0.7375
            ]
        },
        "validation": {
            "cont_1": {
                "accuracy": [
                    0.7914166666666667
                ]
            },
            "cont_2": {
                "accuracy": [
                    0.8191666666666667
                ]
            },
            "cont_3": {
                "accuracy": [
                    0.83125
                ]
            },
            "cont_4": {
                "accuracy": [
                    0.86525
                ]
            },
            "cont_5": {
                "accuracy": [
                    0.9074166666666666
                ]
            }
        }
    },
    "training_metrics": {
        "training": {},
        "validation": {
            "cont_1": {
                "accuracy": [
                    0.7914166666666667
                ],
                "flatness": [
                    0.48962830367484467
                ]
            },
            "cont_2": {
                "accuracy": [
                    0.8191666666666667
                ],
                "flatness": [
                    0.6196123574449858
                ]
            },
            "cont_3": {
                "accuracy": [
                    0.83125
                ],
                "flatness": [
                    0.6246537396121884
                ]
            },
            "cont_4": {
                "accuracy": [
                    0.86525
                ],
                "flatness": [
                    0.5932648002554783
                ]
            },
            "cont_5": {
                "accuracy": [
                    0.9074166666666666
                ],
                "flatness": [
                    0.6528800189471751
                ]
            }
        }
    }
}