{
    "random_1": {
        "training": {
            "loss": [
                0.29541152030729445
            ],
            "accuracy": [
                0.9004592651757188
            ]
        },
        "validation": {
            "random_1": {
                "accuracy": [
                    0.9671525559105432
                ],
                "flatness": [
                    0.6787401930422216
                ]
            }
        }
    },
    "random_2": {
        "training": {
            "loss": [
                0.39863017456124006
            ],
            "accuracy": [
                0.865814696485623
            ]
        },
        "validation": {
            "random_2": {
                "accuracy": [
                    0.9596645367412141
                ],
                "flatness": [
                    0.5375006502288805
                ]
            }
        }
    },
    "random_3": {
        "training": {
            "loss": [
                0.4069695320611183
            ],
            "accuracy": [
                0.8628194888178914
            ]
        },
        "validation": {
            "random_3": {
                "accuracy": [
                    0.9570686900958466
                ],
                "flatness": [
                    0.5699777018568746
                ]
            }
        }
    },
    "random_4": {
        "training": {
            "loss": [
                0.399832174515191
            ],
            "accuracy": [
                0.8649161341853036
            ]
        },
        "validation": {
            "random_4": {
                "accuracy": [
                    0.9465854632587859
                ],
                "flatness": [
                    0.581242089442042
                ]
            }
        }
    },
    "random_5": {
        "training": {
            "loss": [
                0.39469220371434866
            ],
            "accuracy": [
                0.8674121405750799
            ]
        },
        "validation": {
            "random_5": {
                "accuracy": [
                    0.9638578274760383
                ],
                "flatness": [
                    0.7043634762792624
                ]
            }
        }
    },
    "cont_1": {
        "training": {
            "loss": [
                0.2365927576584319
            ],
            "accuracy": [
                0.9167332268370607
            ]
        },
        "validation": {
            "cont_1": {
                "accuracy": [
                    0.9508785942492013
                ],
                "flatness": [
                    0.43442553023939523
                ]
            },
            "cont_2": {
                "accuracy": [
                    0.8691094249201278
                ],
                "flatness": [
                    0.5959764503159104
                ]
            },
            "cont_3": {
                "accuracy": [
                    0.8729033546325878
                ],
                "flatness": [
                    0.6056924110717146
                ]
            },
            "cont_4": {
                "accuracy": [
                    0.867611821086262
                ],
                "flatness": [
                    0.509435414269275
                ]
            },
            "cont_5": {
                "accuracy": [
                    0.8666134185303515
                ],
                "flatness": [
                    0.5014580933179723
                ]
            }
        }
    },
    "cont_2": {
        "training": {
            "loss": [
                0.37973256678150863
            ],
            "accuracy": [
                0.8748003194888179
            ]
        },
        "validation": {
            "cont_1": {
                "accuracy": [
                    0.9433905750798722
                ],
                "flatness": [
                    0.6202693406709705
                ]
            },
            "cont_2": {
                "accuracy": [
                    0.9596645367412141
                ],
                "flatness": [
                    0.6817974927174365
                ]
            },
            "cont_3": {
                "accuracy": [
                    0.8962659744408946
                ],
                "flatness": [
                    0.6367564331068285
                ]
            },
            "cont_4": {
                "accuracy": [
                    0.8975638977635783
                ],
                "flatness": [
                    0.7583460789766407
                ]
            },
            "cont_5": {
                "accuracy": [
                    0.8981629392971247
                ],
                "flatness": [
                    0.6949949977767897
                ]
            }
        }
    },
    "cont_3": {
        "training": {
            "loss": [
                0.3379733946186285
            ],
            "accuracy": [
                0.8867811501597445
            ]
        },
        "validation": {
            "cont_1": {
                "accuracy": [
                    0.9328075079872205
                ],
                "flatness": [
                    0.7269720646473294
                ]
            },
            "cont_2": {
                "accuracy": [
                    0.9371006389776357
                ],
                "flatness": [
                    0.6640328681014277
                ]
            },
            "cont_3": {
                "accuracy": [
                    0.9648562300319489
                ],
                "flatness": [
                    0.7929047237168874
                ]
            },
            "cont_4": {
                "accuracy": [
                    0.902555910543131
                ],
                "flatness": [
                    0.6957238661504425
                ]
            },
            "cont_5": {
                "accuracy": [
                    0.9026557507987221
                ],
                "flatness": [
                    0.8191972680013272
                ]
            }
        }
    },
    "cont_4": {
        "training": {
            "loss": [
                0.33112852571133417
            ],
            "accuracy": [
                0.8935702875399361
            ]
        },
        "validation": {
            "cont_1": {
                "accuracy": [
                    0.9269169329073482
                ],
                "flatness": [
                    0.8262016641533823
                ]
            },
            "cont_2": {
                "accuracy": [
                    0.9325079872204473
                ],
                "flatness": [
                    0.8189440578158458
                ]
            },
            "cont_3": {
                "accuracy": [
                    0.9381988817891374
                ],
                "flatness": [
                    0.7642219591358944
                ]
            },
            "cont_4": {
                "accuracy": [
                    0.9638578274760383
                ],
                "flatness": [
                    0.793726046198467
                ]
            },
            "cont_5": {
                "accuracy": [
                    0.9038538338658147
                ],
                "flatness": [
                    0.7331885838948414
                ]
            }
        }
    },
    "cont_5": {
        "training": {
            "loss": [
                0.4004853789251262
            ],
            "accuracy": [
                0.8615215654952076
            ]
        },
        "validation": {
            "cont_1": {
                "accuracy": [
                    0.9054512779552716
                ],
                "flatness": [
                    0.5286987264306979
                ]
            },