{
    "joint_training": {
        "training": {
            "loss": [
                0.32316202925344306
            ],
            "accuracy": [
                0.8902166666666667
            ]
        },
        "validation": {
            "cont_1": {
                "accuracy": [
                    0.9592752659574468
                ],
                "flatness": [
                    0.7453772205666276
                ]
            },
            "cont_2": {
                "accuracy": [
                    0.952626329787234
                ],
                "flatness": [
                    0.7706073776996363
                ]
            },
            "cont_3": {
                "accuracy": [
                    0.9571143617021277
                ],
                "flatness": [
                    0.8311487312907568
                ]
            },
            "cont_4": {
                "accuracy": [
                    0.9576130319148937
                ],
                "flatness": [
                    0.8008307533318874
                ]
            },
            "cont_5": {
                "accuracy": [
                    0.9587765957446809
                ],
                "flatness": [
                    0.753084167381892
                ]
            },
            "cont_6": {
                "accuracy": [
                    0.9559507978723404
                ],
                "flatness": [
                    0.796029371815932
                ]
            },
            "cont_7": {
                "accuracy": [
                    0.9552859042553191
                ],
                "flatness": [
                    0.7682323971631205
                ]
            },
            "cont_8": {
                "accuracy": [
                    0.9569481382978723
                ],
                "flatness": [
                    0.7895852195653466
                ]
            },
            "cont_9": {
                "accuracy": [
                    0.9584441489361702
                ],
                "flatness": [
                    0.7905264383678832
                ]
            },
            "cont_10": {
                "accuracy": [
                    0.957280585106383
                ],
                "flatness": [
                    0.8292862743801928
                ]
            }
        }
    }
}