{
    "random_1": {
        "training": {
            "loss": [
                0.7841054868849018
            ],
            "accuracy": [
                0.7323971518987342
            ]
        },
        "validation": {
            "random_1": {
                "accuracy": [
                    0.9596518987341772
                ]
            }
        }
    },
    "random_2": {
        "training": {
            "loss": [
                0.765326940749265
            ],
            "accuracy": [
                0.7361550632911392
            ]
        },
        "validation": {
            "random_2": {
                "accuracy": [
                    0.942246835443038
                ]
            }
        }
    },
    "random_3": {
        "training": {
            "loss": [
                0.8060955503318883
            ],
            "accuracy": [
                0.7252768987341772
            ]
        },
        "validation": {
            "random_3": {
                "accuracy": [
                    0.9525316455696202
                ]
            }
        }
    },
    "random_4": {
        "training": {
            "loss": [
                0.8068998293786109
            ],
            "accuracy": [
                0.7312104430379747
            ]
        },
        "validation": {
            "random_4": {
                "accuracy": [
                    0.942246835443038
                ]
            }
        }
    },
    "random_5": {
        "training": {
            "loss": [
                0.7730227580553368
            ],
            "accuracy": [
                0.7375395569620253
            ]
        },
        "validation": {
            "random_5": {
                "accuracy": [
                    0.9618275316455697
                ]
            }
        }
    },
    "random_6": {
        "training": {
            "loss": [
                0.7852897877934613
            ],
            "accuracy": [
                0.7333860759493671
            ]
        },
        "validation": {
            "random_6": {
                "accuracy": [
                    0.9505537974683544
                ]
            }
        }
    },
    "random_7": {
        "training": {
            "loss": [
                0.7813319307339343
            ],
            "accuracy": [
                0.7401107594936709
            ]
        },
        "validation": {
            "random_7": {
                "accuracy": [
                    0.9428401898734177
                ]
            }
        }
    },
    "random_8": {
        "training": {
            "loss": [
                0.7541670195664032
            ],
            "accuracy": [
                0.7501977848101266
            ]
        },
        "validation": {
            "random_8": {
                "accuracy": [
                    0.9572784810126582
                ]
            }
        }
    },
    "random_9": {
        "training": {
            "loss": [
                0.7888394020780732
            ],
            "accuracy": [
                0.7300237341772152
            ]
        },
        "validation": {
            "random_9": {
                "accuracy": [
                    0.953125
                ]
            }
        }
    },
    "random_10": {
        "training": {
            "loss": [
                0.7706942082960394
            ],
            "accuracy": [
                0.7310126582278481
            ]
        },
        "validation": {
            "random_10": {
                "accuracy": [
                    0.9604430379746836
                ]
            }
        }
    },
    "cont_1": {
        "training": {
            "loss": [
                0.7653412084224858
            ],
            "accuracy": [
                0.7379351265822784
            ]
        },
        "validation": {
            "cont_1": {
                "accuracy": [
                    0.9543117088607594
                ]
            },
            "cont_2": {
                "accuracy": [
                    0.841376582278481
                ]
            },
            "cont_3": {
                "accuracy": [
                    0.8433544303797469
                ]
            },
            "cont_4": {
                "accuracy": [
                    0.8403876582278481
                ]
            },
            "cont_5": {
                "accuracy": [
                    0.84375
                ]
            },
            "cont_6": {
                "accuracy": [
                    0.8457278481012658
                ]
            },
            "cont_7": {
                "accuracy": [
                    0.8445411392405063
                ]
            },
            "cont_8": {
                "accuracy": [
                    0.8577927215189873
                ]
            },
            "cont_9": {
                "accuracy": [
                    0.8492879746835443
                ]
            },
            "cont_10": {
                "accuracy": [
                    0.8374208860759493
                ]
            }
        }
    },
    "cont_2": {
        "training": {
            "loss": [
                0.4316092512652844
            ],
            "accuracy": [
                0.8469145569620253
            ]
        },
        "validation": {
            "cont_1": {
                "accuracy": [
                    0.9115901898734177
                ]
            },
            "cont_2": {
                "accuracy": [
                    0.9630142405063291
                ]
            },
            "cont_3": {
                "accuracy": [
                    0.8621439873417721
                ]
            },
            "cont_4": {
                "accuracy": [
                    0.8560126582278481
                ]
            },
            "cont_5": {
                "accuracy": [
                    0.8692642405063291
                ]
            },
            "cont_6": {
                "accuracy": [
                    0.857001582278481
                ]
            },
            "cont_7": {
                "accuracy": [
                    0.8728243670886076
                ]
            },
            "cont_8": {
                "accuracy": [
                    0.8712420886075949
                ]
            },
            "cont_9": {
                "accuracy": [
                    0.8647151898734177
                ]
            },
            "cont_10": {
                "accuracy": [
                    0.865506329113924
                ]
            }
        }
    },
    "cont_3": {
        "training": {
            "loss": [
                0.39757718541954135
            ],
            "accuracy": [
                0.8690664556962026
            ]
        },
        "validation": {
            "cont_1": {
                "accuracy": [
                    0.9305775316455697
                ]
            },
            "cont_2": {
                "accuracy": [
                    0.9576740506329114
                ]
            },
            "cont_3": {
                "accuracy": [
                    0.9810126582278481
                ]
            },
            "cont_4": {
                "accuracy": [
                    0.8920094936708861
                ]
            },
            "cont_5": {
                "accuracy": [
                    0.897745253164557
                ]
            },
            "cont_6": {
                "accuracy": [
                    0.9020965189873418
                ]
            },
            "cont_7": {
                "accuracy": [
                    0.8918117088607594
                ]
            },
            "cont_8": {
                "accuracy": [
                    0.9028876582278481
                ]
            },
            "cont_9": {
                "accuracy": [
                    0.8896360759493671
                ]
            },