{
    "random_1": {
        "training": {
            "loss": [
                0.5537078831904232
            ],
            "accuracy": [
                0.8109025559105432
            ]
        },
        "validation": {
            "random_1": {
                "accuracy": [
                    0.9607627795527156
                ],
                "flatness": [
                    0.661908968097267
                ]
            }
        }
    },
    "random_2": {
        "training": {
            "loss": [
                0.5728434478751006
            ],
            "accuracy": [
                0.8050119808306709
            ]
        },
        "validation": {
            "random_2": {
                "accuracy": [
                    0.9470846645367412
                ],
                "flatness": [
                    0.6176437644950454
                ]
            }
        }
    },
    "random_3": {
        "training": {
            "loss": [
                0.5601413690101225
            ],
            "accuracy": [
                0.808805910543131
            ]
        },
        "validation": {
            "random_3": {
                "accuracy": [
                    0.9505790734824281
                ],
                "flatness": [
                    0.5327755750446382
                ]
            }
        }
    },
    "random_4": {
        "training": {
            "loss": [
                0.5702208834239089
            ],
            "accuracy": [
                0.8077076677316294
            ]
        },
        "validation": {
            "random_4": {
                "accuracy": [
                    0.9570686900958466
                ],
                "flatness": [
                    0.649158277696641
                ]
            }
        }
    },
    "random_5": {
        "training": {
            "loss": [
                0.5794218192323328
            ],
            "accuracy": [
                0.8064097444089456
            ]
        },
        "validation": {
            "random_5": {
                "accuracy": [
                    0.9585662939297125
                ],
                "flatness": [
                    0.6738171805020311
                ]
            }
        }
    },
    "cont_1": {
        "training": {
            "loss": [
                0.5639873558816056
            ],
            "accuracy": [
                0.8134984025559105
            ]
        },
        "validation": {
            "cont_1": {
                "accuracy": [
                    0.9554712460063898
                ],
                "flatness": [
                    0.6698674242424243
                ]
            },
            "cont_2": {
                "accuracy": [
                    0.8792931309904153
                ],
                "flatness": [
                    0.6434945214034291
                ]
            },
            "cont_3": {
                "accuracy": [
                    0.8847843450479234
                ],
                "flatness": [
                    0.5849765854208983
                ]
            },
            "cont_4": {
                "accuracy": [
                    0.8865814696485623
                ],
                "flatness": [
                    0.7241209177927928
                ]
            },
            "cont_5": {
                "accuracy": [
                    0.8852835463258786
                ],
                "flatness": [
                    0.5947953084470508
                ]
            }
        }
    },
    "cont_2": {
        "training": {
            "loss": [
                0.38070155589725263
            ],
            "accuracy": [
                0.8723043130990416
            ]
        },
        "validation": {
            "cont_1": {
                "accuracy": [
                    0.9384984025559105
                ],
                "flatness": [
                    0.7088284574468086
                ]
            },
            "cont_2": {
                "accuracy": [
                    0.9653554313099042
                ],
                "flatness": [
                    0.6866803702554556
                ]
            },
            "cont_3": {
                "accuracy": [
                    0.90435303514377
                ],
                "flatness": [
                    0.725008969971296
                ]
            },
            "cont_4": {
                "accuracy": [
                    0.9017571884984026
                ],
                "flatness": [
                    0.7455062555358725
                ]
            },
            "cont_5": {
                "accuracy": [
                    0.9016573482428115
                ],
                "flatness": [
                    0.8214040527073413
                ]
            }
        }
    },
    "cont_3": {
        "training": {
            "loss": [
                0.31399794602498843
            ],
            "accuracy": [
                0.8926717252396166
            ]
        },
        "validation": {
            "cont_1": {
                "accuracy": [
                    0.9355031948881789
                ],
                "flatness": [
                    0.6948132337246532
                ]
            },
            "cont_2": {
                "accuracy": [
                    0.9428913738019169
                ],
                "flatness": [
                    0.8250469875052943
                ]
            },
            "cont_3": {
                "accuracy": [
                    0.9732428115015974
                ],
                "flatness": [
                    0.7870755539597867
                ]
            },
            "cont_4": {
                "accuracy": [
                    0.9096445686900958
                ],
                "flatness": [
                    0.7813405498847549
                ]
            },
            "cont_5": {
                "accuracy": [
                    0.9091453674121406
                ],
                "flatness": [
                    0.7643682736657149
                ]
            }
        }
    },
    "cont_4": {
        "training": {
            "loss": [
                0.3033856429373875
            ],
            "accuracy": [
                0.8978634185303515
            ]
        },
        "validation": {
            "cont_1": {
                "accuracy": [
                    0.9375998402555911
                ],
                "flatness": [
                    0.8084555691619635
                ]
            },
            "cont_2": {
                "accuracy": [
                    0.9455870607028753
                ],
                "flatness": [
                    0.7307794847428994
                ]
            },
            "cont_3": {
                "accuracy": [
                    0.9593650159744409
                ],
                "flatness": [
                    0.7101051097929025
                ]
            },
            "cont_4": {
                "accuracy": [
                    0.9773362619808307
                ],
                "flatness": [
                    0.7382150883644908
                ]
            },
            "cont_5": {
                "accuracy": [
                    0.9187300319488818
                ],
                "flatness": [
                    0.8171946316018257
                ]
            }
        }
    },
    "cont_5": {
        "training": {
            "loss": [
                0.2799261779711841
            ],
            "accuracy": [
                0.9089456869009584
            ]
        },
        "validation": {
            "cont_1": {
                "accuracy": [
                    0.9262180511182109
                ],
                "flatness": [
                    0.7093699471812008
                ]
            },