{
    "random_1": {
        "training": {
            "loss": [
                0.23235424810919328
            ],
            "accuracy": [
                0.9206269968051118
            ]
        },
        "validation": {
            "random_1": {
                "accuracy": [
                    0.9648562300319489
                ],
                "flatness": [
                    0.5904781922599337
                ]
            }
        }
    },
    "random_2": {
        "training": {
            "loss": [
                0.1790898035670193
            ],
            "accuracy": [
                0.93939696485623
            ]
        },
        "validation": {
            "random_2": {
                "accuracy": [
                    0.9794329073482428
                ],
                "flatness": [
                    0.6999426605504587
                ]
            }
        }
    },
    "random_3": {
        "training": {
            "loss": [
                0.31775631625859885
            ],
            "accuracy": [
                0.8963658146964856
            ]
        },
        "validation": {
            "random_3": {
                "accuracy": [
                    0.9614616613418531
                ],
                "flatness": [
                    0.7014466510903427
                ]
            }
        }
    },
    "random_4": {
        "training": {
            "loss": [
                0.31786868783136524
            ],
            "accuracy": [
                0.8925718849840255
            ]
        },
        "validation": {
            "random_4": {
                "accuracy": [
                    0.9763378594249201
                ],
                "flatness": [
                    0.710963544329686
                ]
            }
        }
    },
    "random_5": {
        "training": {
            "loss": [
                0.3234153486038454
            ],
            "accuracy": [
                0.8910742811501597
            ]
        },
        "validation": {
            "random_5": {
                "accuracy": [
                    0.9675519169329073
                ],
                "flatness": [
                    0.602357857806212
                ]
            }
        }
    },
    "cont_1": {
        "training": {
            "loss": [
                0.20027416871604733
            ],
            "accuracy": [
                0.9300119808306709
            ]
        },
        "validation": {
            "cont_1": {
                "accuracy": [
                    0.9747404153354633
                ],
                "flatness": [
                    0.6067320495749257
                ]
            },
            "cont_2": {
                "accuracy": [
                    0.9480830670926518
                ],
                "flatness": [
                    0.7113449083824769
                ]
            },
            "cont_3": {
                "accuracy": [
                    0.8999600638977636
                ],
                "flatness": [
                    0.7203010594630574
                ]
            },
            "cont_4": {
                "accuracy": [
                    0.9038538338658147
                ],
                "flatness": [
                    0.6486979454324533
                ]
            },
            "cont_5": {
                "accuracy": [
                    0.9095447284345048
                ],
                "flatness": [
                    0.633043358946213
                ]
            }
        }
    },
    "cont_2": {
        "training": {
            "loss": [
                0.15462585671034199
            ],
            "accuracy": [
                0.9484824281150159
            ]
        },
        "validation": {
            "cont_1": {
                "accuracy": [
                    0.9418929712460063
                ],
                "flatness": [
                    0.6898922779308883
                ]
            },
            "cont_2": {
                "accuracy": [
                    0.9626597444089456
                ],
                "flatness": [
                    0.7166018460900228
                ]
            },
            "cont_3": {
                "accuracy": [
                    0.8899760383386581
                ],
                "flatness": [
                    0.7663478797397352
                ]
            },
            "cont_4": {
                "accuracy": [
                    0.8898761980830671
                ],
                "flatness": [
                    0.7148554078312578
                ]
            },
            "cont_5": {
                "accuracy": [
                    0.8898761980830671
                ],
                "flatness": [
                    0.66481333445529
                ]
            }
        }
    },
    "cont_3": {
        "training": {
            "loss": [
                0.3401164284077125
            ],
            "accuracy": [
                0.8913738019169329
            ]
        },
        "validation": {
            "cont_1": {
                "accuracy": [
                    0.9510782747603834
                ],
                "flatness": [
                    0.7380603086290153
                ]
            },
            "cont_2": {
                "accuracy": [
                    0.9592651757188498
                ],
                "flatness": [
                    0.7242278569941716
                ]
            },
            "cont_3": {
                "accuracy": [
                    0.965055910543131
                ],
                "flatness": [
                    0.6955960324849989
                ]
            },
            "cont_4": {
                "accuracy": [
                    0.9151357827476039
                ],
                "flatness": [
                    0.6739949269037748
                ]
            },
            "cont_5": {
                "accuracy": [
                    0.9176317891373802
                ],
                "flatness": [
                    0.6745029104558806
                ]
            }
        }
    },
    "cont_4": {
        "training": {
            "loss": [
                0.30852997628525614
            ],
            "accuracy": [
                0.8958666134185304
            ]
        },
        "validation": {
            "cont_1": {
                "accuracy": [
                    0.9486821086261981
                ],
                "flatness": [
                    0.5651343138286677
                ]
            },
            "cont_2": {
                "accuracy": [
                    0.953973642172524
                ],
                "flatness": [
                    0.6535164835164835
                ]
            },
            "cont_3": {
                "accuracy": [
                    0.9462859424920128
                ],
                "flatness": [
                    0.7285885735387212
                ]
            },
            "cont_4": {
                "accuracy": [
                    0.9799321086261981
                ],
                "flatness": [
                    0.6645071319409068
                ]
            },
            "cont_5": {
                "accuracy": [
                    0.9206269968051118
                ],
                "flatness": [
                    0.7255585077540397
                ]
            }
        }
    },
    "cont_5": {
        "training": {
            "loss": [
                0.28286871755013643
            ],
            "accuracy": [
                0.90435303514377
            ]
        },
        "validation": {
            "cont_1": {
                "accuracy": [
                    0.9431908945686901
                ],
                "flatness": [
                    0.7634903937758019
                ]
            },