{
    "random_1": {
        "training": {
            "loss": [
                0.058462540697674176
            ],
            "accuracy": [
                0.9791003184713376
            ]
        },
        "validation": {
            "random_1": {
                "accuracy": [
                    0.9884554140127388
                ],
                "flatness": [
                    0.7323610554766953
                ]
            }
        }
    },
    "random_2": {
        "training": {
            "loss": [
                0.10213792964721181
            ],
            "accuracy": [
                0.9645700636942676
            ]
        },
        "validation": {
            "random_2": {
                "accuracy": [
                    0.990843949044586
                ],
                "flatness": [
                    0.7454188433599643
                ]
            }
        }
    },
    "random_3": {
        "training": {
            "loss": [
                0.16779798423503614
            ],
            "accuracy": [
                0.9469546178343949
            ]
        },
        "validation": {
            "random_3": {
                "accuracy": [
                    0.9919386942675159
                ],
                "flatness": [
                    0.6373645537760955
                ]
            }
        }
    },
    "random_4": {
        "training": {
            "loss": [
                0.16079909654607058
            ],
            "accuracy": [
                0.9461584394904459
            ]
        },
        "validation": {
            "random_4": {
                "accuracy": [
                    0.9944267515923567
                ],
                "flatness": [
                    0.7270598992669554
                ]
            }
        }
    },
    "random_5": {
        "training": {
            "loss": [
                0.15140504063741797
            ],
            "accuracy": [
                0.9498407643312102
            ]
        },
        "validation": {
            "random_5": {
                "accuracy": [
                    0.9884554140127388
                ],
                "flatness": [
                    0.7555190298521752
                ]
            }
        }
    },
    "cont_1": {
        "training": {
            "loss": [
                0.044089105566385185
            ],
            "accuracy": [
                0.9849721337579618
            ]
        },
        "validation": {
            "cont_1": {
                "accuracy": [
                    0.9909434713375797
                ],
                "flatness": [
                    0.7347401331715451
                ]
            },
            "cont_2": {
                "accuracy": [
                    0.9612858280254777
                ],
                "flatness": [
                    0.7373749879887785
                ]
            },
            "cont_3": {
                "accuracy": [
                    0.93859474522293
                ],
                "flatness": [
                    0.7886207733512265
                ]
            },
            "cont_4": {
                "accuracy": [
                    0.9465565286624203
                ],
                "flatness": [
                    0.6851726956403089
                ]
            },
            "cont_5": {
                "accuracy": [
                    0.9459593949044586
                ],
                "flatness": [
                    0.7343734890558041
                ]
            }
        }
    },
    "cont_2": {
        "training": {
            "loss": [
                0.31119520999016653
            ],
            "accuracy": [
                0.9044585987261147
            ]
        },
        "validation": {
            "cont_1": {
                "accuracy": [
                    0.9720342356687898
                ],
                "flatness": [
                    0.626022831678659
                ]
            },
            "cont_2": {
                "accuracy": [
                    0.98328025477707
                ],
                "flatness": [
                    0.658907388815513
                ]
            },
            "cont_3": {
                "accuracy": [
                    0.9334195859872612
                ],
                "flatness": [
                    0.6113274341072402
                ]
            },
            "cont_4": {
                "accuracy": [
                    0.9340167197452229
                ],
                "flatness": [
                    0.6373681414476657
                ]
            },
            "cont_5": {
                "accuracy": [
                    0.9331210191082803
                ],
                "flatness": [
                    0.6362635987890255
                ]
            }
        }
    },
    "cont_3": {
        "training": {
            "loss": [
                0.23646149261124955
            ],
            "accuracy": [
                0.9224721337579618
            ]
        },
        "validation": {
            "cont_1": {
                "accuracy": [
                    0.9652667197452229
                ],
                "flatness": [
                    0.6935825864510852
                ]
            },
            "cont_2": {
                "accuracy": [
                    0.9697452229299363
                ],
                "flatness": [
                    0.6191623055460223
                ]
            },
            "cont_3": {
                "accuracy": [
                    0.9800955414012739
                ],
                "flatness": [
                    0.6379719237272667
                ]
            },
            "cont_4": {
                "accuracy": [
                    0.9400875796178344
                ],
                "flatness": [
                    0.7483927076508529
                ]
            },
            "cont_5": {
                "accuracy": [
                    0.9413813694267515
                ],
                "flatness": [
                    0.7496048744567443
                ]
            }
        }
    },
    "cont_4": {
        "training": {
            "loss": [
                0.19897850913701542
            ],
            "accuracy": [
                0.931031050955414
            ]
        },
        "validation": {
            "cont_1": {
                "accuracy": [
                    0.9565087579617835
                ],
                "flatness": [
                    0.7257023202580377
                ]
            },
            "cont_2": {
                "accuracy": [
                    0.9509355095541401
                ],
                "flatness": [
                    0.7019814243571163
                ]
            },
            "cont_3": {
                "accuracy": [
                    0.9609872611464968
                ],
                "flatness": [
                    0.7874795472488585
                ]
            },
            "cont_4": {
                "accuracy": [
                    0.9768113057324841
                ],
                "flatness": [
                    0.7969169650512632
                ]
            },
            "cont_5": {
                "accuracy": [
                    0.9328224522292994
                ],
                "flatness": [
                    0.8126797720041115
                ]
            }
        }
    },
    "cont_5": {
        "training": {
            "loss": [
                0.27047113549842194
            ],
            "accuracy": [
                0.9055533439490446
            ]
        },
        "validation": {
            "cont_1": {
                "accuracy": [
                    0.9528264331210191
                ],
                "flatness": [
                    0.7664286095139277
                ]
            },