{
    "random_1": {
        "training": {
            "loss": [
                0.7766484603001054
            ],
            "accuracy": [
                0.737062101910828
            ]
        },
        "validation": {
            "random_1": {
                "accuracy": [
                    0.9452627388535032
                ]
            }
        }
    },
    "random_2": {
        "training": {
            "loss": [
                0.8032229657575582
            ],
            "accuracy": [
                0.7300955414012739
            ]
        },
        "validation": {
            "random_2": {
                "accuracy": [
                    0.9058519108280255
                ]
            }
        }
    },
    "random_3": {
        "training": {
            "loss": [
                0.8007172226526176
            ],
            "accuracy": [
                0.7318869426751592
            ]
        },
        "validation": {
            "random_3": {
                "accuracy": [
                    0.9227707006369427
                ]
            }
        }
    },
    "random_4": {
        "training": {
            "loss": [
                0.7766842329578035
            ],
            "accuracy": [
                0.7392515923566879
            ]
        },
        "validation": {
            "random_4": {
                "accuracy": [
                    0.9231687898089171
                ]
            }
        }
    },
    "random_5": {
        "training": {
            "loss": [
                0.7938671595161888
            ],
            "accuracy": [
                0.7328821656050956
            ]
        },
        "validation": {
            "random_5": {
                "accuracy": [
                    0.9311305732484076
                ]
            }
        }
    },
    "random_6": {
        "training": {
            "loss": [
                0.7533699734385606
            ],
            "accuracy": [
                0.7348726114649682
            ]
        },
        "validation": {
            "random_6": {
                "accuracy": [
                    0.9400875796178344
                ]
            }
        }
    },
    "random_7": {
        "training": {
            "loss": [
                0.7810424626063389
            ],
            "accuracy": [
                0.7372611464968153
            ]
        },
        "validation": {
            "random_7": {
                "accuracy": [
                    0.9289410828025477
                ]
            }
        }
    },
    "random_8": {
        "training": {
            "loss": [
                0.7642166635413079
            ],
            "accuracy": [
                0.7428343949044586
            ]
        },
        "validation": {
            "random_8": {
                "accuracy": [
                    0.9321257961783439
                ]
            }
        }
    },
    "random_9": {
        "training": {
            "loss": [
                0.767651969744901
            ],
            "accuracy": [
                0.7386544585987261
            ]
        },
        "validation": {
            "random_9": {
                "accuracy": [
                    0.9221735668789809
                ]
            }
        }
    },
    "random_10": {
        "training": {
            "loss": [
                0.7994831654296559
            ],
            "accuracy": [
                0.7294984076433121
            ]
        },
        "validation": {
            "random_10": {
                "accuracy": [
                    0.942078025477707
                ]
            }
        }
    },
    "cont_1": {
        "training": {
            "loss": [
                0.7943290711208514
            ],
            "accuracy": [
                0.7304936305732485
            ]
        },
        "validation": {
            "cont_1": {
                "accuracy": [
                    0.9048566878980892
                ]
            },
            "cont_2": {
                "accuracy": [
                    0.8198646496815286
                ]
            },
            "cont_3": {
                "accuracy": [
                    0.822452229299363
                ]
            },
            "cont_4": {
                "accuracy": [
                    0.825437898089172
                ]
            },
            "cont_5": {
                "accuracy": [
                    0.8232484076433121
                ]
            },
            "cont_6": {
                "accuracy": [
                    0.8230493630573248
                ]
            },
            "cont_7": {
                "accuracy": [
                    0.8168789808917197
                ]
            },
            "cont_8": {
                "accuracy": [
                    0.8210589171974523
                ]
            },
            "cont_9": {
                "accuracy": [
                    0.8176751592356688
                ]
            },
            "cont_10": {
                "accuracy": [
                    0.8174761146496815
                ]
            }
        }
    },
    "cont_2": {
        "training": {
            "loss": [
                0.5417447332174156
            ],
            "accuracy": [
                0.8142914012738853
            ]
        },
        "validation": {
            "cont_1": {
                "accuracy": [
                    0.9156050955414012
                ]
            },
            "cont_2": {
                "accuracy": [
                    0.9582006369426752
                ]
            },
            "cont_3": {
                "accuracy": [
                    0.8660429936305732
                ]
            },
            "cont_4": {
                "accuracy": [
                    0.8668391719745223
                ]
            },
            "cont_5": {
                "accuracy": [
                    0.8740047770700637
                ]
            },
            "cont_6": {
                "accuracy": [
                    0.8728105095541401
                ]
            },
            "cont_7": {
                "accuracy": [
                    0.8688296178343949
                ]
            },
            "cont_8": {
                "accuracy": [
                    0.8763933121019108
                ]
            },
            "cont_9": {
                "accuracy": [
                    0.8584792993630573
                ]
            },
            "cont_10": {
                "accuracy": [
                    0.8590764331210191
                ]
            }
        }
    },
    "cont_3": {
        "training": {
            "loss": [
                0.4584397230368511
            ],
            "accuracy": [
                0.8419585987261147
            ]
        },
        "validation": {
            "cont_1": {
                "accuracy": [
                    0.8839570063694268
                ]
            },
            "cont_2": {
                "accuracy": [
                    0.9134156050955414
                ]
            },
            "cont_3": {
                "accuracy": [
                    0.9480493630573248
                ]
            },
            "cont_4": {
                "accuracy": [
                    0.8630573248407644
                ]
            },
            "cont_5": {
                "accuracy": [
                    0.8682324840764332
                ]
            },
            "cont_6": {
                "accuracy": [
                    0.8660429936305732
                ]
            },
            "cont_7": {
                "accuracy": [
                    0.8600716560509554
                ]
            },
            "cont_8": {
                "accuracy": [
                    0.8694267515923567
                ]
            },