{
    "random_1": {
        "training": {
            "loss": [
                0.41747622960767805
            ],
            "accuracy": [
                0.8722044728434505
            ]
        },
        "validation": {
            "random_1": {
                "accuracy": [
                    0.9674520766773163
                ],
                "flatness": [
                    0.3508733230134159
                ]
            }
        }
    },
    "random_2": {
        "training": {
            "loss": [
                1.3112308994268838
            ],
            "accuracy": [
                0.6371805111821086
            ]
        },
        "validation": {
            "random_2": {
                "accuracy": [
                    0.8808905750798722
                ],
                "flatness": [
                    0.4035333786693869
                ]
            }
        }
    },
    "random_3": {
        "training": {
            "loss": [
                1.3181012562288643
            ],
            "accuracy": [
                0.6368809904153354
            ]
        },
        "validation": {
            "random_3": {
                "accuracy": [
                    0.8673123003194888
                ],
                "flatness": [
                    0.4048966847012778
                ]
            }
        }
    },
    "random_4": {
        "training": {
            "loss": [
                1.3012357715981455
            ],
            "accuracy": [
                0.6430710862619808
            ]
        },
        "validation": {
            "random_4": {
                "accuracy": [
                    0.8792931309904153
                ],
                "flatness": [
                    0.4227028216191666
                ]
            }
        }
    },
    "random_5": {
        "training": {
            "loss": [
                1.3284998480885173
            ],
            "accuracy": [
                0.632388178913738
            ]
        },
        "validation": {
            "random_5": {
                "accuracy": [
                    0.8699081469648562
                ],
                "flatness": [
                    0.41468997475037295
                ]
            }
        }
    },
    "cont_1": {
        "training": {
            "loss": [
                0.23555141868748175
            ],
            "accuracy": [
                0.9274161341853036
            ]
        },
        "validation": {
            "cont_1": {
                "accuracy": [
                    0.9235223642172524
                ],
                "flatness": [
                    0.3654486486486487
                ]
            },
            "cont_2": {
                "accuracy": [
                    0.623202875399361
                ],
                "flatness": [
                    0.4255987664210189
                ]
            },
            "cont_3": {
                "accuracy": [
                    0.6283945686900958
                ],
                "flatness": [
                    0.3605417858277725
                ]
            },
            "cont_4": {
                "accuracy": [
                    0.6245007987220448
                ],
                "flatness": [
                    0.39500299760191837
                ]
            },
            "cont_5": {
                "accuracy": [
                    0.615714856230032
                ],
                "flatness": [
                    0.3153093076049943
                ]
            }
        }
    },
    "cont_2": {
        "training": {
            "loss": [
                1.3181573521976653
            ],
            "accuracy": [
                0.6547523961661342
            ]
        },
        "validation": {
            "cont_1": {
                "accuracy": [
                    0.8977635782747604
                ],
                "flatness": [
                    0.38180813500889677
                ]
            },
            "cont_2": {
                "accuracy": [
                    0.8630191693290735
                ],
                "flatness": [
                    0.3451274005090236
                ]
            },
            "cont_3": {
                "accuracy": [
                    0.6997803514376997
                ],
                "flatness": [
                    0.5255555357397632
                ]
            },
            "cont_4": {
                "accuracy": [
                    0.700379392971246
                ],
                "flatness": [
                    0.4548316108339273
                ]
            },
            "cont_5": {
                "accuracy": [
                    0.6902955271565495
                ],
                "flatness": [
                    0.4464799681805033
                ]
            }
        }
    },
    "cont_3": {
        "training": {
            "loss": [
                1.385234220340229
            ],
            "accuracy": [
                0.6166134185303515
            ]
        },
        "validation": {
            "cont_1": {
                "accuracy": [
                    0.7968250798722045
                ],
                "flatness": [
                    0.44242967673223904
                ]
            },
            "cont_2": {
                "accuracy": [
                    0.7607827476038339
                ],
                "flatness": [
                    0.4194898293963254
                ]
            },
            "cont_3": {
                "accuracy": [
                    0.838158945686901
                ],
                "flatness": [
                    0.3816959499702203
                ]
            },
            "cont_4": {
                "accuracy": [
                    0.6757188498402555
                ],
                "flatness": [
                    0.5130531545508275
                ]
            },
            "cont_5": {
                "accuracy": [
                    0.6679313099041534
                ],
                "flatness": [
                    0.3441713378176382
                ]
            }
        }
    },
    "cont_4": {
        "training": {
            "loss": [
                1.2466724884395781
            ],
            "accuracy": [
                0.636082268370607
            ]
        },
        "validation": {
            "cont_1": {
                "accuracy": [
                    0.7694688498402555
                ],
                "flatness": [
                    0.44191400674711306
                ]
            },
            "cont_2": {
                "accuracy": [
                    0.7376198083067093
                ],
                "flatness": [
                    0.40274177720628046
                ]
            },
            "cont_3": {
                "accuracy": [
                    0.7650758785942492
                ],
                "flatness": [
                    0.4600238157379616
                ]
            },
            "cont_4": {
                "accuracy": [
                    0.856729233226837
                ],
                "flatness": [
                    0.4039709824029833
                ]
            },
            "cont_5": {
                "accuracy": [
                    0.6788138977635783
                ],
                "flatness": [
                    0.4016656861303133
                ]
            }
        }
    },
    "cont_5": {
        "training": {
            "loss": [
                1.46579160686499
            ],
            "accuracy": [
                0.5899560702875399
            ]
        },
        "validation": {
            "cont_1": {
                "accuracy": [
                    0.7262380191693291
                ],
                "flatness": [
                    0.3579555609018422
                ]
            },