{
    "random_1": {
        "training": {
            "loss": [
                0.1929151913145194
            ],
            "accuracy": [
                0.9352036741214057
            ]
        },
        "validation": {
            "random_1": {
                "accuracy": [
                    0.9755391373801917
                ],
                "flatness": [
                    0.6907238256063863
                ]
            }
        }
    },
    "random_2": {
        "training": {
            "loss": [
                0.36961400717163617
            ],
            "accuracy": [
                0.8756988817891374
            ]
        },
        "validation": {
            "random_2": {
                "accuracy": [
                    0.961361821086262
                ],
                "flatness": [
                    0.6107059403884101
                ]
            }
        }
    },
    "random_3": {
        "training": {
            "loss": [
                0.3785561629877494
            ],
            "accuracy": [
                0.8760982428115016
            ]
        },
        "validation": {
            "random_3": {
                "accuracy": [
                    0.9601637380191693
                ],
                "flatness": [
                    0.6061791619008007
                ]
            }
        }
    },
    "random_4": {
        "training": {
            "loss": [
                0.3881786645720371
            ],
            "accuracy": [
                0.8699081469648562
            ]
        },
        "validation": {
            "random_4": {
                "accuracy": [
                    0.9585662939297125
                ],
                "flatness": [
                    0.6357150296844079
                ]
            }
        }
    },
    "random_5": {
        "training": {
            "loss": [
                0.37552912808811895
            ],
            "accuracy": [
                0.8758985623003195
            ]
        },
        "validation": {
            "random_5": {
                "accuracy": [
                    0.9684504792332268
                ],
                "flatness": [
                    0.694367912371134
                ]
            }
        }
    },
    "cont_1": {
        "training": {
            "loss": [
                0.1402080580279731
            ],
            "accuracy": [
                0.9519768370607029
            ]
        },
        "validation": {
            "cont_1": {
                "accuracy": [
                    0.9708466453674122
                ],
                "flatness": [
                    0.4987190199506376
                ]
            },
            "cont_2": {
                "accuracy": [
                    0.884285143769968
                ],
                "flatness": [
                    0.6846985435248956
                ]
            },
            "cont_3": {
                "accuracy": [
                    0.8834864217252396
                ],
                "flatness": [
                    0.660115549779636
                ]
            },
            "cont_4": {
                "accuracy": [
                    0.8817891373801917
                ],
                "flatness": [
                    0.6064552196557971
                ]
            },
            "cont_5": {
                "accuracy": [
                    0.8810902555910544
                ],
                "flatness": [
                    0.6177981586402266
                ]
            }
        }
    },
    "cont_2": {
        "training": {
            "loss": [
                0.4214353186372941
            ],
            "accuracy": [
                0.8691094249201278
            ]
        },
        "validation": {
            "cont_1": {
                "accuracy": [
                    0.9574680511182109
                ],
                "flatness": [
                    0.6258368091762252
                ]
            },
            "cont_2": {
                "accuracy": [
                    0.9577675718849841
                ],
                "flatness": [
                    0.7324976545397686
                ]
            },
            "cont_3": {
                "accuracy": [
                    0.90435303514377
                ],
                "flatness": [
                    0.6850546478251269
                ]
            },
            "cont_4": {
                "accuracy": [
                    0.9012579872204473
                ],
                "flatness": [
                    0.8130995901185333
                ]
            },
            "cont_5": {
                "accuracy": [
                    0.9063498402555911
                ],
                "flatness": [
                    0.7106975655430711
                ]
            }
        }
    },
    "cont_3": {
        "training": {
            "loss": [
                0.3354651807857969
            ],
            "accuracy": [
                0.8903753993610224
            ]
        },
        "validation": {
            "cont_1": {
                "accuracy": [
                    0.9464856230031949
                ],
                "flatness": [
                    0.7529911656118143
                ]
            },
            "cont_2": {
                "accuracy": [
                    0.9390974440894568
                ],
                "flatness": [
                    0.7320859026153519
                ]
            },
            "cont_3": {
                "accuracy": [
                    0.9581669329073482
                ],
                "flatness": [
                    0.8438965301656767
                ]
            },
            "cont_4": {
                "accuracy": [
                    0.9017571884984026
                ],
                "flatness": [
                    0.7102019209477414
                ]
            },
            "cont_5": {
                "accuracy": [
                    0.9083466453674122
                ],
                "flatness": [
                    0.8353518630468235
                ]
            }
        }
    },
    "cont_4": {
        "training": {
            "loss": [
                0.30460052965238643
            ],
            "accuracy": [
                0.8964656549520766
            ]
        },
        "validation": {
            "cont_1": {
                "accuracy": [
                    0.9469848242811502
                ],
                "flatness": [
                    0.8210681338956247
                ]
            },
            "cont_2": {
                "accuracy": [
                    0.9353035143769968
                ],
                "flatness": [
                    0.8515785119555936
                ]
            },
            "cont_3": {
                "accuracy": [
                    0.9456869009584664
                ],
                "flatness": [
                    0.8331411000844595
                ]
            },
            "cont_4": {
                "accuracy": [
                    0.9628594249201278
                ],
                "flatness": [
                    0.8653424408958938
                ]
            },
            "cont_5": {
                "accuracy": [
                    0.9162340255591054
                ],
                "flatness": [
                    0.8236842105263158
                ]
            }
        }
    },
    "cont_5": {
        "training": {
            "loss": [
                0.3574136394186142
            ],
            "accuracy": [
                0.8795926517571885
            ]
        },
        "validation": {
            "cont_1": {
                "accuracy": [
                    0.9299121405750799
                ],
                "flatness": [
                    0.6542536772600387
                ]
            },