{
    "random_1": {
        "training": {
            "loss": [
                0.39094632816542485
            ],
            "accuracy": [
                0.8786823248407644
            ]
        },
        "validation": {
            "random_1": {
                "accuracy": [
                    0.9726313694267515
                ],
                "flatness": [
                    0.37555177583551014
                ]
            }
        }
    },
    "random_2": {
        "training": {
            "loss": [
                0.26639339394250494
            ],
            "accuracy": [
                0.9123208598726115
            ]
        },
        "validation": {
            "random_2": {
                "accuracy": [
                    0.9651671974522293
                ],
                "flatness": [
                    0.4101863792137304
                ]
            }
        }
    },
    "random_3": {
        "training": {
            "loss": [
                0.5814013547578435
            ],
            "accuracy": [
                0.8195660828025477
            ]
        },
        "validation": {
            "random_3": {
                "accuracy": [
                    0.9647691082802548
                ],
                "flatness": [
                    0.4305191363972537
                ]
            }
        }
    },
    "random_4": {
        "training": {
            "loss": [
                0.551150697147011
            ],
            "accuracy": [
                0.8263335987261147
            ]
        },
        "validation": {
            "random_4": {
                "accuracy": [
                    0.9659633757961783
                ],
                "flatness": [
                    0.47875618274595577
                ]
            }
        }
    },
    "random_5": {
        "training": {
            "loss": [
                0.4857590228888639
            ],
            "accuracy": [
                0.8489251592356688
            ]
        },
        "validation": {
            "random_5": {
                "accuracy": [
                    0.9732285031847133
                ],
                "flatness": [
                    0.47173049437486514
                ]
            }
        }
    },
    "cont_1": {
        "training": {
            "loss": [
                0.30346188120021944
            ],
            "accuracy": [
                0.9034633757961783
            ]
        },
        "validation": {
            "cont_1": {
                "accuracy": [
                    0.9611863057324841
                ],
                "flatness": [
                    0.47000025924033667
                ]
            },
            "cont_2": {
                "accuracy": [
                    0.8984872611464968
                ],
                "flatness": [
                    0.45227929865252303
                ]
            },
            "cont_3": {
                "accuracy": [
                    0.7994625796178344
                ],
                "flatness": [
                    0.44776173313157014
                ]
            },
            "cont_4": {
                "accuracy": [
                    0.8031449044585988
                ],
                "flatness": [
                    0.4923029752764411
                ]
            },
            "cont_5": {
                "accuracy": [
                    0.8332006369426752
                ],
                "flatness": [
                    0.42667731765036476
                ]
            }
        }
    },
    "cont_2": {
        "training": {
            "loss": [
                0.48076493126951203
            ],
            "accuracy": [
                0.8442476114649682
            ]
        },
        "validation": {
            "cont_1": {
                "accuracy": [
                    0.9110270700636943
                ],
                "flatness": [
                    0.43825021885174287
                ]
            },
            "cont_2": {
                "accuracy": [
                    0.959593949044586
                ],
                "flatness": [
                    0.4450124458612878
                ]
            },
            "cont_3": {
                "accuracy": [
                    0.786922770700637
                ],
                "flatness": [
                    0.4654205138951378
                ]
            },
            "cont_4": {
                "accuracy": [
                    0.7857285031847133
                ],
                "flatness": [
                    0.5010278663067519
                ]
            },
            "cont_5": {
                "accuracy": [
                    0.8042396496815286
                ],
                "flatness": [
                    0.4227595602015932
                ]
            }
        }
    },
    "cont_3": {
        "training": {
            "loss": [
                0.7857509515467723
            ],
            "accuracy": [
                0.7607484076433121
            ]
        },
        "validation": {
            "cont_1": {
                "accuracy": [
                    0.8656449044585988
                ],
                "flatness": [
                    0.4190336860769451
                ]
            },
            "cont_2": {
                "accuracy": [
                    0.9066480891719745
                ],
                "flatness": [
                    0.44570938529088916
                ]
            },
            "cont_3": {
                "accuracy": [
                    0.9225716560509554
                ],
                "flatness": [
                    0.4269654806892206
                ]
            },
            "cont_4": {
                "accuracy": [
                    0.772890127388535
                ],
                "flatness": [
                    0.4258064004139529
                ]
            },
            "cont_5": {
                "accuracy": [
                    0.7965764331210191
                ],
                "flatness": [
                    0.5112209529593132
                ]
            }
        }
    },
    "cont_4": {
        "training": {
            "loss": [
                1.0881442215032637
            ],
            "accuracy": [
                0.6896894904458599
            ]
        },
        "validation": {
            "cont_1": {
                "accuracy": [
                    0.8021496815286624
                ],
                "flatness": [
                    0.404041253937681
                ]
            },
            "cont_2": {
                "accuracy": [
                    0.8302149681528662
                ],
                "flatness": [
                    0.3414495927828503
                ]
            },
            "cont_3": {
                "accuracy": [
                    0.82703025477707
                ],
                "flatness": [
                    0.39571179339207185
                ]
            },
            "cont_4": {
                "accuracy": [
                    0.8922173566878981
                ],
                "flatness": [
                    0.2928535977822073
                ]
            },
            "cont_5": {
                "accuracy": [
                    0.7590565286624203
                ],
                "flatness": [
                    0.330128163350149
                ]
            }
        }
    },
    "cont_5": {
        "training": {
            "loss": [
                0.8159742163624734
            ],
            "accuracy": [
                0.7575636942675159
            ]
        },
        "validation": {
            "cont_1": {
                "accuracy": [
                    0.8053343949044586
                ],
                "flatness": [
                    0.4235915106885574
                ]
            },