{
    "random_1": {
        "training": {
            "loss": [
                0.3836865816205835
            ],
            "accuracy": [
                0.8781948881789138
            ]
        },
        "validation": {
            "random_1": {
                "accuracy": [
                    0.9571685303514377
                ],
                "flatness": [
                    0.3444403880254511
                ]
            }
        }
    },
    "random_2": {
        "training": {
            "loss": [
                1.3314445667183057
            ],
            "accuracy": [
                0.6411741214057508
            ]
        },
        "validation": {
            "random_2": {
                "accuracy": [
                    0.8814896166134185
                ],
                "flatness": [
                    0.35318410918563825
                ]
            }
        }
    },
    "random_3": {
        "training": {
            "loss": [
                1.3323299774346642
            ],
            "accuracy": [
                0.6344848242811502
            ]
        },
        "validation": {
            "random_3": {
                "accuracy": [
                    0.8941693290734825
                ],
                "flatness": [
                    0.3566945343903528
                ]
            }
        }
    },
    "random_4": {
        "training": {
            "loss": [
                1.3207137544695942
            ],
            "accuracy": [
                0.6400758785942492
            ]
        },
        "validation": {
            "random_4": {
                "accuracy": [
                    0.8670127795527156
                ],
                "flatness": [
                    0.4102177855826808
                ]
            }
        }
    },
    "random_5": {
        "training": {
            "loss": [
                1.3331637948084945
            ],
            "accuracy": [
                0.636082268370607
            ]
        },
        "validation": {
            "random_5": {
                "accuracy": [
                    0.8902755591054313
                ],
                "flatness": [
                    0.45302862509812714
                ]
            }
        }
    },
    "cont_1": {
        "training": {
            "loss": [
                0.2169470107629181
            ],
            "accuracy": [
                0.9309105431309904
            ]
        },
        "validation": {
            "cont_1": {
                "accuracy": [
                    0.9370007987220448
                ],
                "flatness": [
                    0.38833177943526903
                ]
            },
            "cont_2": {
                "accuracy": [
                    0.6271964856230032
                ],
                "flatness": [
                    0.37119547914676854
                ]
            },
            "cont_3": {
                "accuracy": [
                    0.6343849840255591
                ],
                "flatness": [
                    0.427948929807995
                ]
            },
            "cont_4": {
                "accuracy": [
                    0.6302915335463258
                ],
                "flatness": [
                    0.49177391889751315
                ]
            },
            "cont_5": {
                "accuracy": [
                    0.6352835463258786
                ],
                "flatness": [
                    0.4285733930535911
                ]
            }
        }
    },
    "cont_2": {
        "training": {
            "loss": [
                1.460231255132931
            ],
            "accuracy": [
                0.6203075079872205
            ]
        },
        "validation": {
            "cont_1": {
                "accuracy": [
                    0.8739017571884984
                ],
                "flatness": [
                    0.4067605392436879
                ]
            },
            "cont_2": {
                "accuracy": [
                    0.8588258785942492
                ],
                "flatness": [
                    0.4020750988142293
                ]
            },
            "cont_3": {
                "accuracy": [
                    0.6813099041533547
                ],
                "flatness": [
                    0.4492150864595545
                ]
            },
            "cont_4": {
                "accuracy": [
                    0.6811102236421726
                ],
                "flatness": [
                    0.412355247727939
                ]
            },
            "cont_5": {
                "accuracy": [
                    0.6813099041533547
                ],
                "flatness": [
                    0.5217431125439624
                ]
            }
        }
    },
    "cont_3": {
        "training": {
            "loss": [
                1.194376075705781
            ],
            "accuracy": [
                0.6594448881789138
            ]
        },
        "validation": {
            "cont_1": {
                "accuracy": [
                    0.8208865814696485
                ],
                "flatness": [
                    0.3642688822670883
                ]
            },
            "cont_2": {
                "accuracy": [
                    0.7828474440894568
                ],
                "flatness": [
                    0.4643006312970285
                ]
            },
            "cont_3": {
                "accuracy": [
                    0.8617212460063898
                ],
                "flatness": [
                    0.47189346541536326
                ]
            },
            "cont_4": {
                "accuracy": [
                    0.6879992012779552
                ],
                "flatness": [
                    0.41958170076911916
                ]
            },
            "cont_5": {
                "accuracy": [
                    0.6793130990415336
                ],
                "flatness": [
                    0.5011381172839505
                ]
            }
        }
    },
    "cont_4": {
        "training": {
            "loss": [
                1.1526158033087612
            ],
            "accuracy": [
                0.6781150159744409
            ]
        },
        "validation": {
            "cont_1": {
                "accuracy": [
                    0.823382587859425
                ],
                "flatness": [
                    0.4898334242754941
                ]
            },
            "cont_2": {
                "accuracy": [
                    0.7790535143769968
                ],
                "flatness": [
                    0.5006575996411637
                ]
            },
            "cont_3": {
                "accuracy": [
                    0.8218849840255591
                ],
                "flatness": [
                    0.5052219995140914
                ]
            },
            "cont_4": {
                "accuracy": [
                    0.8844848242811502
                ],
                "flatness": [
                    0.5025877638559656
                ]
            },
            "cont_5": {
                "accuracy": [
                    0.7123602236421726
                ],
                "flatness": [
                    0.5349185353889279
                ]
            }
        }
    },
    "cont_5": {
        "training": {
            "loss": [
                1.39014085917808
            ],
            "accuracy": [
                0.6076277955271565
            ]
        },
        "validation": {
            "cont_1": {
                "accuracy": [
                    0.7417132587859425
                ],
                "flatness": [
                    0.5595680778032035
                ]
            },