{
    "random_1": {
        "training": {
            "loss": [
                0.5854711661885182
            ],
            "accuracy": [
                0.8059166666666666
            ]
        },
        "validation": {
            "random_1": {
                "accuracy": [
                    0.9164166666666667
                ]
            }
        }
    },
    "random_2": {
        "training": {
            "loss": [
                0.599039896244804
            ],
            "accuracy": [
                0.7955
            ]
        },
        "validation": {
            "random_2": {
                "accuracy": [
                    0.91475
                ]
            }
        }
    },
    "random_3": {
        "training": {
            "loss": [
                0.5967899313271046
            ],
            "accuracy": [
                0.79575
            ]
        },
        "validation": {
            "random_3": {
                "accuracy": [
                    0.9254166666666667
                ]
            }
        }
    },
    "random_4": {
        "training": {
            "loss": [
                0.5890303719341755
            ],
            "accuracy": [
                0.79875
            ]
        },
        "validation": {
            "random_4": {
                "accuracy": [
                    0.93475
                ]
            }
        }
    },
    "random_5": {
        "training": {
            "loss": [
                0.581940821185708
            ],
            "accuracy": [
                0.8048333333333333
            ]
        },
        "validation": {
            "random_5": {
                "accuracy": [
                    0.9133333333333333
                ]
            }
        }
    },
    "cont_1": {
        "training": {
            "loss": [
                0.5938128708650668
            ],
            "accuracy": [
                0.80175
            ]
        },
        "validation": {
            "cont_1": {
                "accuracy": [
                    0.9195
                ]
            },
            "cont_2": {
                "accuracy": [
                    0.8771666666666667
                ]
            },
            "cont_3": {
                "accuracy": [
                    0.876
                ]
            },
            "cont_4": {
                "accuracy": [
                    0.88025
                ]
            },
            "cont_5": {
                "accuracy": [
                    0.8738333333333334
                ]
            }
        }
    },
    "cont_2": {
        "training": {
            "loss": [
                0.38085743082563084
            ],
            "accuracy": [
                0.86975
            ]
        },
        "validation": {
            "cont_1": {
                "accuracy": [
                    0.932
                ]
            },
            "cont_2": {
                "accuracy": [
                    0.9551666666666667
                ]
            },
            "cont_3": {
                "accuracy": [
                    0.909
                ]
            },
            "cont_4": {
                "accuracy": [
                    0.9159166666666667
                ]
            },
            "cont_5": {
                "accuracy": [
                    0.9100833333333334
                ]
            }
        }
    },
    "cont_3": {
        "training": {
            "loss": [
                0.3366203470726808
            ],
            "accuracy": [
                0.8855833333333333
            ]
        },
        "validation": {
            "cont_1": {
                "accuracy": [
                    0.9274166666666667
                ]
            },
            "cont_2": {
                "accuracy": [
                    0.94025
                ]
            },
            "cont_3": {
                "accuracy": [
                    0.9553333333333334
                ]
            },
            "cont_4": {
                "accuracy": [
                    0.9175
                ]
            },
            "cont_5": {
                "accuracy": [
                    0.909
                ]
            }
        }
    },
    "cont_4": {
        "training": {
            "loss": [
                0.2940236068715652
            ],
            "accuracy": [
                0.89925
            ]
        },
        "validation": {
            "cont_1": {
                "accuracy": [
                    0.92325
                ]
            },
            "cont_2": {
                "accuracy": [
                    0.93125
                ]
            },
            "cont_3": {
                "accuracy": [
                    0.9363333333333334
                ]
            },
            "cont_4": {
                "accuracy": [
                    0.9558333333333333
                ]
            },
            "cont_5": {
                "accuracy": [
                    0.909
                ]
            }
        }
    },
    "cont_5": {
        "training": {
            "loss": [
                0.2913235543606182
            ],
            "accuracy": [
                0.9046666666666666
            ]
        },
        "validation": {
            "cont_1": {
                "accuracy": [
                    0.9328333333333333
                ]
            },
            "cont_2": {
                "accuracy": [
                    0.9388333333333333
                ]
            },
            "cont_3": {
                "accuracy": [
                    0.94225
                ]
            },
            "cont_4": {
                "accuracy": [
                    0.9511666666666667
                ]
            },
            "cont_5": {
                "accuracy": [
                    0.959
                ]
            }
        }
    },
    "training_metrics": {
        "training": {},
        "validation": {
            "cont_1": {
                "accuracy": [
                    0.9328333333333333
                ],
                "flatness": [
                    0.23405395747721994
                ]
            },
            "cont_2": {
                "accuracy": [
                    0.9388333333333333
                ],
                "flatness": [
                    0.25332859932540386
                ]
            },
            "cont_3": {
                "accuracy": [
                    0.94225
                ],
                "flatness": [
                    0.30034491907667815
                ]
            },
            "cont_4": {
                "accuracy": [
                    0.9511666666666667
                ],
                "flatness": [
                    0.3392325214648676
                ]
            },
            "cont_5": {
                "accuracy": [
                    0.959
                ],
                "flatness": [
                    0.32134167535627395
                ]
            }
        }
    }
}