{
    "random_1": {
        "training": {
            "loss": [
                2.315591195503871,
                1.3405415117343267
            ],
            "accuracy": [
                0.40241666666666664,
                0.61375
            ]
        },
        "validation": {
            "random_1": {
                "accuracy": [
                    0.7180833333333333
                ]
            }
        }
    },
    "random_2": {
        "training": {
            "loss": [
                2.2805378545125325,
                1.3592720931768418
            ],
            "accuracy": [
                0.40658333333333335,
                0.60575
            ]
        },
        "validation": {
            "random_2": {
                "accuracy": [
                    0.7369166666666667
                ]
            }
        }
    },
    "random_3": {
        "training": {
            "loss": [
                2.3357135037581127,
                1.3477602916955949
            ],
            "accuracy": [
                0.3915,
                0.6074166666666667
            ]
        },
        "validation": {
            "random_3": {
                "accuracy": [
                    0.739
                ]
            }
        }
    },
    "random_4": {
        "training": {
            "loss": [
                2.3162659194469453,
                1.3370884489615757
            ],
            "accuracy": [
                0.39741666666666664,
                0.6195833333333334
            ]
        },
        "validation": {
            "random_4": {
                "accuracy": [
                    0.7603333333333333
                ]
            }
        }
    },
    "random_5": {
        "training": {
            "loss": [
                2.266067981402079,
                1.3148310249646504
            ],
            "accuracy": [
                0.40908333333333335,
                0.6235
            ]
        },
        "validation": {
            "random_5": {
                "accuracy": [
                    0.7206666666666667
                ]
            }
        }
    },
    "cont_1": {
        "training": {
            "loss": [
                2.27996040225029,
                1.3408282065788906
            ],
            "accuracy": [
                0.40608333333333335,
                0.6148333333333333
            ]
        },
        "validation": {
            "cont_1": {
                "accuracy": [
                    0.7335
                ]
            },
            "cont_2": {
                "accuracy": [
                    0.568
                ]
            },
            "cont_3": {
                "accuracy": [
                    0.5723333333333334
                ]
            },
            "cont_4": {
                "accuracy": [
                    0.565
                ]
            },
            "cont_5": {
                "accuracy": [
                    0.5799166666666666
                ]
            }
        }
    },
    "cont_2": {
        "training": {
            "loss": [
                1.5293060719569525,
                1.0205334558089574
            ],
            "accuracy": [
                0.5715,
                0.6945833333333333
            ]
        },
        "validation": {
            "cont_1": {
                "accuracy": [
                    0.69075
                ]
            },
            "cont_2": {
                "accuracy": [
                    0.8313333333333334
                ]
            },
            "cont_3": {
                "accuracy": [
                    0.6299166666666667
                ]
            },
            "cont_4": {
                "accuracy": [
                    0.63725
                ]
            },
            "cont_5": {
                "accuracy": [
                    0.6373333333333333
                ]
            }
        }
    },
    "cont_3": {
        "training": {
            "loss": [
                1.372046942124764,
                0.8956343795160453
            ],
            "accuracy": [
                0.61475,
                0.7305
            ]
        },
        "validation": {
            "cont_1": {
                "accuracy": [
                    0.6819166666666666
                ]
            },
            "cont_2": {
                "accuracy": [
                    0.7329166666666667
                ]
            },
            "cont_3": {
                "accuracy": [
                    0.8474166666666667
                ]
            },
            "cont_4": {
                "accuracy": [
                    0.6529166666666667
                ]
            },
            "cont_5": {
                "accuracy": [
                    0.6574166666666666
                ]
            }
        }
    },
    "cont_4": {
        "training": {
            "loss": [
                1.2852913684447607,
                0.7988929642041525
            ],
            "accuracy": [
                0.637,
                0.761
            ]
        },
        "validation": {
            "cont_1": {
                "accuracy": [
                    0.6834166666666667
                ]
            },
            "cont_2": {
                "accuracy": [
                    0.7108333333333333
                ]
            },
            "cont_3": {
                "accuracy": [
                    0.7428333333333333
                ]
            },
            "cont_4": {
                "accuracy": [
                    0.8519166666666667
                ]
            },
            "cont_5": {
                "accuracy": [
                    0.6720833333333334
                ]
            }
        }
    },
    "cont_5": {
        "training": {
            "loss": [
                1.2130387117862702,
                0.7106587130924066
            ],
            "accuracy": [
                0.6588333333333334,
                0.7805
            ]
        },
        "validation": {
            "cont_1": {
                "accuracy": [
                    0.695
                ]
            },
            "cont_2": {
                "accuracy": [
                    0.719
                ]
            },
            "cont_3": {
                "accuracy": [
                    0.7253333333333334
                ]
            },
            "cont_4": {
                "accuracy": [
                    0.7624166666666666
                ]
            },
            "cont_5": {
                "accuracy": [
                    0.8785833333333334
                ]
            }
        }
    },
    "training_metrics": {
        "training": {},
        "validation": {
            "cont_1": {
                "accuracy": [
                    0.695
                ],
                "flatness": [
                    0.6882494004796162
                ]
            },
            "cont_2": {
                "accuracy": [
                    0.719
                ],
                "flatness": [
                    0.6003708854891052
                ]
            },
            "cont_3": {
                "accuracy": [
                    0.7253333333333334
                ],
                "flatness": [
                    0.6877297794117646
                ]
            },
            "cont_4": {
                "accuracy": [
                    0.7624166666666666
                ],
                "flatness": [
                    0.7082741283200351
                ]
            },
            "cont_5": {
                "accuracy": [
                    0.8785833333333334
                ],
                "flatness": [
                    0.5753580574788959
                ]
            }
        }
    }
}