{
    "random_1": {
        "training": {
            "loss": [
                0.8763904303026656
            ],
            "accuracy": [
                0.7377196485623003
            ]
        },
        "validation": {
            "random_1": {
                "accuracy": [
                    0.9143370607028753
                ],
                "flatness": [
                    0.35587601004586156
                ]
            }
        }
    },
    "random_2": {
        "training": {
            "loss": [
                1.3339734460218264
            ],
            "accuracy": [
                0.6220047923322684
            ]
        },
        "validation": {
            "random_2": {
                "accuracy": [
                    0.8627196485623003
                ],
                "flatness": [
                    0.382149056822127
                ]
            }
        }
    },
    "random_3": {
        "training": {
            "loss": [
                1.3465740555010663
            ],
            "accuracy": [
                0.6162140575079872
            ]
        },
        "validation": {
            "random_3": {
                "accuracy": [
                    0.865814696485623
                ],
                "flatness": [
                    0.3613828989852398
                ]
            }
        }
    },
    "random_4": {
        "training": {
            "loss": [
                1.3582260375396131
            ],
            "accuracy": [
                0.6197084664536742
            ]
        },
        "validation": {
            "random_4": {
                "accuracy": [
                    0.8434504792332268
                ],
                "flatness": [
                    0.4019945549242424
                ]
            }
        }
    },
    "random_5": {
        "training": {
            "loss": [
                1.359278454567297
            ],
            "accuracy": [
                0.6193091054313099
            ]
        },
        "validation": {
            "random_5": {
                "accuracy": [
                    0.8688099041533547
                ],
                "flatness": [
                    0.4637719777062744
                ]
            }
        }
    },
    "cont_1": {
        "training": {
            "loss": [
                0.6745854991550644
            ],
            "accuracy": [
                0.7985223642172524
            ]
        },
        "validation": {
            "cont_1": {
                "accuracy": [
                    0.9014576677316294
                ],
                "flatness": [
                    0.2955282977073873
                ]
            },
            "cont_2": {
                "accuracy": [
                    0.6215055910543131
                ],
                "flatness": [
                    0.3120572289156627
                ]
            },
            "cont_3": {
                "accuracy": [
                    0.6249001597444089
                ],
                "flatness": [
                    0.3678712653778559
                ]
            },
            "cont_4": {
                "accuracy": [
                    0.62310303514377
                ],
                "flatness": [
                    0.39150076109597826
                ]
            },
            "cont_5": {
                "accuracy": [
                    0.6215055910543131
                ],
                "flatness": [
                    0.35322489959839354
                ]
            }
        }
    },
    "cont_2": {
        "training": {
            "loss": [
                1.6225544124746476
            ],
            "accuracy": [
                0.5597044728434505
            ]
        },
        "validation": {
            "cont_1": {
                "accuracy": [
                    0.8591253993610224
                ],
                "flatness": [
                    0.28940223707147006
                ]
            },
            "cont_2": {
                "accuracy": [
                    0.641673322683706
                ],
                "flatness": [
                    0.31868581764431314
                ]
            },
            "cont_3": {
                "accuracy": [
                    0.6154153354632588
                ],
                "flatness": [
                    0.3087980613238157
                ]
            },
            "cont_4": {
                "accuracy": [
                    0.6171126198083067
                ],
                "flatness": [
                    0.28231273256754574
                ]
            },
            "cont_5": {
                "accuracy": [
                    0.6109225239616614
                ],
                "flatness": [
                    0.37820620199378985
                ]
            }
        }
    },
    "cont_3": {
        "training": {
            "loss": [
                1.4874772471360886
            ],
            "accuracy": [
                0.5980431309904153
            ]
        },
        "validation": {
            "cont_1": {
                "accuracy": [
                    0.8471445686900958
                ],
                "flatness": [
                    0.18997642899233944
                ]
            },
            "cont_2": {
                "accuracy": [
                    0.6454672523961661
                ],
                "flatness": [
                    0.34676914153132254
                ]
            },
            "cont_3": {
                "accuracy": [
                    0.6670327476038339
                ],
                "flatness": [
                    0.35136955545577003
                ]
            },
            "cont_4": {
                "accuracy": [
                    0.6300918530351438
                ],
                "flatness": [
                    0.3304329741720805
                ]
            },
            "cont_5": {
                "accuracy": [
                    0.6245007987220448
                ],
                "flatness": [
                    0.3868715027977617
                ]
            }
        }
    },
    "cont_4": {
        "training": {
            "loss": [
                1.491349006994083
            ],
            "accuracy": [
                0.5961461661341853
            ]
        },
        "validation": {
            "cont_1": {
                "accuracy": [
                    0.8376597444089456
                ],
                "flatness": [
                    0.3103419249106079
                ]
            },
            "cont_2": {
                "accuracy": [
                    0.6456669329073482
                ],
                "flatness": [
                    0.36148426627493435
                ]
            },
            "cont_3": {
                "accuracy": [
                    0.6610423322683706
                ],
                "flatness": [
                    0.37021314756079143
                ]
            },
            "cont_4": {
                "accuracy": [
                    0.6705271565495208
                ],
                "flatness": [
                    0.39847379392495536
                ]
            },
            "cont_5": {
                "accuracy": [
                    0.6383785942492013
                ],
                "flatness": [
                    0.3637756099468252
                ]
            }
        }
    },
    "cont_5": {
        "training": {
            "loss": [
                1.9524823794730555
            ],
            "accuracy": [
                0.47993210862619806
            ]
        },
        "validation": {
            "cont_1": {
                "accuracy": [
                    0.7245407348242812
                ],
                "flatness": [
                    0.2897848628910018
                ]
            },