{
    "random_1": {
        "training": {
            "loss": [
                0.4765711970279614
            ],
            "accuracy": [
                0.7841666666666667
            ]
        },
        "validation": {
            "random_1": {
                "accuracy": [
                    0.8695
                ]
            }
        }
    },
    "random_2": {
        "training": {
            "loss": [
                0.48793901710708937
            ],
            "accuracy": [
                0.779
            ]
        },
        "validation": {
            "random_2": {
                "accuracy": [
                    0.8111666666666667
                ]
            }
        }
    },
    "random_3": {
        "training": {
            "loss": [
                0.4868689994265636
            ],
            "accuracy": [
                0.7753333333333333
            ]
        },
        "validation": {
            "random_3": {
                "accuracy": [
                    0.8091666666666667
                ]
            }
        }
    },
    "random_4": {
        "training": {
            "loss": [
                0.47131362939874333
            ],
            "accuracy": [
                0.7853333333333333
            ]
        },
        "validation": {
            "random_4": {
                "accuracy": [
                    0.8463333333333334
                ]
            }
        }
    },
    "random_5": {
        "training": {
            "loss": [
                0.4778947325448195
            ],
            "accuracy": [
                0.7839166666666667
            ]
        },
        "validation": {
            "random_5": {
                "accuracy": [
                    0.8731666666666666
                ]
            }
        }
    },
    "cont_1": {
        "training": {
            "loss": [
                0.4987201424042384
            ],
            "accuracy": [
                0.7699166666666667
            ]
        },
        "validation": {
            "cont_1": {
                "accuracy": [
                    0.8695833333333334
                ]
            },
            "cont_2": {
                "accuracy": [
                    0.817
                ]
            },
            "cont_3": {
                "accuracy": [
                    0.825
                ]
            },
            "cont_4": {
                "accuracy": [
                    0.8298333333333333
                ]
            },
            "cont_5": {
                "accuracy": [
                    0.8286666666666667
                ]
            }
        }
    },
    "cont_2": {
        "training": {
            "loss": [
                0.5337943303982416
            ],
            "accuracy": [
                0.8445
            ]
        },
        "validation": {
            "cont_1": {
                "accuracy": [
                    0.8996666666666666
                ]
            },
            "cont_2": {
                "accuracy": [
                    0.91575
                ]
            },
            "cont_3": {
                "accuracy": [
                    0.8814166666666666
                ]
            },
            "cont_4": {
                "accuracy": [
                    0.8760833333333333
                ]
            },
            "cont_5": {
                "accuracy": [
                    0.8775
                ]
            }
        }
    },
    "cont_3": {
        "training": {
            "loss": [
                0.4238484060068925
            ],
            "accuracy": [
                0.873
            ]
        },
        "validation": {
            "cont_1": {
                "accuracy": [
                    0.904
                ]
            },
            "cont_2": {
                "accuracy": [
                    0.9118333333333334
                ]
            },
            "cont_3": {
                "accuracy": [
                    0.9314166666666667
                ]
            },
            "cont_4": {
                "accuracy": [
                    0.8908333333333334
                ]
            },
            "cont_5": {
                "accuracy": [
                    0.8925
                ]
            }
        }
    },
    "cont_4": {
        "training": {
            "loss": [
                0.3775447394947211
            ],
            "accuracy": [
                0.8845
            ]
        },
        "validation": {
            "cont_1": {
                "accuracy": [
                    0.894
                ]
            },
            "cont_2": {
                "accuracy": [
                    0.8965833333333333
                ]
            },
            "cont_3": {
                "accuracy": [
                    0.9045833333333333
                ]
            },
            "cont_4": {
                "accuracy": [
                    0.918
                ]
            },
            "cont_5": {
                "accuracy": [
                    0.8845
                ]
            }
        }
    },
    "cont_5": {
        "training": {
            "loss": [
                0.3672485200564067
            ],
            "accuracy": [
                0.8880833333333333
            ]
        },
        "validation": {
            "cont_1": {
                "accuracy": [
                    0.9151666666666667
                ]
            },
            "cont_2": {
                "accuracy": [
                    0.9193333333333333
                ]
            },
            "cont_3": {
                "accuracy": [
                    0.9279166666666666
                ]
            },
            "cont_4": {
                "accuracy": [
                    0.9334166666666667
                ]
            },
            "cont_5": {
                "accuracy": [
                    0.9470833333333334
                ]
            }
        }
    },
    "training_metrics": {
        "training": {},
        "validation": {
            "cont_1": {
                "accuracy": [
                    0.9151666666666667
                ],
                "flatness": [
                    0.3917319249681296
                ]
            },
            "cont_2": {
                "accuracy": [
                    0.9193333333333333
                ],
                "flatness": [
                    0.22933284989122554
                ]
            },
            "cont_3": {
                "accuracy": [
                    0.9279166666666666
                ],
                "flatness": [
                    0.2008082622361922
                ]
            },
            "cont_4": {
                "accuracy": [
                    0.9334166666666667
                ],
                "flatness": [
                    0.2999732166770824
                ]
            },
            "cont_5": {
                "accuracy": [
                    0.9470833333333334
                ],
                "flatness": [
                    0.23862736471623408
                ]
            }
        }
    }
}