{
    "random_1": {
        "training": {
            "loss": [
                1.6419404385884604
            ],
            "accuracy": [
                0.4405
            ]
        },
        "validation": {
            "random_1": {
                "accuracy": [
                    0.79125
                ]
            }
        }
    },
    "random_2": {
        "training": {
            "loss": [
                1.6289598371187846
            ],
            "accuracy": [
                0.4493333333333333
            ]
        },
        "validation": {
            "random_2": {
                "accuracy": [
                    0.7718333333333334
                ]
            }
        }
    },
    "random_3": {
        "training": {
            "loss": [
                1.6512961117426554
            ],
            "accuracy": [
                0.4459166666666667
            ]
        },
        "validation": {
            "random_3": {
                "accuracy": [
                    0.7638333333333334
                ]
            }
        }
    },
    "random_4": {
        "training": {
            "loss": [
                1.642824959595998
            ],
            "accuracy": [
                0.4425
            ]
        },
        "validation": {
            "random_4": {
                "accuracy": [
                    0.7718333333333334
                ]
            }
        }
    },
    "random_5": {
        "training": {
            "loss": [
                1.640862981637319
            ],
            "accuracy": [
                0.43916666666666665
            ]
        },
        "validation": {
            "random_5": {
                "accuracy": [
                    0.7805833333333333
                ]
            }
        }
    },
    "cont_1": {
        "training": {
            "loss": [
                1.6163102513949077
            ],
            "accuracy": [
                0.4508333333333333
            ]
        },
        "validation": {
            "cont_1": {
                "accuracy": [
                    0.7865
                ]
            },
            "cont_2": {
                "accuracy": [
                    0.62575
                ]
            },
            "cont_3": {
                "accuracy": [
                    0.6211666666666666
                ]
            },
            "cont_4": {
                "accuracy": [
                    0.6223333333333333
                ]
            },
            "cont_5": {
                "accuracy": [
                    0.6215833333333334
                ]
            }
        }
    },
    "cont_2": {
        "training": {
            "loss": [
                1.139299704392751
            ],
            "accuracy": [
                0.64925
            ]
        },
        "validation": {
            "cont_1": {
                "accuracy": [
                    0.7805833333333333
                ]
            },
            "cont_2": {
                "accuracy": [
                    0.8569166666666667
                ]
            },
            "cont_3": {
                "accuracy": [
                    0.7013333333333334
                ]
            },
            "cont_4": {
                "accuracy": [
                    0.6996666666666667
                ]
            },
            "cont_5": {
                "accuracy": [
                    0.6965
                ]
            }
        }
    },
    "cont_3": {
        "training": {
            "loss": [
                0.9690359231630961
            ],
            "accuracy": [
                0.6930833333333334
            ]
        },
        "validation": {
            "cont_1": {
                "accuracy": [
                    0.7746666666666666
                ]
            },
            "cont_2": {
                "accuracy": [
                    0.8305833333333333
                ]
            },
            "cont_3": {
                "accuracy": [
                    0.8805833333333334
                ]
            },
            "cont_4": {
                "accuracy": [
                    0.7310833333333333
                ]
            },
            "cont_5": {
                "accuracy": [
                    0.7320833333333333
                ]
            }
        }
    },
    "cont_4": {
        "training": {
            "loss": [
                0.9118488186995188
            ],
            "accuracy": [
                0.71275
            ]
        },
        "validation": {
            "cont_1": {
                "accuracy": [
                    0.7866666666666666
                ]
            },
            "cont_2": {
                "accuracy": [
                    0.8126666666666666
                ]
            },
            "cont_3": {
                "accuracy": [
                    0.8483333333333334
                ]
            },
            "cont_4": {
                "accuracy": [
                    0.9004166666666666
                ]
            },
            "cont_5": {
                "accuracy": [
                    0.7448333333333333
                ]
            }
        }
    },
    "cont_5": {
        "training": {
            "loss": [
                0.8491033203601838
            ],
            "accuracy": [
                0.73275
            ]
        },
        "validation": {
            "cont_1": {
                "accuracy": [
                    0.7855833333333333
                ]
            },
            "cont_2": {
                "accuracy": [
                    0.8099166666666666
                ]
            },
            "cont_3": {
                "accuracy": [
                    0.8284166666666667
                ]
            },
            "cont_4": {
                "accuracy": [
                    0.857
                ]
            },
            "cont_5": {
                "accuracy": [
                    0.9029166666666667
                ]
            }
        }
    },
    "training_metrics": {
        "training": {},
        "validation": {
            "cont_1": {
                "accuracy": [
                    0.7855833333333333
                ],
                "flatness": [
                    0.6553125680436374
                ]
            },
            "cont_2": {
                "accuracy": [
                    0.8099166666666666
                ],
                "flatness": [
                    0.5895262128982297
                ]
            },
            "cont_3": {
                "accuracy": [
                    0.8284166666666667
                ],
                "flatness": [
                    0.597604815781532
                ]
            },
            "cont_4": {
                "accuracy": [
                    0.857
                ],
                "flatness": [
                    0.4924614628753915
                ]
            },
            "cont_5": {
                "accuracy": [
                    0.9029166666666667
                ],
                "flatness": [
                    0.584181381002113
                ]
            }
        }
    }
}