{
    "random_1": {
        "training": {
            "loss": [
                2.1692735147476196,
                1.0931651947895686
            ],
            "accuracy": [
                0.43975,
                0.6735833333333333
            ]
        },
        "validation": {
            "random_1": {
                "accuracy": [
                    0.8255
                ]
            }
        }
    },
    "random_2": {
        "training": {
            "loss": [
                2.146777943690618,
                1.0784571413199107
            ],
            "accuracy": [
                0.4415,
                0.67875
            ]
        },
        "validation": {
            "random_2": {
                "accuracy": [
                    0.8085833333333333
                ]
            }
        }
    },
    "random_3": {
        "training": {
            "loss": [
                2.1584967195192974,
                1.0713568399349849
            ],
            "accuracy": [
                0.43433333333333335,
                0.6805833333333333
            ]
        },
        "validation": {
            "random_3": {
                "accuracy": [
                    0.7696666666666667
                ]
            }
        }
    },
    "random_4": {
        "training": {
            "loss": [
                2.170558729807536,
                1.0735273549159368
            ],
            "accuracy": [
                0.4349166666666667,
                0.6829166666666666
            ]
        },
        "validation": {
            "random_4": {
                "accuracy": [
                    0.833
                ]
            }
        }
    },
    "random_5": {
        "training": {
            "loss": [
                2.1209703346888222,
                1.056995384156704
            ],
            "accuracy": [
                0.44508333333333333,
                0.6885
            ]
        },
        "validation": {
            "random_5": {
                "accuracy": [
                    0.8045833333333333
                ]
            }
        }
    },
    "cont_1": {
        "training": {
            "loss": [
                2.1581590667565664,
                1.073034485936165
            ],
            "accuracy": [
                0.4385,
                0.681
            ]
        },
        "validation": {
            "cont_1": {
                "accuracy": [
                    0.8175
                ]
            },
            "cont_2": {
                "accuracy": [
                    0.6554166666666666
                ]
            },
            "cont_3": {
                "accuracy": [
                    0.65225
                ]
            },
            "cont_4": {
                "accuracy": [
                    0.6485833333333333
                ]
            },
            "cont_5": {
                "accuracy": [
                    0.6546666666666666
                ]
            }
        }
    },
    "cont_2": {
        "training": {
            "loss": [
                1.212527777691682,
                0.7490335940519969
            ],
            "accuracy": [
                0.6426666666666667,
                0.7524166666666666
            ]
        },
        "validation": {
            "cont_1": {
                "accuracy": [
                    0.76875
                ]
            },
            "cont_2": {
                "accuracy": [
                    0.866
                ]
            },
            "cont_3": {
                "accuracy": [
                    0.6995
                ]
            },
            "cont_4": {
                "accuracy": [
                    0.697
                ]
            },
            "cont_5": {
                "accuracy": [
                    0.6925
                ]
            }
        }
    },
    "cont_3": {
        "training": {
            "loss": [
                1.0850954353411992,
                0.710821959555149
            ],
            "accuracy": [
                0.6806666666666666,
                0.7815
            ]
        },
        "validation": {
            "cont_1": {
                "accuracy": [
                    0.74375
                ]
            },
            "cont_2": {
                "accuracy": [
                    0.7775
                ]
            },
            "cont_3": {
                "accuracy": [
                    0.85375
                ]
            },
            "cont_4": {
                "accuracy": [
                    0.7008333333333333
                ]
            },
            "cont_5": {
                "accuracy": [
                    0.6995
                ]
            }
        }
    },
    "cont_4": {
        "training": {
            "loss": [
                1.011593716065089,
                0.6428169969916344
            ],
            "accuracy": [
                0.70325,
                0.7961666666666667
            ]
        },
        "validation": {
            "cont_1": {
                "accuracy": [
                    0.7840833333333334
                ]
            },
            "cont_2": {
                "accuracy": [
                    0.8099166666666666
                ]
            },
            "cont_3": {
                "accuracy": [
                    0.8366666666666667
                ]
            },
            "cont_4": {
                "accuracy": [
                    0.9098333333333334
                ]
            },
            "cont_5": {
                "accuracy": [
                    0.7506666666666667
                ]
            }
        }
    },
    "cont_5": {
        "training": {
            "loss": [
                0.9510130316813786,
                0.6051374335338672
            ],
            "accuracy": [
                0.717,
                0.8141666666666667
            ]
        },
        "validation": {
            "cont_1": {
                "accuracy": [
                    0.7804166666666666
                ]
            },
            "cont_2": {
                "accuracy": [
                    0.79875
                ]
            },
            "cont_3": {
                "accuracy": [
                    0.81
                ]
            },
            "cont_4": {
                "accuracy": [
                    0.8416666666666667
                ]
            },
            "cont_5": {
                "accuracy": [
                    0.9164166666666667
                ]
            }
        }
    },
    "training_metrics": {
        "training": {},
        "validation": {
            "cont_1": {
                "accuracy": [
                    0.7804166666666666
                ],
                "flatness": [
                    0.17597437266417512
                ]
            },
            "cont_2": {
                "accuracy": [
                    0.79875
                ],
                "flatness": [
                    0.18257694314032344
                ]
            },
            "cont_3": {
                "accuracy": [
                    0.81
                ],
                "flatness": [
                    0.19362139917695473
                ]
            },
            "cont_4": {
                "accuracy": [
                    0.8416666666666667
                ],
                "flatness": [
                    0.2051485148514851
                ]
            },
            "cont_5": {
                "accuracy": [
                    0.9164166666666667
                ],
                "flatness": [
                    0.19478039465308722
                ]
            }
        }
    }
}