{
    "joint_training": {
        "training": {
            "loss": [
                0.44764560555145144
            ],
            "accuracy": [
                0.8476
            ]
        },
        "validation": {
            "cont_1": {
                "accuracy": [
                    0.89825
                ],
                "flatness": [
                    0.44067167640783006
                ]
            },
            "cont_2": {
                "accuracy": [
                    0.9019166666666667
                ],
                "flatness": [
                    0.5070682805137208
                ]
            },
            "cont_3": {
                "accuracy": [
                    0.9019166666666667
                ],
                "flatness": [
                    0.543657026702393
                ]
            },
            "cont_4": {
                "accuracy": [
                    0.9096666666666666
                ],
                "flatness": [
                    0.5881275192378161
                ]
            },
            "cont_5": {
                "accuracy": [
                    0.901
                ],
                "flatness": [
                    0.5786163522012578
                ]
            }
        }
    }
}