{
    "random_1": {
        "training": {
            "loss": [
                0.605079146500784
            ],
            "accuracy": [
                0.7910343450479234
            ]
        },
        "validation": {
            "random_1": {
                "accuracy": [
                    0.9519768370607029
                ],
                "flatness": [
                    0.572000524383849
                ]
            }
        }
    },
    "random_2": {
        "training": {
            "loss": [
                0.6085314164860561
            ],
            "accuracy": [
                0.7947284345047924
            ]
        },
        "validation": {
            "random_2": {
                "accuracy": [
                    0.9567691693290735
                ],
                "flatness": [
                    0.5791381874152145
                ]
            }
        }
    },
    "random_3": {
        "training": {
            "loss": [
                0.5950501639241228
            ],
            "accuracy": [
                0.7985223642172524
            ]
        },
        "validation": {
            "random_3": {
                "accuracy": [
                    0.9562699680511182
                ],
                "flatness": [
                    0.5418596001252871
                ]
            }
        }
    },
    "random_4": {
        "training": {
            "loss": [
                0.5794875236888664
            ],
            "accuracy": [
                0.8048123003194888
            ]
        },
        "validation": {
            "random_4": {
                "accuracy": [
                    0.952276357827476
                ],
                "flatness": [
                    0.6249416806458378
                ]
            }
        }
    },
    "random_5": {
        "training": {
            "loss": [
                0.5900125845124166
            ],
            "accuracy": [
                0.8012180511182109
            ]
        },
        "validation": {
            "random_5": {
                "accuracy": [
                    0.9468849840255591
                ],
                "flatness": [
                    0.5587812368199072
                ]
            }
        }
    },
    "cont_1": {
        "training": {
            "loss": [
                0.5780360241429493
            ],
            "accuracy": [
                0.807008785942492
            ]
        },
        "validation": {
            "cont_1": {
                "accuracy": [
                    0.9545726837060703
                ],
                "flatness": [
                    0.6379654324861417
                ]
            },
            "cont_2": {
                "accuracy": [
                    0.8778953674121406
                ],
                "flatness": [
                    0.602025759126578
                ]
            },
            "cont_3": {
                "accuracy": [
                    0.8792931309904153
                ],
                "flatness": [
                    0.5864085386624277
                ]
            },
            "cont_4": {
                "accuracy": [
                    0.8829872204472844
                ],
                "flatness": [
                    0.5231265547263682
                ]
            },
            "cont_5": {
                "accuracy": [
                    0.8794928115015974
                ],
                "flatness": [
                    0.5596265183335226
                ]
            }
        }
    },
    "cont_2": {
        "training": {
            "loss": [
                0.3942786792215829
            ],
            "accuracy": [
                0.8714057507987221
            ]
        },
        "validation": {
            "cont_1": {
                "accuracy": [
                    0.9223242811501597
                ],
                "flatness": [
                    0.6054252814462006
                ]
            },
            "cont_2": {
                "accuracy": [
                    0.9604632587859425
                ],
                "flatness": [
                    0.5933822765072765
                ]
            },
            "cont_3": {
                "accuracy": [
                    0.887979233226837
                ],
                "flatness": [
                    0.6413790195637509
                ]
            },
            "cont_4": {
                "accuracy": [
                    0.8905750798722045
                ],
                "flatness": [
                    0.6928019899103139
                ]
            },
            "cont_5": {
                "accuracy": [
                    0.889776357827476
                ],
                "flatness": [
                    0.5816946252244165
                ]
            }
        }
    },
    "cont_3": {
        "training": {
            "loss": [
                0.32685750943070024
            ],
            "accuracy": [
                0.8912739616613419
            ]
        },
        "validation": {
            "cont_1": {
                "accuracy": [
                    0.9244209265175719
                ],
                "flatness": [
                    0.7020864834215358
                ]
            },
            "cont_2": {
                "accuracy": [
                    0.9471845047923323
                ],
                "flatness": [
                    0.7114011278591758
                ]
            },
            "cont_3": {
                "accuracy": [
                    0.9718450479233227
                ],
                "flatness": [
                    0.7472095233203204
                ]
            },
            "cont_4": {
                "accuracy": [
                    0.9108426517571885
                ],
                "flatness": [
                    0.7327092239394936
                ]
            },
            "cont_5": {
                "accuracy": [
                    0.9083466453674122
                ],
                "flatness": [
                    0.7050498735985931
                ]
            }
        }
    },
    "cont_4": {
        "training": {
            "loss": [
                0.2978421338438131
            ],
            "accuracy": [
                0.8973642172523961
            ]
        },
        "validation": {
            "cont_1": {
                "accuracy": [
                    0.9293130990415336
                ],
                "flatness": [
                    0.7740512193811775
                ]
            },
            "cont_2": {
                "accuracy": [
                    0.9334065495207667
                ],
                "flatness": [
                    0.7643792116803937
                ]
            },
            "cont_3": {
                "accuracy": [
                    0.950279552715655
                ],
                "flatness": [
                    0.7477240491699937
                ]
            },
            "cont_4": {
                "accuracy": [
                    0.97064696485623
                ],
                "flatness": [
                    0.6714674192552973
                ]
            },
            "cont_5": {
                "accuracy": [
                    0.9121405750798722
                ],
                "flatness": [
                    0.756719297285464
                ]
            }
        }
    },
    "cont_5": {
        "training": {
            "loss": [
                0.3758953340922872
            ],
            "accuracy": [
                0.8781948881789138
            ]
        },
        "validation": {
            "cont_1": {
                "accuracy": [
                    0.9188298722044729
                ],
                "flatness": [
                    0.7869213843311963
                ]
            },