{
    "random_1": {
        "training": {
            "loss": [
                0.2045221540151508
            ],
            "accuracy": [
                0.9362062101910829
            ]
        },
        "validation": {
            "random_1": {
                "accuracy": [
                    0.9724323248407644
                ],
                "flatness": [
                    0.4165215951273232
                ]
            }
        }
    },
    "random_2": {
        "training": {
            "loss": [
                0.3223939057748029
            ],
            "accuracy": [
                0.8936106687898089
            ]
        },
        "validation": {
            "random_2": {
                "accuracy": [
                    0.9763136942675159
                ],
                "flatness": [
                    0.4493944960996646
                ]
            }
        }
    },
    "random_3": {
        "training": {
            "loss": [
                0.6253224028523561
            ],
            "accuracy": [
                0.8094148089171974
            ]
        },
        "validation": {
            "random_3": {
                "accuracy": [
                    0.9611863057324841
                ],
                "flatness": [
                    0.4145674579606142
                ]
            }
        }
    },
    "random_4": {
        "training": {
            "loss": [
                0.5879619203175709
            ],
            "accuracy": [
                0.8185708598726115
            ]
        },
        "validation": {
            "random_4": {
                "accuracy": [
                    0.9643710191082803
                ],
                "flatness": [
                    0.48266563521573175
                ]
            }
        }
    },
    "random_5": {
        "training": {
            "loss": [
                0.5147207126875591
            ],
            "accuracy": [
                0.8388734076433121
            ]
        },
        "validation": {
            "random_5": {
                "accuracy": [
                    0.9721337579617835
                ],
                "flatness": [
                    0.4530947998812899
                ]
            }
        }
    },
    "cont_1": {
        "training": {
            "loss": [
                0.14381885835841582
            ],
            "accuracy": [
                0.9555135350318471
            ]
        },
        "validation": {
            "cont_1": {
                "accuracy": [
                    0.9616839171974523
                ],
                "flatness": [
                    0.45854625915822245
                ]
            },
            "cont_2": {
                "accuracy": [
                    0.8580812101910829
                ],
                "flatness": [
                    0.46328839007786665
                ]
            },
            "cont_3": {
                "accuracy": [
                    0.7709992038216561
                ],
                "flatness": [
                    0.4306505748990799
                ]
            },
            "cont_4": {
                "accuracy": [
                    0.7714968152866242
                ],
                "flatness": [
                    0.4927009170515495
                ]
            },
            "cont_5": {
                "accuracy": [
                    0.7939888535031847
                ],
                "flatness": [
                    0.4405170473950224
                ]
            }
        }
    },
    "cont_2": {
        "training": {
            "loss": [
                0.5645962400231391
            ],
            "accuracy": [
                0.8277269108280255
            ]
        },
        "validation": {
            "cont_1": {
                "accuracy": [
                    0.9287420382165605
                ],
                "flatness": [
                    0.44520065426647637
                ]
            },
            "cont_2": {
                "accuracy": [
                    0.9530254777070064
                ],
                "flatness": [
                    0.4566460431269436
                ]
            },
            "cont_3": {
                "accuracy": [
                    0.7852308917197452
                ],
                "flatness": [
                    0.47050253471191994
                ]
            },
            "cont_4": {
                "accuracy": [
                    0.7822452229299363
                ],
                "flatness": [
                    0.5254306629110534
                ]
            },
            "cont_5": {
                "accuracy": [
                    0.8026472929936306
                ],
                "flatness": [
                    0.4374683831038123
                ]
            }
        }
    },
    "cont_3": {
        "training": {
            "loss": [
                0.8225393627479578
            ],
            "accuracy": [
                0.7550756369426752
            ]
        },
        "validation": {
            "cont_1": {
                "accuracy": [
                    0.8856488853503185
                ],
                "flatness": [
                    0.428622879690234
                ]
            },
            "cont_2": {
                "accuracy": [
                    0.9058519108280255
                ],
                "flatness": [
                    0.45291447004651636
                ]
            },
            "cont_3": {
                "accuracy": [
                    0.9268511146496815
                ],
                "flatness": [
                    0.4326645550839975
                ]
            },
            "cont_4": {
                "accuracy": [
                    0.7750796178343949
                ],
                "flatness": [
                    0.42792982837299104
                ]
            },
            "cont_5": {
                "accuracy": [
                    0.7981687898089171
                ],
                "flatness": [
                    0.5229254996865765
                ]
            }
        }
    },
    "cont_4": {
        "training": {
            "loss": [
                1.097235529286087
            ],
            "accuracy": [
                0.6891918789808917
            ]
        },
        "validation": {
            "cont_1": {
                "accuracy": [
                    0.8159832802547771
                ],
                "flatness": [
                    0.3784257233339136
                ]
            },
            "cont_2": {
                "accuracy": [
                    0.8248407643312102
                ],
                "flatness": [
                    0.3384175922182248
                ]
            },
            "cont_3": {
                "accuracy": [
                    0.830015923566879
                ],
                "flatness": [
                    0.3705218825837691
                ]
            },
            "cont_4": {
                "accuracy": [
                    0.8947054140127388
                ],
                "flatness": [
                    0.30033453862579573
                ]
            },
            "cont_5": {
                "accuracy": [
                    0.7567675159235668
                ],
                "flatness": [
                    0.3111507104971357
                ]
            }
        }
    },
    "cont_5": {
        "training": {
            "loss": [
                0.8357475325939762
            ],
            "accuracy": [
                0.7501990445859873
            ]
        },
        "validation": {
            "cont_1": {
                "accuracy": [
                    0.8174761146496815
                ],
                "flatness": [
                    0.41983260373898545
                ]
            },