{
    "random_1": {
        "training": {
            "loss": [
                3.42604433426267
            ],
            "accuracy": [
                0.20024087221095335
            ]
        },
        "validation": {
            "random_1": {
                "accuracy": [
                    0.43892621703853957
                ]
            }
        }
    },
    "random_2": {
        "training": {
            "loss": [
                3.436099315511769
            ],
            "accuracy": [
                0.20067824544215057
            ]
        },
        "validation": {
            "random_2": {
                "accuracy": [
                    0.41405299191059014
                ]
            }
        }
    },
    "random_3": {
        "training": {
            "loss": [
                3.4370187450857723
            ],
            "accuracy": [
                0.19532200811963535
            ]
        },
        "validation": {
            "random_3": {
                "accuracy": [
                    0.4151686105658026
                ]
            }
        }
    },
    "random_4": {
        "training": {
            "loss": [
                3.381636250091615
            ],
            "accuracy": [
                0.20640846857192793
            ]
        },
        "validation": {
            "random_4": {
                "accuracy": [
                    0.43914807302231235
                ]
            }
        }
    },
    "random_5": {
        "training": {
            "loss": [
                3.455358666290376
            ],
            "accuracy": [
                0.19648833672608612
            ]
        },
        "validation": {
            "random_5": {
                "accuracy": [
                    0.4236118154218666
                ]
            }
        }
    },
    "cont_1": {
        "training": {
            "loss": [
                3.4531331784101336
            ],
            "accuracy": [
                0.19679893509430044
            ]
        },
        "validation": {
            "cont_1": {
                "accuracy": [
                    0.43478701827371335
                ]
            },
            "cont_2": {
                "accuracy": [
                    0.3110927992007312
                ]
            },
            "cont_3": {
                "accuracy": [
                    0.3125126774878096
                ]
            },
            "cont_4": {
                "accuracy": [
                    0.31433823529411764
                ]
            },
            "cont_5": {
                "accuracy": [
                    0.3110927992007312
                ]
            }
        }
    },
    "cont_2": {
        "training": {
            "loss": [
                2.688835278123194
            ],
            "accuracy": [
                0.32715517241681563
            ]
        },
        "validation": {
            "cont_1": {
                "accuracy": [
                    0.4061359026550521
                ]
            },
            "cont_2": {
                "accuracy": [
                    0.5248161764705882
                ]
            },
            "cont_3": {
                "accuracy": [
                    0.3703600405800415
                ]
            },
            "cont_4": {
                "accuracy": [
                    0.36900354973201094
                ]
            },
            "cont_5": {
                "accuracy": [
                    0.3682936105658026
                ]
            }
        }
    },
    "cont_3": {
        "training": {
            "loss": [
                2.486682483318128
            ],
            "accuracy": [
                0.3709178499227605
            ]
        },
        "validation": {
            "cont_1": {
                "accuracy": [
                    0.4312119675577291
                ]
            },
            "cont_2": {
                "accuracy": [
                    0.4694789553752535
                ]
            },
            "cont_3": {
                "accuracy": [
                    0.5700811359268173
                ]
            },
            "cont_4": {
                "accuracy": [
                    0.40816430019074956
                ]
            },
            "cont_5": {
                "accuracy": [
                    0.39899213995943206
                ]
            }
        }
    },
    "cont_4": {
        "training": {
            "loss": [
                2.3602998150289665
            ],
            "accuracy": [
                0.4014832657321713
            ]
        },
        "validation": {
            "cont_1": {
                "accuracy": [
                    0.43233392494929007
                ]
            },
            "cont_2": {
                "accuracy": [
                    0.45637677485996037
                ]
            },
            "cont_3": {
                "accuracy": [
                    0.4874492900608519
                ]
            },
            "cont_4": {
                "accuracy": [
                    0.5881338742756215
                ]
            },
            "cont_5": {
                "accuracy": [
                    0.41650608520478793
                ]
            }
        }
    },
    "cont_5": {
        "training": {
            "loss": [
                2.2895604682742463
            ],
            "accuracy": [
                0.4145791075111161
            ]
        },
        "validation": {
            "cont_1": {
                "accuracy": [
                    0.45247844828795225
                ]
            },
            "cont_2": {
                "accuracy": [
                    0.472654665338582
                ]
            },
            "cont_3": {
                "accuracy": [
                    0.4894206389694136
                ]
            },
            "cont_4": {
                "accuracy": [
                    0.5181161257727392
                ]
            },
            "cont_5": {
                "accuracy": [
                    0.6056351419878296
                ]
            }
        }
    },
    "training_metrics": {
        "training": {},
        "validation": {
            "cont_1": {
                "accuracy": [
                    0.45247844828795225
                ],
                "flatness": [
                    0.5394438150765358
                ]
            },
            "cont_2": {
                "accuracy": [
                    0.472654665338582
                ],
                "flatness": [
                    0.5361697212066954
                ]
            },
            "cont_3": {
                "accuracy": [
                    0.4894206389694136
                ],
                "flatness": [
                    0.5026242241768977
                ]
            },
            "cont_4": {
                "accuracy": [
                    0.5181161257727392
                ],
                "flatness": [
                    0.45836436869963937
                ]
            },
            "cont_5": {
                "accuracy": [
                    0.6056351419878296
                ],
                "flatness": [
                    0.5108910611429445
                ]
            }
        }
    }
}