{
    "random_1": {
        "training": {
            "loss": [
                2.214963239908218,
                1.2480894747972489
            ],
            "accuracy": [
                0.4211666666666667,
                0.6301666666666667
            ]
        },
        "validation": {
            "random_1": {
                "accuracy": [
                    0.7825833333333333
                ]
            }
        }
    },
    "random_2": {
        "training": {
            "loss": [
                2.1601981449921928,
                1.2270243642727534
            ],
            "accuracy": [
                0.42991666666666667,
                0.6385833333333333
            ]
        },
        "validation": {
            "random_2": {
                "accuracy": [
                    0.70325
                ]
            }
        }
    },
    "random_3": {
        "training": {
            "loss": [
                2.1794814149538677,
                1.2253716791073481
            ],
            "accuracy": [
                0.42225,
                0.6404166666666666
            ]
        },
        "validation": {
            "random_3": {
                "accuracy": [
                    0.7828333333333334
                ]
            }
        }
    },
    "random_4": {
        "training": {
            "loss": [
                2.193501832564672,
                1.2233510350783665
            ],
            "accuracy": [
                0.42525,
                0.6415
            ]
        },
        "validation": {
            "random_4": {
                "accuracy": [
                    0.686
                ]
            }
        }
    },
    "random_5": {
        "training": {
            "loss": [
                2.1533855702082314,
                1.2024058221578597
            ],
            "accuracy": [
                0.4400833333333333,
                0.64675
            ]
        },
        "validation": {
            "random_5": {
                "accuracy": [
                    0.7033333333333334
                ]
            }
        }
    },
    "cont_1": {
        "training": {
            "loss": [
                2.1655247715314228,
                1.234078501224518
            ],
            "accuracy": [
                0.42683333333333334,
                0.635
            ]
        },
        "validation": {
            "cont_1": {
                "accuracy": [
                    0.7401666666666666
                ]
            },
            "cont_2": {
                "accuracy": [
                    0.5716666666666667
                ]
            },
            "cont_3": {
                "accuracy": [
                    0.58425
                ]
            },
            "cont_4": {
                "accuracy": [
                    0.5753333333333334
                ]
            },
            "cont_5": {
                "accuracy": [
                    0.5818333333333333
                ]
            }
        }
    },
    "cont_2": {
        "training": {
            "loss": [
                1.4940784459114074,
                1.0827316972812018
            ],
            "accuracy": [
                0.5965833333333334,
                0.7088333333333333
            ]
        },
        "validation": {
            "cont_1": {
                "accuracy": [
                    0.7220833333333333
                ]
            },
            "cont_2": {
                "accuracy": [
                    0.83075
                ]
            },
            "cont_3": {
                "accuracy": [
                    0.6506666666666666
                ]
            },
            "cont_4": {
                "accuracy": [
                    0.6458333333333334
                ]
            },
            "cont_5": {
                "accuracy": [
                    0.64925
                ]
            }
        }
    },
    "cont_3": {
        "training": {
            "loss": [
                1.3202186151742936,
                0.938658482948939
            ],
            "accuracy": [
                0.63775,
                0.7406666666666667
            ]
        },
        "validation": {
            "cont_1": {
                "accuracy": [
                    0.7126666666666667
                ]
            },
            "cont_2": {
                "accuracy": [
                    0.7414166666666666
                ]
            },
            "cont_3": {
                "accuracy": [
                    0.84075
                ]
            },
            "cont_4": {
                "accuracy": [
                    0.6603333333333333
                ]
            },
            "cont_5": {
                "accuracy": [
                    0.6675833333333333
                ]
            }
        }
    },
    "cont_4": {
        "training": {
            "loss": [
                1.2745607664982477,
                0.8929724840720494
            ],
            "accuracy": [
                0.65,
                0.7563333333333333
            ]
        },
        "validation": {
            "cont_1": {
                "accuracy": [
                    0.7253333333333334
                ]
            },
            "cont_2": {
                "accuracy": [
                    0.7445833333333334
                ]
            },
            "cont_3": {
                "accuracy": [
                    0.7846666666666666
                ]
            },
            "cont_4": {
                "accuracy": [
                    0.87775
                ]
            },
            "cont_5": {
                "accuracy": [
                    0.6974166666666667
                ]
            }
        }
    },
    "cont_5": {
        "training": {
            "loss": [
                1.1971976061264673,
                0.7866406985918681
            ],
            "accuracy": [
                0.6675833333333333,
                0.781
            ]
        },
        "validation": {
            "cont_1": {
                "accuracy": [
                    0.7029166666666666
                ]
            },
            "cont_2": {
                "accuracy": [
                    0.713
                ]
            },
            "cont_3": {
                "accuracy": [
                    0.73225
                ]
            },
            "cont_4": {
                "accuracy": [
                    0.766
                ]
            },
            "cont_5": {
                "accuracy": [
                    0.8733333333333333
                ]
            }
        }
    },
    "training_metrics": {
        "training": {},
        "validation": {
            "cont_1": {
                "accuracy": [
                    0.7029166666666666
                ],
                "flatness": [
                    0.17877889745109657
                ]
            },
            "cont_2": {
                "accuracy": [
                    0.713
                ],
                "flatness": [
                    0.19869097709209912
                ]
            },
            "cont_3": {
                "accuracy": [
                    0.73225
                ],
                "flatness": [
                    0.2037100261750313
                ]
            },
            "cont_4": {
                "accuracy": [
                    0.766
                ],
                "flatness": [
                    0.1731940818102698
                ]
            },
            "cont_5": {
                "accuracy": [
                    0.8733333333333333
                ],
                "flatness": [
                    0.12709923664122139
                ]
            }
        }
    }
}