{
    "random_1": {
        "training": {
            "loss": [
                0.15283864424281274
            ],
            "accuracy": [
                0.9494808306709265
            ]
        },
        "validation": {
            "random_1": {
                "accuracy": [
                    0.9802316293929713
                ],
                "flatness": [
                    0.5349899419433692
                ]
            }
        }
    },
    "random_2": {
        "training": {
            "loss": [
                0.3996213632293593
            ],
            "accuracy": [
                0.8712060702875399
            ]
        },
        "validation": {
            "random_2": {
                "accuracy": [
                    0.9703474440894568
                ],
                "flatness": [
                    0.7159565027266179
                ]
            }
        }
    },
    "random_3": {
        "training": {
            "loss": [
                0.378754349538503
            ],
            "accuracy": [
                0.8781948881789138
            ]
        },
        "validation": {
            "random_3": {
                "accuracy": [
                    0.9628594249201278
                ],
                "flatness": [
                    0.5460623185400248
                ]
            }
        }
    },
    "random_4": {
        "training": {
            "loss": [
                0.39828711795730715
            ],
            "accuracy": [
                0.8715055910543131
            ]
        },
        "validation": {
            "random_4": {
                "accuracy": [
                    0.9642571884984026
                ],
                "flatness": [
                    0.5817301718782357
                ]
            }
        }
    },
    "random_5": {
        "training": {
            "loss": [
                0.3844144226025088
            ],
            "accuracy": [
                0.8751996805111821
            ]
        },
        "validation": {
            "random_5": {
                "accuracy": [
                    0.9694488817891374
                ],
                "flatness": [
                    0.7089643408856849
                ]
            }
        }
    },
    "cont_1": {
        "training": {
            "loss": [
                0.10643365920354693
            ],
            "accuracy": [
                0.9647563897763578
            ]
        },
        "validation": {
            "cont_1": {
                "accuracy": [
                    0.9755391373801917
                ],
                "flatness": [
                    0.5964250076757753
                ]
            },
            "cont_2": {
                "accuracy": [
                    0.8751996805111821
                ],
                "flatness": [
                    0.6179393394934977
                ]
            },
            "cont_3": {
                "accuracy": [
                    0.878694089456869
                ],
                "flatness": [
                    0.6730513578002499
                ]
            },
            "cont_4": {
                "accuracy": [
                    0.8743011182108626
                ],
                "flatness": [
                    0.6739758193445243
                ]
            },
            "cont_5": {
                "accuracy": [
                    0.8793929712460063
                ],
                "flatness": [
                    0.6129938692098093
                ]
            }
        }
    },
    "cont_2": {
        "training": {
            "loss": [
                0.3803601210323957
            ],
            "accuracy": [
                0.8822883386581469
            ]
        },
        "validation": {
            "cont_1": {
                "accuracy": [
                    0.9627595846645367
                ],
                "flatness": [
                    0.6658106916934564
                ]
            },
            "cont_2": {
                "accuracy": [
                    0.9501797124600639
                ],
                "flatness": [
                    0.7743189818220026
                ]
            },
            "cont_3": {
                "accuracy": [
                    0.8965654952076677
                ],
                "flatness": [
                    0.6395935412026725
                ]
            },
            "cont_4": {
                "accuracy": [
                    0.893470447284345
                ],
                "flatness": [
                    0.6383115431891832
                ]
            },
            "cont_5": {
                "accuracy": [
                    0.8991613418530351
                ],
                "flatness": [
                    0.67880093826338
                ]
            }
        }
    },
    "cont_3": {
        "training": {
            "loss": [
                0.30791380107045746
            ],
            "accuracy": [
                0.8974640575079872
            ]
        },
        "validation": {
            "cont_1": {
                "accuracy": [
                    0.96685303514377
                ],
                "flatness": [
                    0.6938990861214375
                ]
            },
            "cont_2": {
                "accuracy": [
                    0.9509784345047924
                ],
                "flatness": [
                    0.6555748031496063
                ]
            },
            "cont_3": {
                "accuracy": [
                    0.9701477635782748
                ],
                "flatness": [
                    0.6573177163733662
                ]
            },
            "cont_4": {
                "accuracy": [
                    0.9153354632587859
                ],
                "flatness": [
                    0.6569910285776615
                ]
            },
            "cont_5": {
                "accuracy": [
                    0.9164337060702875
                ],
                "flatness": [
                    0.6559905763155027
                ]
            }
        }
    },
    "cont_4": {
        "training": {
            "loss": [
                0.2765139824094864
            ],
            "accuracy": [
                0.9067492012779552
            ]
        },
        "validation": {
            "cont_1": {
                "accuracy": [
                    0.9651557507987221
                ],
                "flatness": [
                    0.7244620875142236
                ]
            },
            "cont_2": {
                "accuracy": [
                    0.9456869009584664
                ],
                "flatness": [
                    0.7738670555320947
                ]
            },
            "cont_3": {
                "accuracy": [
                    0.9629592651757188
                ],
                "flatness": [
                    0.7845282529808191
                ]
            },
            "cont_4": {
                "accuracy": [
                    0.976138178913738
                ],
                "flatness": [
                    0.6957022859772936
                ]
            },
            "cont_5": {
                "accuracy": [
                    0.9198282747603834
                ],
                "flatness": [
                    0.8143079073048952
                ]
            }
        }
    },
    "cont_5": {
        "training": {
            "loss": [
                0.2623079948531934
            ],
            "accuracy": [
                0.9138378594249201
            ]
        },
        "validation": {
            "cont_1": {
                "accuracy": [
                    0.9642571884984026
                ],
                "flatness": [
                    0.7964355974321805
                ]
            },