{
    "random_1": {
        "training": {
            "loss": [
                2.16276918387413,
                1.2326795469125111
            ],
            "accuracy": [
                0.42875,
                0.6293333333333333
            ]
        },
        "validation": {
            "random_1": {
                "accuracy": [
                    0.7420833333333333
                ]
            }
        }
    },
    "random_2": {
        "training": {
            "loss": [
                2.1673268750508625,
                1.2225940345923105
            ],
            "accuracy": [
                0.42383333333333334,
                0.6366666666666667
            ]
        },
        "validation": {
            "random_2": {
                "accuracy": [
                    0.749
                ]
            }
        }
    },
    "random_3": {
        "training": {
            "loss": [
                2.1570053955713906,
                1.2007876146237055
            ],
            "accuracy": [
                0.435,
                0.6399166666666667
            ]
        },
        "validation": {
            "random_3": {
                "accuracy": [
                    0.7719166666666667
                ]
            }
        }
    },
    "random_4": {
        "training": {
            "loss": [
                2.1648141677379606,
                1.2261120788653692
            ],
            "accuracy": [
                0.428,
                0.6451666666666667
            ]
        },
        "validation": {
            "random_4": {
                "accuracy": [
                    0.7723333333333333
                ]
            }
        }
    },
    "random_5": {
        "training": {
            "loss": [
                2.164005381822586,
                1.2296814566850662
            ],
            "accuracy": [
                0.4355833333333333,
                0.6450833333333333
            ]
        },
        "validation": {
            "random_5": {
                "accuracy": [
                    0.7266666666666667
                ]
            }
        }
    },
    "cont_1": {
        "training": {
            "loss": [
                2.1651581540107725,
                1.2379816668430965
            ],
            "accuracy": [
                0.43125,
                0.6355
            ]
        },
        "validation": {
            "cont_1": {
                "accuracy": [
                    0.7613333333333333
                ]
            },
            "cont_2": {
                "accuracy": [
                    0.5875833333333333
                ]
            },
            "cont_3": {
                "accuracy": [
                    0.5973333333333334
                ]
            },
            "cont_4": {
                "accuracy": [
                    0.5949166666666666
                ]
            },
            "cont_5": {
                "accuracy": [
                    0.5965
                ]
            }
        }
    },
    "cont_2": {
        "training": {
            "loss": [
                1.4172682001988093,
                0.954298406859239
            ],
            "accuracy": [
                0.59325,
                0.71625
            ]
        },
        "validation": {
            "cont_1": {
                "accuracy": [
                    0.7219166666666667
                ]
            },
            "cont_2": {
                "accuracy": [
                    0.84125
                ]
            },
            "cont_3": {
                "accuracy": [
                    0.6575833333333333
                ]
            },
            "cont_4": {
                "accuracy": [
                    0.6553333333333333
                ]
            },
            "cont_5": {
                "accuracy": [
                    0.6650833333333334
                ]
            }
        }
    },
    "cont_3": {
        "training": {
            "loss": [
                1.2852674591143927,
                0.8386492923895518
            ],
            "accuracy": [
                0.6303333333333333,
                0.7445833333333334
            ]
        },
        "validation": {
            "cont_1": {
                "accuracy": [
                    0.6990833333333333
                ]
            },
            "cont_2": {
                "accuracy": [
                    0.7343333333333333
                ]
            },
            "cont_3": {
                "accuracy": [
                    0.84125
                ]
            },
            "cont_4": {
                "accuracy": [
                    0.6559166666666667
                ]
            },
            "cont_5": {
                "accuracy": [
                    0.6559166666666667
                ]
            }
        }
    },
    "cont_4": {
        "training": {
            "loss": [
                1.209109117726485,
                0.7860086027383805
            ],
            "accuracy": [
                0.6529166666666667,
                0.7604166666666666
            ]
        },
        "validation": {
            "cont_1": {
                "accuracy": [
                    0.6449166666666667
                ]
            },
            "cont_2": {
                "accuracy": [
                    0.6600833333333334
                ]
            },
            "cont_3": {
                "accuracy": [
                    0.6895
                ]
            },
            "cont_4": {
                "accuracy": [
                    0.7895
                ]
            },
            "cont_5": {
                "accuracy": [
                    0.6175833333333334
                ]
            }
        }
    },
    "cont_5": {
        "training": {
            "loss": [
                1.173518306752046,
                0.7413288150330385
            ],
            "accuracy": [
                0.6630833333333334,
                0.7709166666666667
            ]
        },
        "validation": {
            "cont_1": {
                "accuracy": [
                    0.7188333333333333
                ]
            },
            "cont_2": {
                "accuracy": [
                    0.7376666666666667
                ]
            },
            "cont_3": {
                "accuracy": [
                    0.7531666666666667
                ]
            },
            "cont_4": {
                "accuracy": [
                    0.78275
                ]
            },
            "cont_5": {
                "accuracy": [
                    0.8911666666666667
                ]
            }
        }
    },
    "training_metrics": {
        "training": {},
        "validation": {
            "cont_1": {
                "accuracy": [
                    0.7188333333333333
                ],
                "flatness": [
                    0.3521910503130071
                ]
            },
            "cont_2": {
                "accuracy": [
                    0.7376666666666667
                ],
                "flatness": [
                    0.1629010393131496
                ]
            },
            "cont_3": {
                "accuracy": [
                    0.7531666666666667
                ],
                "flatness": [
                    0.2142066828944457
                ]
            },
            "cont_4": {
                "accuracy": [
                    0.78275
                ],
                "flatness": [
                    0.18077291600127757
                ]
            },
            "cont_5": {
                "accuracy": [
                    0.8911666666666667
                ],
                "flatness": [
                    0.1690667664110716
                ]
            }
        }
    }
}