{
    "random_1": {
        "training": {
            "loss": [
                0.18911621888067312
            ],
            "accuracy": [
                0.9400875796178344
            ]
        },
        "validation": {
            "random_1": {
                "accuracy": [
                    0.9782046178343949
                ],
                "flatness": [
                    0.4573509517236551
                ]
            }
        }
    },
    "random_2": {
        "training": {
            "loss": [
                0.3083687138500487
            ],
            "accuracy": [
                0.9029657643312102
            ]
        },
        "validation": {
            "random_2": {
                "accuracy": [
                    0.9762141719745223
                ],
                "flatness": [
                    0.450400652614667
                ]
            }
        }
    },
    "random_3": {
        "training": {
            "loss": [
                0.6668710788344122
            ],
            "accuracy": [
                0.8024482484076433
            ]
        },
        "validation": {
            "random_3": {
                "accuracy": [
                    0.963077229299363
                ],
                "flatness": [
                    0.43971194600571134
                ]
            }
        }
    },
    "random_4": {
        "training": {
            "loss": [
                0.5999978795932357
            ],
            "accuracy": [
                0.8161823248407644
            ]
        },
        "validation": {
            "random_4": {
                "accuracy": [
                    0.9628781847133758
                ],
                "flatness": [
                    0.3847514216142107
                ]
            }
        }
    },
    "random_5": {
        "training": {
            "loss": [
                0.5372582502236032
            ],
            "accuracy": [
                0.8354896496815286
            ]
        },
        "validation": {
            "random_5": {
                "accuracy": [
                    0.9654657643312102
                ],
                "flatness": [
                    0.43162457544205673
                ]
            }
        }
    },
    "cont_1": {
        "training": {
            "loss": [
                0.13409662265983072
            ],
            "accuracy": [
                0.9548168789808917
            ]
        },
        "validation": {
            "cont_1": {
                "accuracy": [
                    0.9661624203821656
                ],
                "flatness": [
                    0.44299778602572204
                ]
            },
            "cont_2": {
                "accuracy": [
                    0.8748009554140127
                ],
                "flatness": [
                    0.3815600115894865
                ]
            },
            "cont_3": {
                "accuracy": [
                    0.7762738853503185
                ],
                "flatness": [
                    0.40472788519125713
                ]
            },
            "cont_4": {
                "accuracy": [
                    0.7879179936305732
                ],
                "flatness": [
                    0.41560281729086845
                ]
            },
            "cont_5": {
                "accuracy": [
                    0.8072253184713376
                ],
                "flatness": [
                    0.3692722847364405
                ]
            }
        }
    },
    "cont_2": {
        "training": {
            "loss": [
                0.3744938144828104
            ],
            "accuracy": [
                0.8804737261146497
            ]
        },
        "validation": {
            "cont_1": {
                "accuracy": [
                    0.9581011146496815
                ],
                "flatness": [
                    0.401306482042196
                ]
            },
            "cont_2": {
                "accuracy": [
                    0.964968152866242
                ],
                "flatness": [
                    0.415695390083117
                ]
            },
            "cont_3": {
                "accuracy": [
                    0.8030453821656051
                ],
                "flatness": [
                    0.443380530888979
                ]
            },
            "cont_4": {
                "accuracy": [
                    0.8177746815286624
                ],
                "flatness": [
                    0.36608494634507593
                ]
            },
            "cont_5": {
                "accuracy": [
                    0.8252388535031847
                ],
                "flatness": [
                    0.4022982996109886
                ]
            }
        }
    },
    "cont_3": {
        "training": {
            "loss": [
                0.6765510436076267
            ],
            "accuracy": [
                0.8055334394904459
            ]
        },
        "validation": {
            "cont_1": {
                "accuracy": [
                    0.9442675159235668
                ],
                "flatness": [
                    0.44147976442518166
                ]
            },
            "cont_2": {
                "accuracy": [
                    0.9505374203821656
                ],
                "flatness": [
                    0.4522523821454912
                ]
            },
            "cont_3": {
                "accuracy": [
                    0.9508359872611465
                ],
                "flatness": [
                    0.497506280092108
                ]
            },
            "cont_4": {
                "accuracy": [
                    0.8291202229299363
                ],
                "flatness": [
                    0.4918146083598492
                ]
            },
            "cont_5": {
                "accuracy": [
                    0.8346934713375797
                ],
                "flatness": [
                    0.46850095425883564
                ]
            }
        }
    },
    "cont_4": {
        "training": {
            "loss": [
                0.5865863527461981
            ],
            "accuracy": [
                0.8192675159235668
            ]
        },
        "validation": {
            "cont_1": {
                "accuracy": [
                    0.9297372611464968
                ],
                "flatness": [
                    0.41027215819648755
                ]
            },
            "cont_2": {
                "accuracy": [
                    0.9261544585987261
                ],
                "flatness": [
                    0.4332008920585932
                ]
            },
            "cont_3": {
                "accuracy": [
                    0.9200835987261147
                ],
                "flatness": [
                    0.430624933286639
                ]
            },
            "cont_4": {
                "accuracy": [
                    0.9565087579617835
                ],
                "flatness": [
                    0.3684052129328133
                ]
            },
            "cont_5": {
                "accuracy": [
                    0.8303144904458599
                ],
                "flatness": [
                    0.4313595238955604
                ]
            }
        }
    },
    "cont_5": {
        "training": {
            "loss": [
                0.5728467634529065
            ],
            "accuracy": [
                0.8214570063694268
            ]
        },
        "validation": {
            "cont_1": {
                "accuracy": [
                    0.926453025477707
                ],
                "flatness": [
                    0.5215203027718048
                ]
            },