{
    "random_1": {
        "training": {
            "loss": [
                2.6042742234698175
            ],
            "accuracy": [
                0.18720207911959527
            ]
        },
        "validation": {
            "random_1": {
                "accuracy": [
                    0.40990111561261616
                ]
            }
        }
    },
    "random_2": {
        "training": {
            "loss": [
                2.6171885009469658
            ],
            "accuracy": [
                0.18885015214190765
            ]
        },
        "validation": {
            "random_2": {
                "accuracy": [
                    0.4179196247404052
                ]
            }
        }
    },
    "random_3": {
        "training": {
            "loss": [
                2.5732509947210005
            ],
            "accuracy": [
                0.1995943204989056
            ]
        },
        "validation": {
            "random_3": {
                "accuracy": [
                    0.4123161764736108
                ]
            }
        }
    },
    "random_4": {
        "training": {
            "loss": [
                2.565618601096813
            ],
            "accuracy": [
                0.20149594321695835
            ]
        },
        "validation": {
            "random_4": {
                "accuracy": [
                    0.4100722616753762
                ]
            }
        }
    },
    "random_5": {
        "training": {
            "loss": [
                2.5903915461855536
            ],
            "accuracy": [
                0.1926470588416647
            ]
        },
        "validation": {
            "random_5": {
                "accuracy": [
                    0.41409736309525447
                ]
            }
        }
    },
    "cont_1": {
        "training": {
            "loss": [
                2.5978872540272757
            ],
            "accuracy": [
                0.18972489858163297
            ]
        },
        "validation": {
            "cont_1": {
                "accuracy": [
                    0.3942380831643002
                ]
            },
            "cont_2": {
                "accuracy": [
                    0.2906566937180126
                ]
            },
            "cont_3": {
                "accuracy": [
                    0.29140466531742415
                ]
            },
            "cont_4": {
                "accuracy": [
                    0.2911130831582551
                ]
            },
            "cont_5": {
                "accuracy": [
                    0.29367393509127787
                ]
            }
        }
    },
    "cont_2": {
        "training": {
            "loss": [
                2.15606215783597
            ],
            "accuracy": [
                0.34221602435286097
            ]
        },
        "validation": {
            "cont_1": {
                "accuracy": [
                    0.42752915821803267
                ]
            },
            "cont_2": {
                "accuracy": [
                    0.5236561866155987
                ]
            },
            "cont_3": {
                "accuracy": [
                    0.3879690669310746
                ]
            },
            "cont_4": {
                "accuracy": [
                    0.386961206914687
                ]
            },
            "cont_5": {
                "accuracy": [
                    0.3873161764826784
                ]
            }
        }
    },
    "cont_3": {
        "training": {
            "loss": [
                1.945819276462462
            ],
            "accuracy": [
                0.39436485801217036
            ]
        },
        "validation": {
            "cont_1": {
                "accuracy": [
                    0.44185471604247606
                ]
            },
            "cont_2": {
                "accuracy": [
                    0.4834115111682768
                ]
            },
            "cont_3": {
                "accuracy": [
                    0.5664490365232464
                ]
            },
            "cont_4": {
                "accuracy": [
                    0.4198592799369994
                ]
            },
            "cont_5": {
                "accuracy": [
                    0.4214629817444219
                ]
            }
        }
    },
    "cont_4": {
        "training": {
            "loss": [
                1.8472750752741134
            ],
            "accuracy": [
                0.4233265720141587
            ]
        },
        "validation": {
            "cont_1": {
                "accuracy": [
                    0.4666391988010967
                ]
            },
            "cont_2": {
                "accuracy": [
                    0.4900038032575263
                ]
            },
            "cont_3": {
                "accuracy": [
                    0.5234153144076679
                ]
            },
            "cont_4": {
                "accuracy": [
                    0.5992647058823529
                ]
            },
            "cont_5": {
                "accuracy": [
                    0.4504880831703453
                ]
            }
        }
    },
    "cont_5": {
        "training": {
            "loss": [
                1.7637981230782205
            ],
            "accuracy": [
                0.44403524340166284
            ]
        },
        "validation": {
            "cont_1": {
                "accuracy": [
                    0.47120309332442334
                ]
            },
            "cont_2": {
                "accuracy": [
                    0.49020030426568
                ]
            },
            "cont_3": {
                "accuracy": [
                    0.505578093306288
                ]
            },
            "cont_4": {
                "accuracy": [
                    0.5327396044624746
                ]
            },
            "cont_5": {
                "accuracy": [
                    0.6110103955496156
                ]
            }
        }
    },
    "training_metrics": {
        "training": {},
        "validation": {
            "cont_1": {
                "accuracy": [
                    0.47120309332442334
                ],
                "flatness": [
                    0.565480644718404
                ]
            },
            "cont_2": {
                "accuracy": [
                    0.49020030426568
                ],
                "flatness": [
                    0.514417282646213
                ]
            },
            "cont_3": {
                "accuracy": [
                    0.505578093306288
                ],
                "flatness": [
                    0.5384514093477553
                ]
            },
            "cont_4": {
                "accuracy": [
                    0.5327396044624746
                ],
                "flatness": [
                    0.42368820781748207
                ]
            },
            "cont_5": {
                "accuracy": [
                    0.6110103955496156
                ],
                "flatness": [
                    0.5239270266487939
                ]
            }
        }
    }
}