{
    "joint_training": {
        "training": {
            "loss": [
                0.44379407558888195
            ],
            "accuracy": [
                0.8503166666666667
            ]
        },
        "validation": {
            "cont_1": {
                "accuracy": [
                    0.9056666666666666
                ],
                "flatness": [
                    0.5649613544350387
                ]
            },
            "cont_2": {
                "accuracy": [
                    0.9009166666666667
                ],
                "flatness": [
                    0.5401905466654332
                ]
            },
            "cont_3": {
                "accuracy": [
                    0.90375
                ],
                "flatness": [
                    0.5635776855693868
                ]
            },
            "cont_4": {
                "accuracy": [
                    0.906
                ],
                "flatness": [
                    0.6282192788815305
                ]
            },
            "cont_5": {
                "accuracy": [
                    0.9053333333333333
                ],
                "flatness": [
                    0.5364506627393225
                ]
            }
        }
    }
}