{
    "random_1": {
        "training": {
            "loss": [
                0.15691924729876838
            ],
            "accuracy": [
                0.9508359872611465
            ]
        },
        "validation": {
            "random_1": {
                "accuracy": [
                    0.98546974522293
                ],
                "flatness": [
                    0.36403958799983005
                ]
            }
        }
    },
    "random_2": {
        "training": {
            "loss": [
                0.3949227059722706
            ],
            "accuracy": [
                0.8740047770700637
            ]
        },
        "validation": {
            "random_2": {
                "accuracy": [
                    0.9728304140127388
                ],
                "flatness": [
                    0.3637099750755388
                ]
            }
        }
    },
    "random_3": {
        "training": {
            "loss": [
                0.7052053188442424
            ],
            "accuracy": [
                0.7932921974522293
            ]
        },
        "validation": {
            "random_3": {
                "accuracy": [
                    0.9621815286624203
                ],
                "flatness": [
                    0.2950245658868988
                ]
            }
        }
    },
    "random_4": {
        "training": {
            "loss": [
                1.0814902376217448
            ],
            "accuracy": [
                0.70203025477707
            ]
        },
        "validation": {
            "random_4": {
                "accuracy": [
                    0.9192874203821656
                ],
                "flatness": [
                    0.38357664909315814
                ]
            }
        }
    },
    "random_5": {
        "training": {
            "loss": [
                1.0934640503233406
            ],
            "accuracy": [
                0.7009355095541401
            ]
        },
        "validation": {
            "random_5": {
                "accuracy": [
                    0.9282444267515924
                ],
                "flatness": [
                    0.37768709103982145
                ]
            }
        }
    },
    "cont_1": {
        "training": {
            "loss": [
                0.11741852011994287
            ],
            "accuracy": [
                0.9636743630573248
            ]
        },
        "validation": {
            "cont_1": {
                "accuracy": [
                    0.9699442675159236
                ],
                "flatness": [
                    0.3678932392117719
                ]
            },
            "cont_2": {
                "accuracy": [
                    0.841859076433121
                ],
                "flatness": [
                    0.3639638262193019
                ]
            },
            "cont_3": {
                "accuracy": [
                    0.765625
                ],
                "flatness": [
                    0.40744898027303267
                ]
            },
            "cont_4": {
                "accuracy": [
                    0.6953622611464968
                ],
                "flatness": [
                    0.426935738334503
                ]
            },
            "cont_5": {
                "accuracy": [
                    0.6906847133757962
                ],
                "flatness": [
                    0.40844884796341835
                ]
            }
        }
    },
    "cont_2": {
        "training": {
            "loss": [
                1.0066873455882832
            ],
            "accuracy": [
                0.7181528662420382
            ]
        },
        "validation": {
            "cont_1": {
                "accuracy": [
                    0.8991839171974523
                ],
                "flatness": [
                    0.377382124986316
                ]
            },
            "cont_2": {
                "accuracy": [
                    0.935609076433121
                ],
                "flatness": [
                    0.3543396988202633
                ]
            },
            "cont_3": {
                "accuracy": [
                    0.7406449044585988
                ],
                "flatness": [
                    0.37124529776794873
                ]
            },
            "cont_4": {
                "accuracy": [
                    0.6876990445859873
                ],
                "flatness": [
                    0.30849023176516194
                ]
            },
            "cont_5": {
                "accuracy": [
                    0.6951632165605095
                ],
                "flatness": [
                    0.4410497495167241
                ]
            }
        }
    },
    "cont_3": {
        "training": {
            "loss": [
                0.8908549685766742
            ],
            "accuracy": [
                0.7398487261146497
            ]
        },
        "validation": {
            "cont_1": {
                "accuracy": [
                    0.8857484076433121
                ],
                "flatness": [
                    0.40969943841253775
                ]
            },
            "cont_2": {
                "accuracy": [
                    0.8802746815286624
                ],
                "flatness": [
                    0.26558648975371235
                ]
            },
            "cont_3": {
                "accuracy": [
                    0.913515127388535
                ],
                "flatness": [
                    0.3744977667228058
                ]
            },
            "cont_4": {
                "accuracy": [
                    0.7038216560509554
                ],
                "flatness": [
                    0.4751958431836167
                ]
            },
            "cont_5": {
                "accuracy": [
                    0.7093949044585988
                ],
                "flatness": [
                    0.46441428254616646
                ]
            }
        }
    },
    "cont_4": {
        "training": {
            "loss": [
                1.0620812614252613
            ],
            "accuracy": [
                0.7008359872611465
            ]
        },
        "validation": {
            "cont_1": {
                "accuracy": [
                    0.8714171974522293
                ],
                "flatness": [
                    0.4261646303100203
                ]
            },
            "cont_2": {
                "accuracy": [
                    0.8608678343949044
                ],
                "flatness": [
                    0.3974913301288737
                ]
            },
            "cont_3": {
                "accuracy": [
                    0.8730095541401274
                ],
                "flatness": [
                    0.42847469215979056
                ]
            },
            "cont_4": {
                "accuracy": [
                    0.9014729299363057
                ],
                "flatness": [
                    0.3981331418499723
                ]
            },
            "cont_5": {
                "accuracy": [
                    0.7296974522292994
                ],
                "flatness": [
                    0.5421232278693002
                ]
            }
        }
    },
    "cont_5": {
        "training": {
            "loss": [
                1.1652442900238522
            ],
            "accuracy": [
                0.6722730891719745
            ]
        },
        "validation": {
            "cont_1": {
                "accuracy": [
                    0.8325039808917197
                ],
                "flatness": [
                    0.49596234331997435
                ]
            },