{
    "joint_training": {
        "training": {
            "loss": [
                1.2530935519218445
            ],
            "accuracy": [
                0.6520833333333333
            ]
        },
        "validation": {
            "cont_1": {
                "accuracy": [
                    0.8420877659574468
                ],
                "flatness": [
                    0.5024844002827231
                ]
            },
            "cont_2": {
                "accuracy": [
                    0.8342752659574468
                ],
                "flatness": [
                    0.599716866137271
                ]
            },
            "cont_3": {
                "accuracy": [
                    0.8459109042553191
                ],
                "flatness": [
                    0.581875597821463
                ]
            },
            "cont_4": {
                "accuracy": [
                    0.8387632978723404
                ],
                "flatness": [
                    0.5545445076402731
                ]
            },
            "cont_5": {
                "accuracy": [
                    0.839095744680851
                ],
                "flatness": [
                    0.6089470906376551
                ]
            },
            "cont_6": {
                "accuracy": [
                    0.8417553191489362
                ],
                "flatness": [
                    0.5280840337687799
                ]
            },
            "cont_7": {
                "accuracy": [
                    0.8450797872340425
                ],
                "flatness": [
                    0.508101095583203
                ]
            },
            "cont_8": {
                "accuracy": [
                    0.8380984042553191
                ],
                "flatness": [
                    0.5616568206807497
                ]
            },
            "cont_9": {
                "accuracy": [
                    0.843251329787234
                ],
                "flatness": [
                    0.5397602032896296
                ]
            },
            "cont_10": {
                "accuracy": [
                    0.843251329787234
                ],
                "flatness": [
                    0.6033455423054338
                ]
            }
        }
    }
}