{
    "random_1": {
        "training": {
            "loss": [
                0.10722226053004778
            ],
            "accuracy": [
                0.9604430379746836
            ]
        },
        "validation": {
            "random_1": {
                "accuracy": [
                    0.9910996835443038
                ]
            }
        }
    },
    "random_2": {
        "training": {
            "loss": [
                0.09856088301520559
            ],
            "accuracy": [
                0.9649920886075949
            ]
        },
        "validation": {
            "random_2": {
                "accuracy": [
                    0.9909018987341772
                ]
            }
        }
    },
    "random_3": {
        "training": {
            "loss": [
                0.18986503421505796
            ],
            "accuracy": [
                0.9394778481012658
            ]
        },
        "validation": {
            "random_3": {
                "accuracy": [
                    0.991495253164557
                ]
            }
        }
    },
    "random_4": {
        "training": {
            "loss": [
                0.19274023505328577
            ],
            "accuracy": [
                0.9367088607594937
            ]
        },
        "validation": {
            "random_4": {
                "accuracy": [
                    0.9833860759493671
                ]
            }
        }
    },
    "random_5": {
        "training": {
            "loss": [
                0.15584208469696437
            ],
            "accuracy": [
                0.9467958860759493
            ]
        },
        "validation": {
            "random_5": {
                "accuracy": [
                    0.9916930379746836
                ]
            }
        }
    },
    "random_6": {
        "training": {
            "loss": [
                0.3154068738222122
            ],
            "accuracy": [
                0.8959651898734177
            ]
        },
        "validation": {
            "random_6": {
                "accuracy": [
                    0.9786392405063291
                ]
            }
        }
    },
    "random_7": {
        "training": {
            "loss": [
                0.320978376307065
            ],
            "accuracy": [
                0.8916139240506329
            ]
        },
        "validation": {
            "random_7": {
                "accuracy": [
                    0.9899129746835443
                ]
            }
        }
    },
    "random_8": {
        "training": {
            "loss": [
                0.3101870365723779
            ],
            "accuracy": [
                0.8939873417721519
            ]
        },
        "validation": {
            "random_8": {
                "accuracy": [
                    0.9804193037974683
                ]
            }
        }
    },
    "random_9": {
        "training": {
            "loss": [
                0.31698839385298233
            ],
            "accuracy": [
                0.895371835443038
            ]
        },
        "validation": {
            "random_9": {
                "accuracy": [
                    0.9804193037974683
                ]
            }
        }
    },
    "random_10": {
        "training": {
            "loss": [
                0.3119171915363662
            ],
            "accuracy": [
                0.8928006329113924
            ]
        },
        "validation": {
            "random_10": {
                "accuracy": [
                    0.9821993670886076
                ]
            }
        }
    },
    "cont_1": {
        "training": {
            "loss": [
                0.0957951129095841
            ],
            "accuracy": [
                0.9659810126582279
            ]
        },
        "validation": {
            "cont_1": {
                "accuracy": [
                    0.9849683544303798
                ]
            },
            "cont_2": {
                "accuracy": [
                    0.9659810126582279
                ]
            },
            "cont_3": {
                "accuracy": [
                    0.9262262658227848
                ]
            },
            "cont_4": {
                "accuracy": [
                    0.9295886075949367
                ]
            },
            "cont_5": {
                "accuracy": [
                    0.9410601265822784
                ]
            },
            "cont_6": {
                "accuracy": [
                    0.8955696202531646
                ]
            },
            "cont_7": {
                "accuracy": [
                    0.8947784810126582
                ]
            },
            "cont_8": {
                "accuracy": [
                    0.8951740506329114
                ]
            },
            "cont_9": {
                "accuracy": [
                    0.8985363924050633
                ]
            },
            "cont_10": {
                "accuracy": [
                    0.8900316455696202
                ]
            }
        }
    },
    "cont_2": {
        "training": {
            "loss": [
                0.11075048297172106
            ],
            "accuracy": [
                0.9636075949367089
            ]
        },
        "validation": {
            "cont_1": {
                "accuracy": [
                    0.984375
                ]
            },
            "cont_2": {
                "accuracy": [
                    0.9833860759493671
                ]
            },
            "cont_3": {
                "accuracy": [
                    0.9384889240506329
                ]
            },
            "cont_4": {
                "accuracy": [
                    0.9450158227848101
                ]
            },
            "cont_5": {
                "accuracy": [
                    0.9481803797468354
                ]
            },
            "cont_6": {
                "accuracy": [
                    0.9113924050632911
                ]
            },
            "cont_7": {
                "accuracy": [
                    0.9107990506329114
                ]
            },
            "cont_8": {
                "accuracy": [
                    0.9028876582278481
                ]
            },
            "cont_9": {
                "accuracy": [
                    0.9153481012658228
                ]
            },
            "cont_10": {
                "accuracy": [
                    0.9104034810126582
                ]
            }
        }
    },
    "cont_3": {
        "training": {
            "loss": [
                0.1963540226975574
            ],
            "accuracy": [
                0.9299841772151899
            ]
        },
        "validation": {
            "cont_1": {
                "accuracy": [
                    0.9831882911392406
                ]
            },
            "cont_2": {
                "accuracy": [
                    0.9857594936708861
                ]
            },
            "cont_3": {
                "accuracy": [
                    0.9871439873417721
                ]
            },
            "cont_4": {
                "accuracy": [
                    0.9541139240506329
                ]
            },
            "cont_5": {
                "accuracy": [
                    0.9547072784810127
                ]
            },
            "cont_6": {
                "accuracy": [
                    0.9216772151898734
                ]
            },
            "cont_7": {
                "accuracy": [
                    0.9196993670886076
                ]
            },
            "cont_8": {
                "accuracy": [
                    0.9155458860759493
                ]
            },