{
    "random_1": {
        "training": {
            "loss": [
                0.8021651848106627
            ],
            "accuracy": [
                0.7607484076433121
            ]
        },
        "validation": {
            "random_1": {
                "accuracy": [
                    0.9415804140127388
                ],
                "flatness": [
                    0.3717569499385746
                ]
            }
        }
    },
    "random_2": {
        "training": {
            "loss": [
                0.621487044984368
            ],
            "accuracy": [
                0.809812898089172
            ]
        },
        "validation": {
            "random_2": {
                "accuracy": [
                    0.9596934713375797
                ],
                "flatness": [
                    0.37898657091868243
                ]
            }
        }
    },
    "random_3": {
        "training": {
            "loss": [
                0.49012317152539636
            ],
            "accuracy": [
                0.8507165605095541
            ]
        },
        "validation": {
            "random_3": {
                "accuracy": [
                    0.9604896496815286
                ],
                "flatness": [
                    0.2963169619340672
                ]
            }
        }
    },
    "random_4": {
        "training": {
            "loss": [
                1.0579644506144676
            ],
            "accuracy": [
                0.6904856687898089
            ]
        },
        "validation": {
            "random_4": {
                "accuracy": [
                    0.9032643312101911
                ],
                "flatness": [
                    0.3290582307454719
                ]
            }
        }
    },
    "random_5": {
        "training": {
            "loss": [
                1.0538198442975426
            ],
            "accuracy": [
                0.6999402866242038
            ]
        },
        "validation": {
            "random_5": {
                "accuracy": [
                    0.9186902866242038
                ],
                "flatness": [
                    0.39203228333727047
                ]
            }
        }
    },
    "cont_1": {
        "training": {
            "loss": [
                0.7635030268104213
            ],
            "accuracy": [
                0.7732882165605095
            ]
        },
        "validation": {
            "cont_1": {
                "accuracy": [
                    0.9410828025477707
                ],
                "flatness": [
                    0.3376678832215706
                ]
            },
            "cont_2": {
                "accuracy": [
                    0.8150875796178344
                ],
                "flatness": [
                    0.37309065979770106
                ]
            },
            "cont_3": {
                "accuracy": [
                    0.8341958598726115
                ],
                "flatness": [
                    0.3988215823186038
                ]
            },
            "cont_4": {
                "accuracy": [
                    0.7053144904458599
                ],
                "flatness": [
                    0.4098902928235417
                ]
            },
            "cont_5": {
                "accuracy": [
                    0.7089968152866242
                ],
                "flatness": [
                    0.3826379146186373
                ]
            }
        }
    },
    "cont_2": {
        "training": {
            "loss": [
                0.5626340080408534
            ],
            "accuracy": [
                0.8287221337579618
            ]
        },
        "validation": {
            "cont_1": {
                "accuracy": [
                    0.8769904458598726
                ],
                "flatness": [
                    0.3052876759389829
                ]
            },
            "cont_2": {
                "accuracy": [
                    0.9469546178343949
                ],
                "flatness": [
                    0.25682658965438526
                ]
            },
            "cont_3": {
                "accuracy": [
                    0.8191679936305732
                ],
                "flatness": [
                    0.2784360957499075
                ]
            },
            "cont_4": {
                "accuracy": [
                    0.7082006369426752
                ],
                "flatness": [
                    0.32096086289689674
                ]
            },
            "cont_5": {
                "accuracy": [
                    0.7078025477707006
                ],
                "flatness": [
                    0.31716781564484303
                ]
            }
        }
    },
    "cont_3": {
        "training": {
            "loss": [
                1.1066025932123706
            ],
            "accuracy": [
                0.6801353503184714
            ]
        },
        "validation": {
            "cont_1": {
                "accuracy": [
                    0.8029458598726115
                ],
                "flatness": [
                    0.28362357496373064
                ]
            },
            "cont_2": {
                "accuracy": [
                    0.8423566878980892
                ],
                "flatness": [
                    0.22782992711343533
                ]
            },
            "cont_3": {
                "accuracy": [
                    0.9063495222929936
                ],
                "flatness": [
                    0.2825551775005236
                ]
            },
            "cont_4": {
                "accuracy": [
                    0.6925756369426752
                ],
                "flatness": [
                    0.3584897269606847
                ]
            },
            "cont_5": {
                "accuracy": [
                    0.6963574840764332
                ],
                "flatness": [
                    0.37297877747449976
                ]
            }
        }
    },
    "cont_4": {
        "training": {
            "loss": [
                1.1035136113500899
            ],
            "accuracy": [
                0.6880971337579618
            ]
        },
        "validation": {
            "cont_1": {
                "accuracy": [
                    0.7931926751592356
                ],
                "flatness": [
                    0.46548431679625135
                ]
            },
            "cont_2": {
                "accuracy": [
                    0.8104100318471338
                ],
                "flatness": [
                    0.37953395559060754
                ]
            },
            "cont_3": {
                "accuracy": [
                    0.8478304140127388
                ],
                "flatness": [
                    0.4781045318391488
                ]
            },
            "cont_4": {
                "accuracy": [
                    0.8817675159235668
                ],
                "flatness": [
                    0.3279988713740764
                ]
            },
            "cont_5": {
                "accuracy": [
                    0.7044187898089171
                ],
                "flatness": [
                    0.4802829199084525
                ]
            }
        }
    },
    "cont_5": {
        "training": {
            "loss": [
                1.032078242605659
            ],
            "accuracy": [
                0.7019307324840764
            ]
        },
        "validation": {
            "cont_1": {
                "accuracy": [
                    0.8008558917197452
                ],
                "flatness": [
                    0.3821107247726983
                ]
            },