{
    "random_1": {
        "training": {
            "loss": [
                3.3471081982277955,
                2.5416109707606975
            ],
            "accuracy": [
                0.204519523326572,
                0.3512614097363083
            ]
        },
        "validation": {
            "random_1": {
                "accuracy": [
                    0.47927231237322515
                ]
            }
        }
    },
    "random_2": {
        "training": {
            "loss": [
                3.3666565649166067,
                2.550708148288437
            ],
            "accuracy": [
                0.2002091784989858,
                0.35379690669371194
            ]
        },
        "validation": {
            "random_2": {
                "accuracy": [
                    0.4795892494929006
                ]
            }
        }
    },
    "random_3": {
        "training": {
            "loss": [
                3.3484145850245417,
                2.5459165198324176
            ],
            "accuracy": [
                0.2056921906693712,
                0.35059584178498987
            ]
        },
        "validation": {
            "random_3": {
                "accuracy": [
                    0.48801977687626774
                ]
            }
        }
    },
    "random_4": {
        "training": {
            "loss": [
                3.3381870599354015,
                2.5363604320594795
            ],
            "accuracy": [
                0.2043927484787018,
                0.35164173427991885
            ]
        },
        "validation": {
            "random_4": {
                "accuracy": [
                    0.4742647058823529
                ]
            }
        }
    },
    "random_5": {
        "training": {
            "loss": [
                3.3400503311147554,
                2.5310087692423235
            ],
            "accuracy": [
                0.20759381338742394,
                0.3568711967545639
            ]
        },
        "validation": {
            "random_5": {
                "accuracy": [
                    0.4822198275862069
                ]
            }
        }
    },
    "cont_1": {
        "training": {
            "loss": [
                3.3483049735336228,
                2.5468519411029003
            ],
            "accuracy": [
                0.2029982251521298,
                0.35164173427991885
            ]
        },
        "validation": {
            "cont_1": {
                "accuracy": [
                    0.47023960446247465
                ]
            },
            "cont_2": {
                "accuracy": [
                    0.3442254056795132
                ]
            },
            "cont_3": {
                "accuracy": [
                    0.34441556795131845
                ]
            },
            "cont_4": {
                "accuracy": [
                    0.3431795131845842
                ]
            },
            "cont_5": {
                "accuracy": [
                    0.3492330121703854
                ]
            }
        }
    },
    "cont_2": {
        "training": {
            "loss": [
                2.585590831527362,
                2.2121973945995372
            ],
            "accuracy": [
                0.3499936612576065,
                0.4232378296146045
            ]
        },
        "validation": {
            "cont_1": {
                "accuracy": [
                    0.4339503042596349
                ]
            },
            "cont_2": {
                "accuracy": [
                    0.5376204361054767
                ]
            },
            "cont_3": {
                "accuracy": [
                    0.3876457910750507
                ]
            },
            "cont_4": {
                "accuracy": [
                    0.38796272819472616
                ]
            },
            "cont_5": {
                "accuracy": [
                    0.3916075050709939
                ]
            }
        }
    },
    "cont_3": {
        "training": {
            "loss": [
                2.433649843169516,
                2.083508675710183
            ],
            "accuracy": [
                0.3779792089249493,
                0.4500824036511156
            ]
        },
        "validation": {
            "cont_1": {
                "accuracy": [
                    0.4545829107505071
                ]
            },
            "cont_2": {
                "accuracy": [
                    0.4893509127789047
                ]
            },
            "cont_3": {
                "accuracy": [
                    0.5904221602434077
                ]
            },
            "cont_4": {
                "accuracy": [
                    0.41857885395537525
                ]
            },
            "cont_5": {
                "accuracy": [
                    0.4269459939148073
                ]
            }
        }
    },
    "cont_4": {
        "training": {
            "loss": [
                2.336535413112892,
                1.9832268417727874
            ],
            "accuracy": [
                0.40070360040567954,
                0.47600786004056794
            ]
        },
        "validation": {
            "cont_1": {
                "accuracy": [
                    0.45135015212981744
                ]
            },
            "cont_2": {
                "accuracy": [
                    0.4722996957403651
                ]
            },
            "cont_3": {
                "accuracy": [
                    0.5008874239350912
                ]
            },
            "cont_4": {
                "accuracy": [
                    0.5964122718052738
                ]
            },
            "cont_5": {
                "accuracy": [
                    0.432270537525355
                ]
            }
        }
    },
    "cont_5": {
        "training": {
            "loss": [
                2.2647755055954684,
                1.9228351249474782
            ],
            "accuracy": [
                0.4186105476673428,
                0.4904284989858012
            ]
        },
        "validation": {
            "cont_1": {
                "accuracy": [
                    0.46358392494929007
                ]
            },
            "cont_2": {
                "accuracy": [
                    0.4768635902636917
                ]
            },
            "cont_3": {
                "accuracy": [
                    0.49400988843813387
                ]
            },
            "cont_4": {
                "accuracy": [
                    0.5247844827586207
                ]
            },
            "cont_5": {
                "accuracy": [
                    0.618439401622718
                ]
            }
        }
    },
    "training_metrics": {
        "training": {},
        "validation": {
            "cont_1": {
                "accuracy": [
                    0.46358392494929007
                ],
                "flatness": [
                    0.15225033544579591
                ]
            },
            "cont_2": {
                "accuracy": [
                    0.4768635902636917
                ],
                "flatness": [
                    0.16244083799580278
                ]
            },
            "cont_3": {
                "accuracy": [
                    0.49400988843813387
                ],
                "flatness": [
                    0.1359724142042741
                ]
            },
            "cont_4": {
                "accuracy": [
                    0.5247844827586207
                ],
                "flatness": [
                    0.20366706075124968
                ]
            },
            "cont_5": {
                "accuracy": [
                    0.618439401622718
                ],