{
    "random_1": {
        "training": {
            "loss": [
                0.3217122172758837
            ],
            "accuracy": [
                0.8891321656050956
            ]
        },
        "validation": {
            "random_1": {
                "accuracy": [
                    0.958797770700637
                ]
            }
        }
    },
    "random_2": {
        "training": {
            "loss": [
                0.49648700853821576
            ],
            "accuracy": [
                0.8343949044585988
            ]
        },
        "validation": {
            "random_2": {
                "accuracy": [
                    0.9500398089171974
                ]
            }
        }
    },
    "random_3": {
        "training": {
            "loss": [
                0.4787825370195565
            ],
            "accuracy": [
                0.8469347133757962
            ]
        },
        "validation": {
            "random_3": {
                "accuracy": [
                    0.9580015923566879
                ]
            }
        }
    },
    "random_4": {
        "training": {
            "loss": [
                0.4864822631808603
            ],
            "accuracy": [
                0.839968152866242
            ]
        },
        "validation": {
            "random_4": {
                "accuracy": [
                    0.9609872611464968
                ]
            }
        }
    },
    "random_5": {
        "training": {
            "loss": [
                0.5075112498679738
            ],
            "accuracy": [
                0.8341958598726115
            ]
        },
        "validation": {
            "random_5": {
                "accuracy": [
                    0.9631767515923567
                ]
            }
        }
    },
    "random_6": {
        "training": {
            "loss": [
                0.4861789848774102
            ],
            "accuracy": [
                0.8405652866242038
            ]
        },
        "validation": {
            "random_6": {
                "accuracy": [
                    0.951234076433121
                ]
            }
        }
    },
    "random_7": {
        "training": {
            "loss": [
                0.4837597453859961
            ],
            "accuracy": [
                0.8359872611464968
            ]
        },
        "validation": {
            "random_7": {
                "accuracy": [
                    0.9416799363057324
                ]
            }
        }
    },
    "random_8": {
        "training": {
            "loss": [
                0.47779613249241165
            ],
            "accuracy": [
                0.8375796178343949
            ]
        },
        "validation": {
            "random_8": {
                "accuracy": [
                    0.9496417197452229
                ]
            }
        }
    },
    "random_9": {
        "training": {
            "loss": [
                0.4803116771445912
            ],
            "accuracy": [
                0.8429538216560509
            ]
        },
        "validation": {
            "random_9": {
                "accuracy": [
                    0.9693471337579618
                ]
            }
        }
    },
    "random_10": {
        "training": {
            "loss": [
                0.4919168456534671
            ],
            "accuracy": [
                0.8339968152866242
            ]
        },
        "validation": {
            "random_10": {
                "accuracy": [
                    0.9562101910828026
                ]
            }
        }
    },
    "cont_1": {
        "training": {
            "loss": [
                0.26068523280607286
            ],
            "accuracy": [
                0.9120222929936306
            ]
        },
        "validation": {
            "cont_1": {
                "accuracy": [
                    0.9639729299363057
                ]
            },
            "cont_2": {
                "accuracy": [
                    0.852906050955414
                ]
            },
            "cont_3": {
                "accuracy": [
                    0.8580812101910829
                ]
            },
            "cont_4": {
                "accuracy": [
                    0.8493232484076433
                ]
            },
            "cont_5": {
                "accuracy": [
                    0.8497213375796179
                ]
            },
            "cont_6": {
                "accuracy": [
                    0.848328025477707
                ]
            },
            "cont_7": {
                "accuracy": [
                    0.8594745222929936
                ]
            },
            "cont_8": {
                "accuracy": [
                    0.8451433121019108
                ]
            },
            "cont_9": {
                "accuracy": [
                    0.8489251592356688
                ]
            },
            "cont_10": {
                "accuracy": [
                    0.8564888535031847
                ]
            }
        }
    },
    "cont_2": {
        "training": {
            "loss": [
                0.45232647216054284
            ],
            "accuracy": [
                0.8546974522292994
            ]
        },
        "validation": {
            "cont_1": {
                "accuracy": [
                    0.9478503184713376
                ]
            },
            "cont_2": {
                "accuracy": [
                    0.9516321656050956
                ]
            },
            "cont_3": {
                "accuracy": [
                    0.8869426751592356
                ]
            },
            "cont_4": {
                "accuracy": [
                    0.8793789808917197
                ]
            },
            "cont_5": {
                "accuracy": [
                    0.8785828025477707
                ]
            },
            "cont_6": {
                "accuracy": [
                    0.8839570063694268
                ]
            },
            "cont_7": {
                "accuracy": [
                    0.8809713375796179
                ]
            },
            "cont_8": {
                "accuracy": [
                    0.8779856687898089
                ]
            },
            "cont_9": {
                "accuracy": [
                    0.8857484076433121
                ]
            },
            "cont_10": {
                "accuracy": [
                    0.8807722929936306
                ]
            }
        }
    },
    "cont_3": {
        "training": {
            "loss": [
                0.39573259490310764
            ],
            "accuracy": [
                0.866640127388535
            ]
        },
        "validation": {
            "cont_1": {
                "accuracy": [
                    0.9428742038216561
                ]
            },
            "cont_2": {
                "accuracy": [
                    0.9333200636942676
                ]
            },
            "cont_3": {
                "accuracy": [
                    0.9633757961783439
                ]
            },
            "cont_4": {
                "accuracy": [
                    0.8905254777070064
                ]
            },
            "cont_5": {
                "accuracy": [
                    0.8990843949044586
                ]
            },
            "cont_6": {
                "accuracy": [
                    0.8964968152866242
                ]
            },
            "cont_7": {
                "accuracy": [
                    0.9006767515923567
                ]
            },
            "cont_8": {
                "accuracy": [
                    0.8893312101910829
                ]
            },