{
    "random_1": {
        "training": {
            "loss": [
                2.1883295590082805
            ],
            "accuracy": [
                0.4394166666666667
            ]
        },
        "validation": {
            "random_1": {
                "accuracy": [
                    0.7890833333333334
                ]
            }
        }
    },
    "random_2": {
        "training": {
            "loss": [
                2.1828505291938782
            ],
            "accuracy": [
                0.44275
            ]
        },
        "validation": {
            "random_2": {
                "accuracy": [
                    0.771
                ]
            }
        }
    },
    "random_3": {
        "training": {
            "loss": [
                2.204107883612315
            ],
            "accuracy": [
                0.4394166666666667
            ]
        },
        "validation": {
            "random_3": {
                "accuracy": [
                    0.7701666666666667
                ]
            }
        }
    },
    "random_4": {
        "training": {
            "loss": [
                2.179640647570292
            ],
            "accuracy": [
                0.4464166666666667
            ]
        },
        "validation": {
            "random_4": {
                "accuracy": [
                    0.7749166666666667
                ]
            }
        }
    },
    "random_5": {
        "training": {
            "loss": [
                2.1806900097529094
            ],
            "accuracy": [
                0.44175
            ]
        },
        "validation": {
            "random_5": {
                "accuracy": [
                    0.7850833333333334
                ]
            }
        }
    },
    "cont_1": {
        "training": {
            "loss": [
                2.1545033802986144
            ],
            "accuracy": [
                0.44633333333333336
            ]
        },
        "validation": {
            "cont_1": {
                "accuracy": [
                    0.78425
                ]
            },
            "cont_2": {
                "accuracy": [
                    0.6203333333333333
                ]
            },
            "cont_3": {
                "accuracy": [
                    0.6180833333333333
                ]
            },
            "cont_4": {
                "accuracy": [
                    0.6189166666666667
                ]
            },
            "cont_5": {
                "accuracy": [
                    0.6219166666666667
                ]
            }
        }
    },
    "cont_2": {
        "training": {
            "loss": [
                -2944.1370325520834
            ],
            "accuracy": [
                0.29841666666666666
            ]
        },
        "validation": {
            "cont_1": {
                "accuracy": [
                    0.043583333333333335
                ]
            },
            "cont_2": {
                "accuracy": [
                    0.04691666666666667
                ]
            },
            "cont_3": {
                "accuracy": [
                    0.042833333333333334
                ]
            },
            "cont_4": {
                "accuracy": [
                    0.03933333333333333
                ]
            },
            "cont_5": {
                "accuracy": [
                    0.041833333333333333
                ]
            }
        }
    },
    "cont_3": {
        "training": {
            "loss": [
                -582.7452273864747
            ],
            "accuracy": [
                0.15716666666666668
            ]
        },
        "validation": {
            "cont_1": {
                "accuracy": [
                    0.169
                ]
            },
            "cont_2": {
                "accuracy": [
                    0.17308333333333334
                ]
            },
            "cont_3": {
                "accuracy": [
                    0.22675
                ]
            },
            "cont_4": {
                "accuracy": [
                    0.16841666666666666
                ]
            },
            "cont_5": {
                "accuracy": [
                    0.16366666666666665
                ]
            }
        }
    },
    "cont_4": {
        "training": {
            "loss": [
                -26.43291620381673
            ],
            "accuracy": [
                0.22208333333333333
            ]
        },
        "validation": {
            "cont_1": {
                "accuracy": [
                    0.22475
                ]
            },
            "cont_2": {
                "accuracy": [
                    0.23233333333333334
                ]
            },
            "cont_3": {
                "accuracy": [
                    0.24041666666666667
                ]
            },
            "cont_4": {
                "accuracy": [
                    0.29841666666666666
                ]
            },
            "cont_5": {
                "accuracy": [
                    0.21866666666666668
                ]
            }
        }
    },
    "cont_5": {
        "training": {
            "loss": [
                -5.662942106882731
            ],
            "accuracy": [
                0.25816666666666666
            ]
        },
        "validation": {
            "cont_1": {
                "accuracy": [
                    0.2776666666666667
                ]
            },
            "cont_2": {
                "accuracy": [
                    0.28475
                ]
            },
            "cont_3": {
                "accuracy": [
                    0.29291666666666666
                ]
            },
            "cont_4": {
                "accuracy": [
                    0.307
                ]
            },
            "cont_5": {
                "accuracy": [
                    0.34725
                ]
            }
        }
    },
    "training_metrics": {
        "training": {},
        "validation": {
            "cont_1": {
                "accuracy": [
                    0.2776666666666667
                ],
                "flatness": [
                    0.29735578441903077
                ]
            },
            "cont_2": {
                "accuracy": [
                    0.28475
                ],
                "flatness": [
                    0.23104292777598076
                ]
            },
            "cont_3": {
                "accuracy": [
                    0.29291666666666666
                ],
                "flatness": [
                    0.31556487235157593
                ]
            },
            "cont_4": {
                "accuracy": [
                    0.307
                ],
                "flatness": [
                    0.24483541916680948
                ]
            },
            "cont_5": {
                "accuracy": [
                    0.34725
                ],
                "flatness": [
                    0.2974498882194687
                ]
            }
        }
    }
}