{
    "random_1": {
        "training": {
            "loss": [
                0.37722932268826725
            ],
            "accuracy": [
                0.8827875399361023
            ]
        },
        "validation": {
            "random_1": {
                "accuracy": [
                    0.9637579872204473
                ],
                "flatness": [
                    0.30074329224075413
                ]
            }
        }
    },
    "random_2": {
        "training": {
            "loss": [
                1.3096437715112972
            ],
            "accuracy": [
                0.6372803514376997
            ]
        },
        "validation": {
            "random_2": {
                "accuracy": [
                    0.8727036741214057
                ],
                "flatness": [
                    0.3014607882393319
                ]
            }
        }
    },
    "random_3": {
        "training": {
            "loss": [
                1.3173792644049793
            ],
            "accuracy": [
                0.641573482428115
            ]
        },
        "validation": {
            "random_3": {
                "accuracy": [
                    0.8839856230031949
                ],
                "flatness": [
                    0.3157308843460582
                ]
            }
        }
    },
    "random_4": {
        "training": {
            "loss": [
                1.3358269895608432
            ],
            "accuracy": [
                0.6349840255591054
            ]
        },
        "validation": {
            "random_4": {
                "accuracy": [
                    0.8797923322683706
                ],
                "flatness": [
                    0.342765546981389
                ]
            }
        }
    },
    "random_5": {
        "training": {
            "loss": [
                1.2977387455705636
            ],
            "accuracy": [
                0.6408746006389776
            ]
        },
        "validation": {
            "random_5": {
                "accuracy": [
                    0.8834864217252396
                ],
                "flatness": [
                    0.307508616792858
                ]
            }
        }
    },
    "cont_1": {
        "training": {
            "loss": [
                0.22230980499311329
            ],
            "accuracy": [
                0.9296126198083067
            ]
        },
        "validation": {
            "cont_1": {
                "accuracy": [
                    0.9260183706070287
                ],
                "flatness": [
                    0.32860781671159034
                ]
            },
            "cont_2": {
                "accuracy": [
                    0.62310303514377
                ],
                "flatness": [
                    0.4052926213747797
                ]
            },
            "cont_3": {
                "accuracy": [
                    0.6278953674121406
                ],
                "flatness": [
                    0.4445032994116711
                ]
            },
            "cont_4": {
                "accuracy": [
                    0.625
                ],
                "flatness": [
                    0.35812499999999997
                ]
            },
            "cont_5": {
                "accuracy": [
                    0.6211062300319489
                ],
                "flatness": [
                    0.4465319080533677
                ]
            }
        }
    },
    "cont_2": {
        "training": {
            "loss": [
                1.3942941710971797
            ],
            "accuracy": [
                0.6275958466453674
            ]
        },
        "validation": {
            "cont_1": {
                "accuracy": [
                    0.8746006389776357
                ],
                "flatness": [
                    0.4417194634703197
                ]
            },
            "cont_2": {
                "accuracy": [
                    0.8505391373801917
                ],
                "flatness": [
                    0.4259706244864421
                ]
            },
            "cont_3": {
                "accuracy": [
                    0.6843051118210862
                ],
                "flatness": [
                    0.48749270498978703
                ]
            },
            "cont_4": {
                "accuracy": [
                    0.6835063897763578
                ],
                "flatness": [
                    0.447200007303535
                ]
            },
            "cont_5": {
                "accuracy": [
                    0.6903953674121406
                ],
                "flatness": [
                    0.4990347071583514
                ]
            }
        }
    },
    "cont_3": {
        "training": {
            "loss": [
                1.2124570292024948
            ],
            "accuracy": [
                0.6554512779552716
            ]
        },
        "validation": {
            "cont_1": {
                "accuracy": [
                    0.8358626198083067
                ],
                "flatness": [
                    0.4916328236980411
                ]
            },
            "cont_2": {
                "accuracy": [
                    0.7937300319488818
                ],
                "flatness": [
                    0.43554245283018866
                ]
            },
            "cont_3": {
                "accuracy": [
                    0.8752995207667732
                ],
                "flatness": [
                    0.4598872191171438
                ]
            },
            "cont_4": {
                "accuracy": [
                    0.6933905750798722
                ],
                "flatness": [
                    0.5332154427645788
                ]
            },
            "cont_5": {
                "accuracy": [
                    0.6959864217252396
                ],
                "flatness": [
                    0.4383391909338689
                ]
            }
        }
    },
    "cont_4": {
        "training": {
            "loss": [
                1.3214131271877227
            ],
            "accuracy": [
                0.6302915335463258
            ]
        },
        "validation": {
            "cont_1": {
                "accuracy": [
                    0.7633785942492013
                ],
                "flatness": [
                    0.44723057808004185
                ]
            },
            "cont_2": {
                "accuracy": [
                    0.7304313099041534
                ],
                "flatness": [
                    0.3989509294696555
                ]
            },
            "cont_3": {
                "accuracy": [
                    0.7727635782747604
                ],
                "flatness": [
                    0.4549418604651162
                ]
            },
            "cont_4": {
                "accuracy": [
                    0.8411541533546326
                ],
                "flatness": [
                    0.4458160237388723
                ]
            },
            "cont_5": {
                "accuracy": [
                    0.6770167731629393
                ],
                "flatness": [
                    0.4693730644447722
                ]
            }
        }
    },
    "cont_5": {
        "training": {
            "loss": [
                1.4315218466539352
            ],
            "accuracy": [
                0.6025359424920128
            ]
        },
        "validation": {
            "cont_1": {
                "accuracy": [
                    0.7209464856230032
                ],
                "flatness": [
                    0.49034932834787426
                ]
            },