{
    "joint_training": {
        "training": {
            "loss": [
                0.31621978371044
            ],
            "accuracy": [
                0.8921
            ]
        },
        "validation": {
            "cont_1": {
                "accuracy": [
                    0.9629166666666666
                ],
                "flatness": [
                    0.8255141314992371
                ]
            },
            "cont_2": {
                "accuracy": [
                    0.9608333333333333
                ],
                "flatness": [
                    0.8454489432601452
                ]
            },
            "cont_3": {
                "accuracy": [
                    0.962
                ],
                "flatness": [
                    0.8168973629499945
                ]
            },
            "cont_4": {
                "accuracy": [
                    0.9630833333333333
                ],
                "flatness": [
                    0.8158076900306492
                ]
            },
            "cont_5": {
                "accuracy": [
                    0.9610833333333333
                ],
                "flatness": [
                    0.8750062748999439
                ]
            }
        }
    }
}