{
    "joint_training": {
        "training": {
            "loss": [
                1.2738222716331482
            ],
            "accuracy": [
                0.64585
            ]
        },
        "validation": {
            "cont_1": {
                "accuracy": [
                    0.8290833333333333
                ],
                "flatness": [
                    0.5223349609323338
                ]
            },
            "cont_2": {
                "accuracy": [
                    0.8313333333333334
                ],
                "flatness": [
                    0.5393206854345165
                ]
            },
            "cont_3": {
                "accuracy": [
                    0.83575
                ],
                "flatness": [
                    0.55634711966875
                ]
            },
            "cont_4": {
                "accuracy": [
                    0.8236666666666667
                ],
                "flatness": [
                    0.46566487039127563
                ]
            },
            "cont_5": {
                "accuracy": [
                    0.8309166666666666
                ],
                "flatness": [
                    0.5465191159626074
                ]
            }
        }
    }
}