{
    "random_1": {
        "training": {
            "loss": [
                0.5854711661885182
            ],
            "accuracy": [
                0.8059166666666666
            ]
        },
        "validation": {
            "random_1": {
                "accuracy": [
                    0.9164166666666667
                ]
            }
        }
    },
    "random_2": {
        "training": {
            "loss": [
                0.599039896244804
            ],
            "accuracy": [
                0.7955
            ]
        },
        "validation": {
            "random_2": {
                "accuracy": [
                    0.91475
                ]
            }
        }
    },
    "random_3": {
        "training": {
            "loss": [
                0.5967899313271046
            ],
            "accuracy": [
                0.79575
            ]
        },
        "validation": {
            "random_3": {
                "accuracy": [
                    0.9254166666666667
                ]
            }
        }
    },
    "random_4": {
        "training": {
            "loss": [
                0.5890303719341755
            ],
            "accuracy": [
                0.79875
            ]
        },
        "validation": {
            "random_4": {
                "accuracy": [
                    0.93475
                ]
            }
        }
    },
    "random_5": {
        "training": {
            "loss": [
                0.581940821185708
            ],
            "accuracy": [
                0.8048333333333333
            ]
        },
        "validation": {
            "random_5": {
                "accuracy": [
                    0.9133333333333333
                ]
            }
        }
    },
    "cont_1": {
        "training": {
            "loss": [
                0.5938128708650668
            ],
            "accuracy": [
                0.80175
            ]
        },
        "validation": {
            "cont_1": {
                "accuracy": [
                    0.9195
                ]
            },
            "cont_2": {
                "accuracy": [
                    0.8771666666666667
                ]
            },
            "cont_3": {
                "accuracy": [
                    0.876
                ]
            },
            "cont_4": {
                "accuracy": [
                    0.88025
                ]
            },
            "cont_5": {
                "accuracy": [
                    0.8738333333333334
                ]
            }
        }
    },
    "cont_2": {
        "training": {
            "loss": [
                0.3775451311816772
            ],
            "accuracy": [
                0.872
            ]
        },
        "validation": {
            "cont_1": {
                "accuracy": [
                    0.9180833333333334
                ]
            },
            "cont_2": {
                "accuracy": [
                    0.94225
                ]
            },
            "cont_3": {
                "accuracy": [
                    0.9003333333333333
                ]
            },
            "cont_4": {
                "accuracy": [
                    0.9021666666666667
                ]
            },
            "cont_5": {
                "accuracy": [
                    0.8978333333333334
                ]
            }
        }
    },
    "cont_3": {
        "training": {
            "loss": [
                0.3348044262826443
            ],
            "accuracy": [
                0.8845
            ]
        },
        "validation": {
            "cont_1": {
                "accuracy": [
                    0.9120833333333334
                ]
            },
            "cont_2": {
                "accuracy": [
                    0.9266666666666666
                ]
            },
            "cont_3": {
                "accuracy": [
                    0.9396666666666667
                ]
            },
            "cont_4": {
                "accuracy": [
                    0.90475
                ]
            },
            "cont_5": {
                "accuracy": [
                    0.9020833333333333
                ]
            }
        }
    },
    "cont_4": {
        "training": {
            "loss": [
                0.2873616448435932
            ],
            "accuracy": [
                0.9013333333333333
            ]
        },
        "validation": {
            "cont_1": {
                "accuracy": [
                    0.9325833333333333
                ]
            },
            "cont_2": {
                "accuracy": [
                    0.9406666666666667
                ]
            },
            "cont_3": {
                "accuracy": [
                    0.94475
                ]
            },
            "cont_4": {
                "accuracy": [
                    0.9653333333333334
                ]
            },
            "cont_5": {
                "accuracy": [
                    0.9215833333333333
                ]
            }
        }
    },
    "cont_5": {
        "training": {
            "loss": [
                0.2858305638357997
            ],
            "accuracy": [
                0.89825
            ]
        },
        "validation": {
            "cont_1": {
                "accuracy": [
                    0.9180833333333334
                ]
            },
            "cont_2": {
                "accuracy": [
                    0.925
                ]
            },
            "cont_3": {
                "accuracy": [
                    0.9281666666666667
                ]
            },
            "cont_4": {
                "accuracy": [
                    0.9371666666666667
                ]
            },
            "cont_5": {
                "accuracy": [
                    0.948
                ]
            }
        }
    },
    "training_metrics": {
        "training": {},
        "validation": {
            "cont_1": {
                "accuracy": [
                    0.9180833333333334
                ],
                "flatness": [
                    0.23563583552691295
                ]
            },
            "cont_2": {
                "accuracy": [
                    0.925
                ],
                "flatness": [
                    0.37495495495495496
                ]
            },
            "cont_3": {
                "accuracy": [
                    0.9281666666666667
                ],
                "flatness": [
                    0.28945950799066267
                ]
            },
            "cont_4": {
                "accuracy": [
                    0.9371666666666667
                ],
                "flatness": [
                    0.3942735194735906
                ]
            },
            "cont_5": {
                "accuracy": [
                    0.948
                ],
                "flatness": [
                    0.3363220815752461
                ]
            }
        }
    }
}