{
    "joint_training": {
        "training": {
            "loss": [
                0.32316202925344306
            ],
            "accuracy": [
                0.8902166666666667
            ]
        },
        "validation": {
            "cont_1": {
                "accuracy": [
                    0.9558333333333333
                ],
                "flatness": [
                    0.7390561189372735
                ]
            },
            "cont_2": {
                "accuracy": [
                    0.95725
                ],
                "flatness": [
                    0.7615015601160121
                ]
            },
            "cont_3": {
                "accuracy": [
                    0.95725
                ],
                "flatness": [
                    0.8379609902269383
                ]
            },
            "cont_4": {
                "accuracy": [
                    0.956
                ],
                "flatness": [
                    0.7946694010129927
                ]
            },
            "cont_5": {
                "accuracy": [
                    0.9580833333333333
                ],
                "flatness": [
                    0.7646159410006271
                ]
            }
        }
    }
}