{
    "random_1": {
        "training": {
            "loss": [
                0.16149723481173348
            ],
            "accuracy": [
                0.9459593949044586
            ]
        },
        "validation": {
            "random_1": {
                "accuracy": [
                    0.9808917197452229
                ],
                "flatness": [
                    0.35976511792267685
                ]
            }
        }
    },
    "random_2": {
        "training": {
            "loss": [
                0.42152407376249884
            ],
            "accuracy": [
                0.8645501592356688
            ]
        },
        "validation": {
            "random_2": {
                "accuracy": [
                    0.976015127388535
                ],
                "flatness": [
                    0.41595314617026674
                ]
            }
        }
    },
    "random_3": {
        "training": {
            "loss": [
                0.7317917157130637
            ],
            "accuracy": [
                0.7808519108280255
            ]
        },
        "validation": {
            "random_3": {
                "accuracy": [
                    0.9510350318471338
                ],
                "flatness": [
                    0.3507280772278228
                ]
            }
        }
    },
    "random_4": {
        "training": {
            "loss": [
                0.6822895760748796
            ],
            "accuracy": [
                0.7952826433121019
            ]
        },
        "validation": {
            "random_4": {
                "accuracy": [
                    0.961484872611465
                ],
                "flatness": [
                    0.3189240248155648
                ]
            }
        }
    },
    "random_5": {
        "training": {
            "loss": [
                0.6381151677127097
            ],
            "accuracy": [
                0.8094148089171974
            ]
        },
        "validation": {
            "random_5": {
                "accuracy": [
                    0.9553144904458599
                ],
                "flatness": [
                    0.32478669709632235
                ]
            }
        }
    },
    "cont_1": {
        "training": {
            "loss": [
                0.10692334688227077
            ],
            "accuracy": [
                0.9652667197452229
            ]
        },
        "validation": {
            "cont_1": {
                "accuracy": [
                    0.9669585987261147
                ],
                "flatness": [
                    0.30192929212082165
                ]
            },
            "cont_2": {
                "accuracy": [
                    0.8316082802547771
                ],
                "flatness": [
                    0.35196296106034236
                ]
            },
            "cont_3": {
                "accuracy": [
                    0.7543789808917197
                ],
                "flatness": [
                    0.42563984267629856
                ]
            },
            "cont_4": {
                "accuracy": [
                    0.7642316878980892
                ],
                "flatness": [
                    0.3804883452509046
                ]
            },
            "cont_5": {
                "accuracy": [
                    0.7704020700636943
                ],
                "flatness": [
                    0.40644361212986285
                ]
            }
        }
    },
    "cont_2": {
        "training": {
            "loss": [
                0.45805197270812503
            ],
            "accuracy": [
                0.8565883757961783
            ]
        },
        "validation": {
            "cont_1": {
                "accuracy": [
                    0.96765525477707
                ],
                "flatness": [
                    0.4662930685221064
                ]
            },
            "cont_2": {
                "accuracy": [
                    0.957703025477707
                ],
                "flatness": [
                    0.44817520609321193
                ]
            },
            "cont_3": {
                "accuracy": [
                    0.7913017515923567
                ],
                "flatness": [
                    0.37329706969223386
                ]
            },
            "cont_4": {
                "accuracy": [
                    0.7991640127388535
                ],
                "flatness": [
                    0.41698848134999256
                ]
            },
            "cont_5": {
                "accuracy": [
                    0.8077229299363057
                ],
                "flatness": [
                    0.44589083361443543
                ]
            }
        }
    },
    "cont_3": {
        "training": {
            "loss": [
                0.7213498802891203
            ],
            "accuracy": [
                0.7913017515923567
            ]
        },
        "validation": {
            "cont_1": {
                "accuracy": [
                    0.9582006369426752
                ],
                "flatness": [
                    0.3915216038892712
                ]
            },
            "cont_2": {
                "accuracy": [
                    0.9419785031847133
                ],
                "flatness": [
                    0.352399894624429
                ]
            },
            "cont_3": {
                "accuracy": [
                    0.9460589171974523
                ],
                "flatness": [
                    0.315453398444641
                ]
            },
            "cont_4": {
                "accuracy": [
                    0.8218550955414012
                ],
                "flatness": [
                    0.29905667268037506
                ]
            },
            "cont_5": {
                "accuracy": [
                    0.8222531847133758
                ],
                "flatness": [
                    0.3903146937334402
                ]
            }
        }
    },
    "cont_4": {
        "training": {
            "loss": [
                0.6211647752933441
            ],
            "accuracy": [
                0.8104100318471338
            ]
        },
        "validation": {
            "cont_1": {
                "accuracy": [
                    0.9396894904458599
                ],
                "flatness": [
                    0.34473654953914784
                ]
            },
            "cont_2": {
                "accuracy": [
                    0.9175955414012739
                ],
                "flatness": [
                    0.4317500003247871
                ]
            },
            "cont_3": {
                "accuracy": [
                    0.912718949044586
                ],
                "flatness": [
                    0.3964802098045458
                ]
            },
            "cont_4": {
                "accuracy": [
                    0.9528264331210191
                ],
                "flatness": [
                    0.31805044921126324
                ]
            },
            "cont_5": {
                "accuracy": [
                    0.8282245222929936
                ],
                "flatness": [
                    0.4216946048422578
                ]
            }
        }
    },
    "cont_5": {
        "training": {
            "loss": [
                0.5930002502575042
            ],
            "accuracy": [
                0.8198646496815286
            ]
        },
        "validation": {
            "cont_1": {
                "accuracy": [
                    0.9277468152866242
                ],
                "flatness": [
                    0.3916158016915742
                ]
            },