{
    "random_1": {
        "training": {
            "loss": [
                0.27110419242074507
            ],
            "accuracy": [
                0.911741214057508
            ]
        },
        "validation": {
            "random_1": {
                "accuracy": [
                    0.9837260383386581
                ],
                "flatness": [
                    0.6559880239520958
                ]
            }
        }
    },
    "random_2": {
        "training": {
            "loss": [
                0.21239731560190456
            ],
            "accuracy": [
                0.9303115015974441
            ]
        },
        "validation": {
            "random_2": {
                "accuracy": [
                    0.9725439297124601
                ],
                "flatness": [
                    0.7189585258187046
                ]
            }
        }
    },
    "random_3": {
        "training": {
            "loss": [
                0.17035478380577157
            ],
            "accuracy": [
                0.9422923322683706
            ]
        },
        "validation": {
            "random_3": {
                "accuracy": [
                    0.9748402555910544
                ],
                "flatness": [
                    0.6152851034412126
                ]
            }
        }
    },
    "random_4": {
        "training": {
            "loss": [
                0.32552038522336046
            ],
            "accuracy": [
                0.8881789137380192
            ]
        },
        "validation": {
            "random_4": {
                "accuracy": [
                    0.9718450479233227
                ],
                "flatness": [
                    0.5874377183069652
                ]
            }
        }
    },
    "random_5": {
        "training": {
            "loss": [
                0.3181276958757125
            ],
            "accuracy": [
                0.8924720447284346
            ]
        },
        "validation": {
            "random_5": {
                "accuracy": [
                    0.9686501597444089
                ],
                "flatness": [
                    0.6617617501546074
                ]
            }
        }
    },
    "cont_1": {
        "training": {
            "loss": [
                0.2277621138400544
            ],
            "accuracy": [
                0.9220247603833865
            ]
        },
        "validation": {
            "cont_1": {
                "accuracy": [
                    0.9653554313099042
                ],
                "flatness": [
                    0.6120236063708759
                ]
            },
            "cont_2": {
                "accuracy": [
                    0.9288138977635783
                ],
                "flatness": [
                    0.6169663011931635
                ]
            },
            "cont_3": {
                "accuracy": [
                    0.9371006389776357
                ],
                "flatness": [
                    0.689668788621351
                ]
            },
            "cont_4": {
                "accuracy": [
                    0.8978634185303515
                ],
                "flatness": [
                    0.6910937673746247
                ]
            },
            "cont_5": {
                "accuracy": [
                    0.8998602236421726
                ],
                "flatness": [
                    0.6685066015755021
                ]
            }
        }
    },
    "cont_2": {
        "training": {
            "loss": [
                0.20268072069476778
            ],
            "accuracy": [
                0.9297124600638977
            ]
        },
        "validation": {
            "cont_1": {
                "accuracy": [
                    0.9563698083067093
                ],
                "flatness": [
                    0.6904772157845287
                ]
            },
            "cont_2": {
                "accuracy": [
                    0.9653554313099042
                ],
                "flatness": [
                    0.8129292067431999
                ]
            },
            "cont_3": {
                "accuracy": [
                    0.93560303514377
                ],
                "flatness": [
                    0.6442202006189308
                ]
            },
            "cont_4": {
                "accuracy": [
                    0.90435303514377
                ],
                "flatness": [
                    0.6239353334069331
                ]
            },
            "cont_5": {
                "accuracy": [
                    0.9018570287539937
                ],
                "flatness": [
                    0.7508378999225063
                ]
            }
        }
    },
    "cont_3": {
        "training": {
            "loss": [
                0.17645545346073258
            ],
            "accuracy": [
                0.93939696485623
            ]
        },
        "validation": {
            "cont_1": {
                "accuracy": [
                    0.9607627795527156
                ],
                "flatness": [
                    0.6598760781461083
                ]
            },
            "cont_2": {
                "accuracy": [
                    0.9646565495207667
                ],
                "flatness": [
                    0.6798889981370317
                ]
            },
            "cont_3": {
                "accuracy": [
                    0.978035143769968
                ],
                "flatness": [
                    0.6707884595753368
                ]
            },
            "cont_4": {
                "accuracy": [
                    0.9172324281150159
                ],
                "flatness": [
                    0.6862951725263959
                ]
            },
            "cont_5": {
                "accuracy": [
                    0.9177316293929713
                ],
                "flatness": [
                    0.6854962195387293
                ]
            }
        }
    },
    "cont_4": {
        "training": {
            "loss": [
                0.25671924828602294
            ],
            "accuracy": [
                0.9121405750798722
            ]
        },
        "validation": {
            "cont_1": {
                "accuracy": [
                    0.9642571884984026
                ],
                "flatness": [
                    0.7747625025885275
                ]
            },
            "cont_2": {
                "accuracy": [
                    0.9658546325878594
                ],
                "flatness": [
                    0.8015893115567501
                ]
            },
            "cont_3": {
                "accuracy": [
                    0.9764376996805112
                ],
                "flatness": [
                    0.8121037832310838
                ]
            },
            "cont_4": {
                "accuracy": [
                    0.9791333865814696
                ],
                "flatness": [
                    0.7272853573977771
                ]
            },
            "cont_5": {
                "accuracy": [
                    0.9308107028753994
                ],
                "flatness": [
                    0.8365943097715329
                ]
            }
        }
    },
    "cont_5": {
        "training": {
            "loss": [
                0.26137914886763586
            ],
            "accuracy": [
                0.9103434504792333
            ]
        },
        "validation": {
            "cont_1": {
                "accuracy": [
                    0.946685303514377
                ],
                "flatness": [
                    0.7586090750896435
                ]
            },