{
    "joint_training": {
        "training": {
            "loss": [
                0.3743916891515255
            ],
            "accuracy": [
                0.8723
            ]
        },
        "validation": {
            "cont_1": {
                "accuracy": [
                    0.9498333333333333
                ],
                "flatness": [
                    0.4513072468854185
                ]
            },
            "cont_2": {
                "accuracy": [
                    0.9489166666666666
                ],
                "flatness": [
                    0.433476771757267
                ]
            },
            "cont_3": {
                "accuracy": [
                    0.9485
                ],
                "flatness": [
                    0.4566859954313829
                ]
            },
            "cont_4": {
                "accuracy": [
                    0.95075
                ],
                "flatness": [
                    0.5131036900692435
                ]
            },
            "cont_5": {
                "accuracy": [
                    0.9498333333333333
                ],
                "flatness": [
                    0.4314792068783998
                ]
            }
        }
    }
}