{
    "random_1": {
        "training": {
            "loss": [
                2.1220764803091683,
                1.0633202331463496
            ],
            "accuracy": [
                0.44258333333333333,
                0.6846666666666666
            ]
        },
        "validation": {
            "random_1": {
                "accuracy": [
                    0.7801666666666667
                ]
            }
        }
    },
    "random_2": {
        "training": {
            "loss": [
                2.1114407111803692,
                1.0554067643880845
            ],
            "accuracy": [
                0.4493333333333333,
                0.6865
            ]
        },
        "validation": {
            "random_2": {
                "accuracy": [
                    0.8100833333333334
                ]
            }
        }
    },
    "random_3": {
        "training": {
            "loss": [
                2.117554437001546,
                1.057558705151081
            ],
            "accuracy": [
                0.44733333333333336,
                0.6805833333333333
            ]
        },
        "validation": {
            "random_3": {
                "accuracy": [
                    0.8214166666666667
                ]
            }
        }
    },
    "random_4": {
        "training": {
            "loss": [
                2.134986663500468,
                1.0717707769473395
            ],
            "accuracy": [
                0.4424166666666667,
                0.6789166666666666
            ]
        },
        "validation": {
            "random_4": {
                "accuracy": [
                    0.82075
                ]
            }
        }
    },
    "random_5": {
        "training": {
            "loss": [
                2.1135527257919313,
                1.044121345579624
            ],
            "accuracy": [
                0.4454166666666667,
                0.68625
            ]
        },
        "validation": {
            "random_5": {
                "accuracy": [
                    0.8185833333333333
                ]
            }
        }
    },
    "cont_1": {
        "training": {
            "loss": [
                2.130505956729253,
                1.0746762818694116
            ],
            "accuracy": [
                0.44825,
                0.679
            ]
        },
        "validation": {
            "cont_1": {
                "accuracy": [
                    0.8245833333333333
                ]
            },
            "cont_2": {
                "accuracy": [
                    0.6626666666666666
                ]
            },
            "cont_3": {
                "accuracy": [
                    0.6593333333333333
                ]
            },
            "cont_4": {
                "accuracy": [
                    0.65975
                ]
            },
            "cont_5": {
                "accuracy": [
                    0.66025
                ]
            }
        }
    },
    "cont_2": {
        "training": {
            "loss": [
                1.2133945605357488,
                0.8107193684577942
            ],
            "accuracy": [
                0.6496666666666666,
                0.7525833333333334
            ]
        },
        "validation": {
            "cont_1": {
                "accuracy": [
                    0.7679166666666667
                ]
            },
            "cont_2": {
                "accuracy": [
                    0.8699166666666667
                ]
            },
            "cont_3": {
                "accuracy": [
                    0.69775
                ]
            },
            "cont_4": {
                "accuracy": [
                    0.6928333333333333
                ]
            },
            "cont_5": {
                "accuracy": [
                    0.7016666666666667
                ]
            }
        }
    },
    "cont_3": {
        "training": {
            "loss": [
                1.0766179934740066,
                0.717127455453078
            ],
            "accuracy": [
                0.685,
                0.77875
            ]
        },
        "validation": {
            "cont_1": {
                "accuracy": [
                    0.7716666666666666
                ]
            },
            "cont_2": {
                "accuracy": [
                    0.79925
                ]
            },
            "cont_3": {
                "accuracy": [
                    0.8825
                ]
            },
            "cont_4": {
                "accuracy": [
                    0.7148333333333333
                ]
            },
            "cont_5": {
                "accuracy": [
                    0.71125
                ]
            }
        }
    },
    "cont_4": {
        "training": {
            "loss": [
                1.017022857427597,
                0.6745880114734173
            ],
            "accuracy": [
                0.707,
                0.7945
            ]
        },
        "validation": {
            "cont_1": {
                "accuracy": [
                    0.7685
                ]
            },
            "cont_2": {
                "accuracy": [
                    0.7883333333333333
                ]
            },
            "cont_3": {
                "accuracy": [
                    0.8255
                ]
            },
            "cont_4": {
                "accuracy": [
                    0.8911666666666667
                ]
            },
            "cont_5": {
                "accuracy": [
                    0.7349166666666667
                ]
            }
        }
    },
    "cont_5": {
        "training": {
            "loss": [
                0.9503363433082899,
                0.615326394667228
            ],
            "accuracy": [
                0.7166666666666667,
                0.8079166666666666
            ]
        },
        "validation": {
            "cont_1": {
                "accuracy": [
                    0.7575833333333334
                ]
            },
            "cont_2": {
                "accuracy": [
                    0.7726666666666666
                ]
            },
            "cont_3": {
                "accuracy": [
                    0.7941666666666667
                ]
            },
            "cont_4": {
                "accuracy": [
                    0.8115833333333333
                ]
            },
            "cont_5": {
                "accuracy": [
                    0.88725
                ]
            }
        }
    },
    "training_metrics": {
        "training": {},
        "validation": {
            "cont_1": {
                "accuracy": [
                    0.7575833333333334
                ],
                "flatness": [
                    0.09327906720932788
                ]
            },
            "cont_2": {
                "accuracy": [
                    0.7726666666666666
                ],
                "flatness": [
                    0.1484037963761864
                ]
            },
            "cont_3": {
                "accuracy": [
                    0.7941666666666667
                ],
                "flatness": [
                    0.13116474291710384
                ]
            },
            "cont_4": {
                "accuracy": [
                    0.8115833333333333
                ],
                "flatness": [
                    0.200431255775747
                ]
            },
            "cont_5": {
                "accuracy": [
                    0.88725
                ],
                "flatness": [
                    0.17488494411571331
                ]
            }
        }
    }
}