{
    "random_1": {
        "training": {
            "loss": [
                2.214963239908218,
                1.2480894747972489
            ],
            "accuracy": [
                0.4211666666666667,
                0.6301666666666667
            ]
        },
        "validation": {
            "random_1": {
                "accuracy": [
                    0.7825833333333333
                ]
            }
        }
    },
    "random_2": {
        "training": {
            "loss": [
                2.1601981449921928,
                1.2270243642727534
            ],
            "accuracy": [
                0.42991666666666667,
                0.6385833333333333
            ]
        },
        "validation": {
            "random_2": {
                "accuracy": [
                    0.70325
                ]
            }
        }
    },
    "random_3": {
        "training": {
            "loss": [
                2.1794814149538677,
                1.2253716791073481
            ],
            "accuracy": [
                0.42225,
                0.6404166666666666
            ]
        },
        "validation": {
            "random_3": {
                "accuracy": [
                    0.7828333333333334
                ]
            }
        }
    },
    "random_4": {
        "training": {
            "loss": [
                2.193501832564672,
                1.2233510350783665
            ],
            "accuracy": [
                0.42525,
                0.6415
            ]
        },
        "validation": {
            "random_4": {
                "accuracy": [
                    0.686
                ]
            }
        }
    },
    "random_5": {
        "training": {
            "loss": [
                2.1533855702082314,
                1.2024058221578597
            ],
            "accuracy": [
                0.4400833333333333,
                0.64675
            ]
        },
        "validation": {
            "random_5": {
                "accuracy": [
                    0.7033333333333334
                ]
            }
        }
    },
    "cont_1": {
        "training": {
            "loss": [
                2.1655247715314228,
                1.234078501224518
            ],
            "accuracy": [
                0.42683333333333334,
                0.635
            ]
        },
        "validation": {
            "cont_1": {
                "accuracy": [
                    0.7401666666666666
                ]
            },
            "cont_2": {
                "accuracy": [
                    0.5716666666666667
                ]
            },
            "cont_3": {
                "accuracy": [
                    0.58425
                ]
            },
            "cont_4": {
                "accuracy": [
                    0.5753333333333334
                ]
            },
            "cont_5": {
                "accuracy": [
                    0.5818333333333333
                ]
            }
        }
    },
    "cont_2": {
        "training": {
            "loss": [
                1.4299692605733871,
                0.9597750217517217
            ],
            "accuracy": [
                0.5968333333333333,
                0.7105833333333333
            ]
        },
        "validation": {
            "cont_1": {
                "accuracy": [
                    0.6878333333333333
                ]
            },
            "cont_2": {
                "accuracy": [
                    0.8125
                ]
            },
            "cont_3": {
                "accuracy": [
                    0.6278333333333334
                ]
            },
            "cont_4": {
                "accuracy": [
                    0.6215833333333334
                ]
            },
            "cont_5": {
                "accuracy": [
                    0.6179166666666667
                ]
            }
        }
    },
    "cont_3": {
        "training": {
            "loss": [
                1.2930680120189986,
                0.8433573587437471
            ],
            "accuracy": [
                0.63,
                0.74125
            ]
        },
        "validation": {
            "cont_1": {
                "accuracy": [
                    0.6889166666666666
                ]
            },
            "cont_2": {
                "accuracy": [
                    0.7221666666666666
                ]
            },
            "cont_3": {
                "accuracy": [
                    0.8345
                ]
            },
            "cont_4": {
                "accuracy": [
                    0.6446666666666667
                ]
            },
            "cont_5": {
                "accuracy": [
                    0.6469166666666667
                ]
            }
        }
    },
    "cont_4": {
        "training": {
            "loss": [
                1.2115978385210038,
                0.7819233191013336
            ],
            "accuracy": [
                0.6515833333333333,
                0.76275
            ]
        },
        "validation": {
            "cont_1": {
                "accuracy": [
                    0.6928333333333333
                ]
            },
            "cont_2": {
                "accuracy": [
                    0.71225
                ]
            },
            "cont_3": {
                "accuracy": [
                    0.7551666666666667
                ]
            },
            "cont_4": {
                "accuracy": [
                    0.8525
                ]
            },
            "cont_5": {
                "accuracy": [
                    0.6686666666666666
                ]
            }
        }
    },
    "cont_5": {
        "training": {
            "loss": [
                1.1486284568707148,
                0.7105444884200891
            ],
            "accuracy": [
                0.671,
                0.782
            ]
        },
        "validation": {
            "cont_1": {
                "accuracy": [
                    0.6998333333333333
                ]
            },
            "cont_2": {
                "accuracy": [
                    0.7183333333333334
                ]
            },
            "cont_3": {
                "accuracy": [
                    0.726
                ]
            },
            "cont_4": {
                "accuracy": [
                    0.764
                ]
            },
            "cont_5": {
                "accuracy": [
                    0.85975
                ]
            }
        }
    },
    "training_metrics": {
        "training": {},
        "validation": {
            "cont_1": {
                "accuracy": [
                    0.6998333333333333
                ],
                "flatness": [
                    0.2679209335556085
                ]
            },
            "cont_2": {
                "accuracy": [
                    0.7183333333333334
                ],
                "flatness": [
                    0.24292343387470994
                ]
            },
            "cont_3": {
                "accuracy": [
                    0.726
                ],
                "flatness": [
                    0.1985766758494031
                ]
            },
            "cont_4": {
                "accuracy": [
                    0.764
                ],
                "flatness": [
                    0.21684118673647473
                ]
            },
            "cont_5": {
                "accuracy": [
                    0.85975
                ],
                "flatness": [
                    0.26015314529417466
                ]
            }
        }
    }
}