{
    "random_1": {
        "training": {
            "loss": [
                0.605079146500784
            ],
            "accuracy": [
                0.7910343450479234
            ]
        },
        "validation": {
            "random_1": {
                "accuracy": [
                    0.9519768370607029
                ],
                "flatness": [
                    0.572000524383849
                ]
            }
        }
    },
    "random_2": {
        "training": {
            "loss": [
                0.6085314164860561
            ],
            "accuracy": [
                0.7947284345047924
            ]
        },
        "validation": {
            "random_2": {
                "accuracy": [
                    0.9567691693290735
                ],
                "flatness": [
                    0.5791381874152145
                ]
            }
        }
    },
    "random_3": {
        "training": {
            "loss": [
                0.5950501639241228
            ],
            "accuracy": [
                0.7985223642172524
            ]
        },
        "validation": {
            "random_3": {
                "accuracy": [
                    0.9562699680511182
                ],
                "flatness": [
                    0.5418596001252871
                ]
            }
        }
    },
    "random_4": {
        "training": {
            "loss": [
                0.5794875236888664
            ],
            "accuracy": [
                0.8048123003194888
            ]
        },
        "validation": {
            "random_4": {
                "accuracy": [
                    0.952276357827476
                ],
                "flatness": [
                    0.6249416806458378
                ]
            }
        }
    },
    "random_5": {
        "training": {
            "loss": [
                0.5900125845124166
            ],
            "accuracy": [
                0.8012180511182109
            ]
        },
        "validation": {
            "random_5": {
                "accuracy": [
                    0.9468849840255591
                ],
                "flatness": [
                    0.5587812368199072
                ]
            }
        }
    },
    "cont_1": {
        "training": {
            "loss": [
                0.5780360241429493
            ],
            "accuracy": [
                0.807008785942492
            ]
        },
        "validation": {
            "cont_1": {
                "accuracy": [
                    0.9545726837060703
                ],
                "flatness": [
                    0.6379654324861417
                ]
            },
            "cont_2": {
                "accuracy": [
                    0.8778953674121406
                ],
                "flatness": [
                    0.602025759126578
                ]
            },
            "cont_3": {
                "accuracy": [
                    0.8792931309904153
                ],
                "flatness": [
                    0.5864085386624277
                ]
            },
            "cont_4": {
                "accuracy": [
                    0.8829872204472844
                ],
                "flatness": [
                    0.5231265547263682
                ]
            },
            "cont_5": {
                "accuracy": [
                    0.8794928115015974
                ],
                "flatness": [
                    0.5596265183335226
                ]
            }
        }
    },
    "cont_2": {
        "training": {
            "loss": [
                0.5666404179395578
            ],
            "accuracy": [
                0.8122004792332268
            ]
        },
        "validation": {
            "cont_1": {
                "accuracy": [
                    0.9255191693290735
                ],
                "flatness": [
                    0.5355946601941748
                ]
            },
            "cont_2": {
                "accuracy": [
                    0.8919728434504792
                ],
                "flatness": [
                    0.5408481643160958
                ]
            },
            "cont_3": {
                "accuracy": [
                    0.8704073482428115
                ],
                "flatness": [
                    0.46538913741683874
                ]
            },
            "cont_4": {
                "accuracy": [
                    0.8690095846645367
                ],
                "flatness": [
                    0.443212890625
                ]
            },
            "cont_5": {
                "accuracy": [
                    0.8654153354632588
                ],
                "flatness": [
                    0.5398419473927087
                ]
            }
        }
    },
    "cont_3": {
        "training": {
            "loss": [
                0.5474220445742622
            ],
            "accuracy": [
                0.8247803514376997
            ]
        },
        "validation": {
            "cont_1": {
                "accuracy": [
                    0.8974640575079872
                ],
                "flatness": [
                    0.4487470797641562
                ]
            },
            "cont_2": {
                "accuracy": [
                    0.8680111821086262
                ],
                "flatness": [
                    0.44034750977685766
                ]
            },
            "cont_3": {
                "accuracy": [
                    0.8595247603833865
                ],
                "flatness": [
                    0.4712815077244744
                ]
            },
            "cont_4": {
                "accuracy": [
                    0.849341054313099
                ],
                "flatness": [
                    0.5022275772892912
                ]
            },
            "cont_5": {
                "accuracy": [
                    0.8412539936102237
                ],
                "flatness": [
                    0.4887142475670544
                ]
            }
        }
    },
    "cont_4": {
        "training": {
            "loss": [
                0.5050751016543696
            ],
            "accuracy": [
                0.8414536741214057
            ]
        },
        "validation": {
            "cont_1": {
                "accuracy": [
                    0.9063498402555911
                ],
                "flatness": [
                    0.4443475985899978
                ]
            },
            "cont_2": {
                "accuracy": [
                    0.8745007987220448
                ],
                "flatness": [
                    0.4377497431213609
                ]
            },
            "cont_3": {
                "accuracy": [
                    0.8624201277955271
                ],
                "flatness": [
                    0.4427493343366519
                ]
            },
            "cont_4": {
                "accuracy": [
                    0.8662140575079872
                ],
                "flatness": [
                    0.47463188681420004
                ]
            },
            "cont_5": {
                "accuracy": [
                    0.8514376996805112
                ],
                "flatness": [
                    0.5514569652908067
                ]
            }
        }
    },
    "cont_5": {
        "training": {
            "loss": [
                2.15224378025189
            ],
            "accuracy": [
                0.24700479233226838
            ]
        },
        "validation": {
            "cont_1": {
                "accuracy": [
                    0.38867811501597443
                ],
                "flatness": [
                    0.3643157590547136
                ]
            },