{
    "random_1": {
        "training": {
            "loss": [
                0.09526536420913069
            ],
            "accuracy": [
                0.9672571656050956
            ]
        },
        "validation": {
            "random_1": {
                "accuracy": [
                    0.9883558917197452
                ],
                "flatness": [
                    0.639437871161286
                ]
            }
        }
    },
    "random_2": {
        "training": {
            "loss": [
                0.07623484821776581
            ],
            "accuracy": [
                0.9742237261146497
            ]
        },
        "validation": {
            "random_2": {
                "accuracy": [
                    0.9888535031847133
                ],
                "flatness": [
                    0.7228225656177687
                ]
            }
        }
    },
    "random_3": {
        "training": {
            "loss": [
                0.15395577688505696
            ],
            "accuracy": [
                0.947452229299363
            ]
        },
        "validation": {
            "random_3": {
                "accuracy": [
                    0.9890525477707006
                ],
                "flatness": [
                    0.6455436215767273
                ]
            }
        }
    },
    "random_4": {
        "training": {
            "loss": [
                0.144815366584689
            ],
            "accuracy": [
                0.9517316878980892
            ]
        },
        "validation": {
            "random_4": {
                "accuracy": [
                    0.9909434713375797
                ],
                "flatness": [
                    0.7793235921950731
                ]
            }
        }
    },
    "random_5": {
        "training": {
            "loss": [
                0.1310548374583577
            ],
            "accuracy": [
                0.9552149681528662
            ]
        },
        "validation": {
            "random_5": {
                "accuracy": [
                    0.9914410828025477
                ],
                "flatness": [
                    0.7375627391574325
                ]
            }
        }
    },
    "cont_1": {
        "training": {
            "loss": [
                0.07223990847872701
            ],
            "accuracy": [
                0.9749203821656051
            ]
        },
        "validation": {
            "cont_1": {
                "accuracy": [
                    0.9837778662420382
                ],
                "flatness": [
                    0.7352078916523633
                ]
            },
            "cont_2": {
                "accuracy": [
                    0.9699442675159236
                ],
                "flatness": [
                    0.7235032328633638
                ]
            },
            "cont_3": {
                "accuracy": [
                    0.9484474522292994
                ],
                "flatness": [
                    0.7711615963772738
                ]
            },
            "cont_4": {
                "accuracy": [
                    0.9481488853503185
                ],
                "flatness": [
                    0.6820032545385823
                ]
            },
            "cont_5": {
                "accuracy": [
                    0.9539211783439491
                ],
                "flatness": [
                    0.7066228487470465
                ]
            }
        }
    },
    "cont_2": {
        "training": {
            "loss": [
                0.2652338336749821
            ],
            "accuracy": [
                0.9118232484076433
            ]
        },
        "validation": {
            "cont_1": {
                "accuracy": [
                    0.9611863057324841
                ],
                "flatness": [
                    0.616019363427019
                ]
            },
            "cont_2": {
                "accuracy": [
                    0.986265923566879
                ],
                "flatness": [
                    0.6118405651613152
                ]
            },
            "cont_3": {
                "accuracy": [
                    0.93640525477707
                ],
                "flatness": [
                    0.5728772988087795
                ]
            },
            "cont_4": {
                "accuracy": [
                    0.935609076433121
                ],
                "flatness": [
                    0.6022981599295042
                ]
            },
            "cont_5": {
                "accuracy": [
                    0.9332205414012739
                ],
                "flatness": [
                    0.6285357795926673
                ]
            }
        }
    },
    "cont_3": {
        "training": {
            "loss": [
                0.2190312818048676
            ],
            "accuracy": [
                0.9250597133757962
            ]
        },
        "validation": {
            "cont_1": {
                "accuracy": [
                    0.9607882165605095
                ],
                "flatness": [
                    0.7334066200261288
                ]
            },
            "cont_2": {
                "accuracy": [
                    0.9713375796178344
                ],
                "flatness": [
                    0.6933094262295082
                ]
            },
            "cont_3": {
                "accuracy": [
                    0.9890525477707006
                ],
                "flatness": [
                    0.6243743713268165
                ]
            },
            "cont_4": {
                "accuracy": [
                    0.9397890127388535
                ],
                "flatness": [
                    0.6558154197008342
                ]
            },
            "cont_5": {
                "accuracy": [
                    0.942078025477707
                ],
                "flatness": [
                    0.6650855694062962
                ]
            }
        }
    },
    "cont_4": {
        "training": {
            "loss": [
                0.19244756563833565
            ],
            "accuracy": [
                0.9339171974522293
            ]
        },
        "validation": {
            "cont_1": {
                "accuracy": [
                    0.9619824840764332
                ],
                "flatness": [
                    0.7555198643682611
                ]
            },
            "cont_2": {
                "accuracy": [
                    0.9625796178343949
                ],
                "flatness": [
                    0.7038784647673195
                ]
            },
            "cont_3": {
                "accuracy": [
                    0.9721337579617835
                ],
                "flatness": [
                    0.7055195541044027
                ]
            },
            "cont_4": {
                "accuracy": [
                    0.9876592356687898
                ],
                "flatness": [
                    0.7454098652755479
                ]
            },
            "cont_5": {
                "accuracy": [
                    0.9424761146496815
                ],
                "flatness": [
                    0.664224393768069
                ]
            }
        }
    },
    "cont_5": {
        "training": {
            "loss": [
                0.18395275394817825
            ],
            "accuracy": [
                0.9368033439490446
            ]
        },
        "validation": {
            "cont_1": {
                "accuracy": [
                    0.9600915605095541
                ],
                "flatness": [
                    0.6457717432090504
                ]
            },