{
    "random_1": {
        "training": {
            "loss": [
                0.14745511592606814
            ],
            "accuracy": [
                0.9492811501597445
            ]
        },
        "validation": {
            "random_1": {
                "accuracy": [
                    0.9752396166134185
                ],
                "flatness": [
                    0.5239097051597053
                ]
            }
        }
    },
    "random_2": {
        "training": {
            "loss": [
                0.36789446885879046
            ],
            "accuracy": [
                0.8783945686900958
            ]
        },
        "validation": {
            "random_2": {
                "accuracy": [
                    0.9617611821086262
                ],
                "flatness": [
                    0.4376330063323991
                ]
            }
        }
    },
    "random_3": {
        "training": {
            "loss": [
                0.3561373186973147
            ],
            "accuracy": [
                0.8811900958466453
            ]
        },
        "validation": {
            "random_3": {
                "accuracy": [
                    0.9659544728434505
                ],
                "flatness": [
                    0.598905684754522
                ]
            }
        }
    },
    "random_4": {
        "training": {
            "loss": [
                0.3653597699763914
            ],
            "accuracy": [
                0.8766972843450479
            ]
        },
        "validation": {
            "random_4": {
                "accuracy": [
                    0.959464856230032
                ],
                "flatness": [
                    0.6813286940686785
                ]
            }
        }
    },
    "random_5": {
        "training": {
            "loss": [
                0.37510526404022787
            ],
            "accuracy": [
                0.8807907348242812
            ]
        },
        "validation": {
            "random_5": {
                "accuracy": [
                    0.9704472843450479
                ],
                "flatness": [
                    0.3757529578189301
                ]
            }
        }
    },
    "cont_1": {
        "training": {
            "loss": [
                0.1183272737099569
            ],
            "accuracy": [
                0.9586661341853036
            ]
        },
        "validation": {
            "cont_1": {
                "accuracy": [
                    0.9667531948881789
                ],
                "flatness": [
                    0.5169930548383765
                ]
            },
            "cont_2": {
                "accuracy": [
                    0.8670127795527156
                ],
                "flatness": [
                    0.5987692883463842
                ]
            },
            "cont_3": {
                "accuracy": [
                    0.8811900958466453
                ],
                "flatness": [
                    0.6157333446634942
                ]
            },
            "cont_4": {
                "accuracy": [
                    0.8747004792332268
                ],
                "flatness": [
                    0.5519746604268919
                ]
            },
            "cont_5": {
                "accuracy": [
                    0.8723043130990416
                ],
                "flatness": [
                    0.574985693029644
                ]
            }
        }
    },
    "cont_2": {
        "training": {
            "loss": [
                0.37519031014448156
            ],
            "accuracy": [
                0.8833865814696485
            ]
        },
        "validation": {
            "cont_1": {
                "accuracy": [
                    0.9721445686900958
                ],
                "flatness": [
                    0.5832385488343432
                ]
            },
            "cont_2": {
                "accuracy": [
                    0.9556709265175719
                ],
                "flatness": [
                    0.5379074383618888
                ]
            },
            "cont_3": {
                "accuracy": [
                    0.9113418530351438
                ],
                "flatness": [
                    0.524424161919369
                ]
            },
            "cont_4": {
                "accuracy": [
                    0.9152356230031949
                ],
                "flatness": [
                    0.5091755754336205
                ]
            },
            "cont_5": {
                "accuracy": [
                    0.9022563897763578
                ],
                "flatness": [
                    0.5970274980635166
                ]
            }
        }
    },
    "cont_3": {
        "training": {
            "loss": [
                0.2737230899663398
            ],
            "accuracy": [
                0.9085463258785943
            ]
        },
        "validation": {
            "cont_1": {
                "accuracy": [
                    0.9656549520766773
                ],
                "flatness": [
                    0.7433021867245657
                ]
            },
            "cont_2": {
                "accuracy": [
                    0.9473841853035144
                ],
                "flatness": [
                    0.6415691853725366
                ]
            },
            "cont_3": {
                "accuracy": [
                    0.9681509584664537
                ],
                "flatness": [
                    0.7276677065071671
                ]
            },
            "cont_4": {
                "accuracy": [
                    0.9156349840255591
                ],
                "flatness": [
                    0.6458973939592193
                ]
            },
            "cont_5": {
                "accuracy": [
                    0.9140375399361023
                ],
                "flatness": [
                    0.6863435281267067
                ]
            }
        }
    },
    "cont_4": {
        "training": {
            "loss": [
                0.25241274917468476
            ],
            "accuracy": [
                0.913638178913738
            ]
        },
        "validation": {
            "cont_1": {
                "accuracy": [
                    0.9577675718849841
                ],
                "flatness": [
                    0.691304857708746
                ]
            },
            "cont_2": {
                "accuracy": [
                    0.9461861022364217
                ],
                "flatness": [
                    0.6875877123562308
                ]
            },
            "cont_3": {
                "accuracy": [
                    0.9603634185303515
                ],
                "flatness": [
                    0.7490247167065183
                ]
            },
            "cont_4": {
                "accuracy": [
                    0.9754392971246006
                ],
                "flatness": [
                    0.6213146110542477
                ]
            },
            "cont_5": {
                "accuracy": [
                    0.9204273162939297
                ],
                "flatness": [
                    0.7159548215641609
                ]
            }
        }
    },
    "cont_5": {
        "training": {
            "loss": [
                0.2484749014409015
            ],
            "accuracy": [
                0.9161341853035144
            ]
        },
        "validation": {
            "cont_1": {
                "accuracy": [
                    0.9570686900958466
                ],
                "flatness": [
                    0.7489502920926352
                ]
            },