{
    "random_1": {
        "training": {
            "loss": [
                0.5247114472190539
            ],
            "accuracy": [
                0.8216666666666667
            ]
        },
        "validation": {
            "random_1": {
                "accuracy": [
                    0.9535833333333333
                ]
            }
        }
    },
    "random_2": {
        "training": {
            "loss": [
                0.5448553680181504
            ],
            "accuracy": [
                0.8193333333333334
            ]
        },
        "validation": {
            "random_2": {
                "accuracy": [
                    0.956
                ]
            }
        }
    },
    "random_3": {
        "training": {
            "loss": [
                0.5256751681764921
            ],
            "accuracy": [
                0.822
            ]
        },
        "validation": {
            "random_3": {
                "accuracy": [
                    0.9625833333333333
                ]
            }
        }
    },
    "random_4": {
        "training": {
            "loss": [
                0.5238500965237618
            ],
            "accuracy": [
                0.8226666666666667
            ]
        },
        "validation": {
            "random_4": {
                "accuracy": [
                    0.963
                ]
            }
        }
    },
    "random_5": {
        "training": {
            "loss": [
                0.5195803467929363
            ],
            "accuracy": [
                0.8235833333333333
            ]
        },
        "validation": {
            "random_5": {
                "accuracy": [
                    0.952
                ]
            }
        }
    },
    "cont_1": {
        "training": {
            "loss": [
                0.5316015783150991
            ],
            "accuracy": [
                0.8200833333333334
            ]
        },
        "validation": {
            "cont_1": {
                "accuracy": [
                    0.9456666666666667
                ]
            },
            "cont_2": {
                "accuracy": [
                    0.8850833333333333
                ]
            },
            "cont_3": {
                "accuracy": [
                    0.8801666666666667
                ]
            },
            "cont_4": {
                "accuracy": [
                    0.8864166666666666
                ]
            },
            "cont_5": {
                "accuracy": [
                    0.8764166666666666
                ]
            }
        }
    },
    "cont_2": {
        "training": {
            "loss": [
                0.34268571919202806
            ],
            "accuracy": [
                0.88475
            ]
        },
        "validation": {
            "cont_1": {
                "accuracy": [
                    0.9366666666666666
                ]
            },
            "cont_2": {
                "accuracy": [
                    0.97
                ]
            },
            "cont_3": {
                "accuracy": [
                    0.9080833333333334
                ]
            },
            "cont_4": {
                "accuracy": [
                    0.91175
                ]
            },
            "cont_5": {
                "accuracy": [
                    0.9068333333333334
                ]
            }
        }
    },
    "cont_3": {
        "training": {
            "loss": [
                0.3102617442061504
            ],
            "accuracy": [
                0.8934166666666666
            ]
        },
        "validation": {
            "cont_1": {
                "accuracy": [
                    0.9343333333333333
                ]
            },
            "cont_2": {
                "accuracy": [
                    0.9505833333333333
                ]
            },
            "cont_3": {
                "accuracy": [
                    0.9751666666666666
                ]
            },
            "cont_4": {
                "accuracy": [
                    0.9231666666666667
                ]
            },
            "cont_5": {
                "accuracy": [
                    0.91625
                ]
            }
        }
    },
    "cont_4": {
        "training": {
            "loss": [
                0.2733384018490712
            ],
            "accuracy": [
                0.9063333333333333
            ]
        },
        "validation": {
            "cont_1": {
                "accuracy": [
                    0.93575
                ]
            },
            "cont_2": {
                "accuracy": [
                    0.9476666666666667
                ]
            },
            "cont_3": {
                "accuracy": [
                    0.9585833333333333
                ]
            },
            "cont_4": {
                "accuracy": [
                    0.9769166666666667
                ]
            },
            "cont_5": {
                "accuracy": [
                    0.9201666666666667
                ]
            }
        }
    },
    "cont_5": {
        "training": {
            "loss": [
                0.2655913162380457
            ],
            "accuracy": [
                0.91125
            ]
        },
        "validation": {
            "cont_1": {
                "accuracy": [
                    0.9354166666666667
                ]
            },
            "cont_2": {
                "accuracy": [
                    0.94425
                ]
            },
            "cont_3": {
                "accuracy": [
                    0.9516666666666667
                ]
            },
            "cont_4": {
                "accuracy": [
                    0.9634166666666667
                ]
            },
            "cont_5": {
                "accuracy": [
                    0.9771666666666666
                ]
            }
        }
    },
    "training_metrics": {
        "training": {},
        "validation": {
            "cont_1": {
                "accuracy": [
                    0.9354166666666667
                ],
                "flatness": [
                    0.7681983354823585
                ]
            },
            "cont_2": {
                "accuracy": [
                    0.94425
                ],
                "flatness": [
                    0.795500466814375
                ]
            },
            "cont_3": {
                "accuracy": [
                    0.9516666666666667
                ],
                "flatness": [
                    0.8207553691584477
                ]
            },
            "cont_4": {
                "accuracy": [
                    0.9634166666666667
                ],
                "flatness": [
                    0.7521886196331586
                ]
            },
            "cont_5": {
                "accuracy": [
                    0.9771666666666666
                ],
                "flatness": [
                    0.8252578615223032
                ]
            }
        }
    }
}