{
    "random_1": {
        "training": {
            "loss": [
                0.555047116519068
            ],
            "accuracy": [
                0.8115015974440895
            ]
        },
        "validation": {
            "random_1": {
                "accuracy": [
                    0.9634584664536742
                ],
                "flatness": [
                    0.5100440414507772
                ]
            }
        }
    },
    "random_2": {
        "training": {
            "loss": [
                0.5486428880224974
            ],
            "accuracy": [
                0.8094049520766773
            ]
        },
        "validation": {
            "random_2": {
                "accuracy": [
                    0.9475838658146964
                ],
                "flatness": [
                    0.6556560162258982
                ]
            }
        }
    },
    "random_3": {
        "training": {
            "loss": [
                0.5625123316273332
            ],
            "accuracy": [
                0.8095047923322684
            ]
        },
        "validation": {
            "random_3": {
                "accuracy": [
                    0.9441892971246006
                ],
                "flatness": [
                    0.5802348789256635
                ]
            }
        }
    },
    "random_4": {
        "training": {
            "loss": [
                0.5635818425601664
            ],
            "accuracy": [
                0.8093051118210862
            ]
        },
        "validation": {
            "random_4": {
                "accuracy": [
                    0.950479233226837
                ],
                "flatness": [
                    0.5975603991596639
                ]
            }
        }
    },
    "random_5": {
        "training": {
            "loss": [
                0.560326372044155
            ],
            "accuracy": [
                0.8108027156549521
            ]
        },
        "validation": {
            "random_5": {
                "accuracy": [
                    0.9517771565495208
                ],
                "flatness": [
                    0.6462006975768384
                ]
            }
        }
    },
    "cont_1": {
        "training": {
            "loss": [
                0.5609415530587156
            ],
            "accuracy": [
                0.8073083067092651
            ]
        },
        "validation": {
            "cont_1": {
                "accuracy": [
                    0.9505790734824281
                ],
                "flatness": [
                    0.43004214368238625
                ]
            },
            "cont_2": {
                "accuracy": [
                    0.8862819488817891
                ],
                "flatness": [
                    0.5438802523375015
                ]
            },
            "cont_3": {
                "accuracy": [
                    0.880591054313099
                ],
                "flatness": [
                    0.5529400510204082
                ]
            },
            "cont_4": {
                "accuracy": [
                    0.8789936102236422
                ],
                "flatness": [
                    0.4161808552930486
                ]
            },
            "cont_5": {
                "accuracy": [
                    0.8875798722044729
                ],
                "flatness": [
                    0.44208169291338584
                ]
            }
        }
    },
    "cont_2": {
        "training": {
            "loss": [
                0.4164336717452485
            ],
            "accuracy": [
                0.8662140575079872
            ]
        },
        "validation": {
            "cont_1": {
                "accuracy": [
                    0.9459864217252396
                ],
                "flatness": [
                    0.5318522427440633
                ]
            },
            "cont_2": {
                "accuracy": [
                    0.9195287539936102
                ],
                "flatness": [
                    0.4938416123778501
                ]
            },
            "cont_3": {
                "accuracy": [
                    0.8965654952076677
                ],
                "flatness": [
                    0.4653173719376392
                ]
            },
            "cont_4": {
                "accuracy": [
                    0.893270766773163
                ],
                "flatness": [
                    0.5488082597518721
                ]
            },
            "cont_5": {
                "accuracy": [
                    0.8964656549520766
                ],
                "flatness": [
                    0.45774376322530347
                ]
            }
        }
    },
    "cont_3": {
        "training": {
            "loss": [
                0.47494975294168
            ],
            "accuracy": [
                0.8551317891373802
            ]
        },
        "validation": {
            "cont_1": {
                "accuracy": [
                    0.9267172523961661
                ],
                "flatness": [
                    0.44427655677655686
                ]
            },
            "cont_2": {
                "accuracy": [
                    0.9060503194888179
                ],
                "flatness": [
                    0.489331955922865
                ]
            },
            "cont_3": {
                "accuracy": [
                    0.904452875399361
                ],
                "flatness": [
                    0.4429041560878685
                ]
            },
            "cont_4": {
                "accuracy": [
                    0.8819888178913738
                ],
                "flatness": [
                    0.42141088408422006
                ]
            },
            "cont_5": {
                "accuracy": [
                    0.8892771565495208
                ],
                "flatness": [
                    0.5565440103289547
                ]
            }
        }
    },
    "cont_4": {
        "training": {
            "loss": [
                0.5564812860740259
            ],
            "accuracy": [
                0.8160942492012779
            ]
        },
        "validation": {
            "cont_1": {
                "accuracy": [
                    0.895367412140575
                ],
                "flatness": [
                    0.5004056088314006
                ]
            },
            "cont_2": {
                "accuracy": [
                    0.8752995207667732
                ],
                "flatness": [
                    0.5317376240447131
                ]
            },
            "cont_3": {
                "accuracy": [
                    0.8773961661341853
                ],
                "flatness": [
                    0.4120412778789258
                ]
            },
            "cont_4": {
                "accuracy": [
                    0.8827875399361023
                ],
                "flatness": [
                    0.3958076509839403
                ]
            },
            "cont_5": {
                "accuracy": [
                    0.8733027156549521
                ],
                "flatness": [
                    0.3394978278266834
                ]
            }
        }
    },
    "cont_5": {
        "training": {
            "loss": [
                0.6885150921897004
            ],
            "accuracy": [
                0.766673322683706
            ]
        },
        "validation": {
            "cont_1": {
                "accuracy": [
                    0.8656150159744409
                ],
                "flatness": [
                    0.4375050461361015
                ]
            },