{
    "random_1": {
        "training": {
            "loss": [
                0.38103282974163694
            ],
            "accuracy": [
                0.83125
            ]
        },
        "validation": {
            "random_1": {
                "accuracy": [
                    0.949
                ]
            }
        }
    },
    "random_2": {
        "training": {
            "loss": [
                0.37943533758322395
            ],
            "accuracy": [
                0.83325
            ]
        },
        "validation": {
            "random_2": {
                "accuracy": [
                    0.9583333333333334
                ]
            }
        }
    },
    "random_3": {
        "training": {
            "loss": [
                0.3771842610190312
            ],
            "accuracy": [
                0.8280833333333333
            ]
        },
        "validation": {
            "random_3": {
                "accuracy": [
                    0.962
                ]
            }
        }
    },
    "random_4": {
        "training": {
            "loss": [
                0.37555726885795593
            ],
            "accuracy": [
                0.8339166666666666
            ]
        },
        "validation": {
            "random_4": {
                "accuracy": [
                    0.9305833333333333
                ]
            }
        }
    },
    "random_5": {
        "training": {
            "loss": [
                0.36977929159005485
            ],
            "accuracy": [
                0.835
            ]
        },
        "validation": {
            "random_5": {
                "accuracy": [
                    0.9498333333333333
                ]
            }
        }
    },
    "cont_1": {
        "training": {
            "loss": [
                0.39582167398929596
            ],
            "accuracy": [
                0.8200833333333334
            ]
        },
        "validation": {
            "cont_1": {
                "accuracy": [
                    0.94875
                ]
            },
            "cont_2": {
                "accuracy": [
                    0.8825833333333334
                ]
            },
            "cont_3": {
                "accuracy": [
                    0.897
                ]
            },
            "cont_4": {
                "accuracy": [
                    0.8889166666666667
                ]
            },
            "cont_5": {
                "accuracy": [
                    0.8910833333333333
                ]
            }
        }
    },
    "cont_2": {
        "training": {
            "loss": [
                0.37886630549033484
            ],
            "accuracy": [
                0.8895
            ]
        },
        "validation": {
            "cont_1": {
                "accuracy": [
                    0.9353333333333333
                ]
            },
            "cont_2": {
                "accuracy": [
                    0.95
                ]
            },
            "cont_3": {
                "accuracy": [
                    0.9079166666666667
                ]
            },
            "cont_4": {
                "accuracy": [
                    0.9054166666666666
                ]
            },
            "cont_5": {
                "accuracy": [
                    0.9054166666666666
                ]
            }
        }
    },
    "cont_3": {
        "training": {
            "loss": [
                0.3012203680674235
            ],
            "accuracy": [
                0.9125
            ]
        },
        "validation": {
            "cont_1": {
                "accuracy": [
                    0.9459166666666666
                ]
            },
            "cont_2": {
                "accuracy": [
                    0.9554166666666667
                ]
            },
            "cont_3": {
                "accuracy": [
                    0.9736666666666667
                ]
            },
            "cont_4": {
                "accuracy": [
                    0.92925
                ]
            },
            "cont_5": {
                "accuracy": [
                    0.9300833333333334
                ]
            }
        }
    },
    "cont_4": {
        "training": {
            "loss": [
                0.2664242286483447
            ],
            "accuracy": [
                0.91925
            ]
        },
        "validation": {
            "cont_1": {
                "accuracy": [
                    0.94475
                ]
            },
            "cont_2": {
                "accuracy": [
                    0.9531666666666667
                ]
            },
            "cont_3": {
                "accuracy": [
                    0.96375
                ]
            },
            "cont_4": {
                "accuracy": [
                    0.97425
                ]
            },
            "cont_5": {
                "accuracy": [
                    0.9368333333333333
                ]
            }
        }
    },
    "cont_5": {
        "training": {
            "loss": [
                0.23557620296875637
            ],
            "accuracy": [
                0.9268333333333333
            ]
        },
        "validation": {
            "cont_1": {
                "accuracy": [
                    0.9489166666666666
                ]
            },
            "cont_2": {
                "accuracy": [
                    0.9559166666666666
                ]
            },
            "cont_3": {
                "accuracy": [
                    0.9670833333333333
                ]
            },
            "cont_4": {
                "accuracy": [
                    0.9715
                ]
            },
            "cont_5": {
                "accuracy": [
                    0.9801666666666666
                ]
            }
        }
    },
    "training_metrics": {
        "training": {},
        "validation": {
            "cont_1": {
                "accuracy": [
                    0.9489166666666666
                ],
                "flatness": [
                    0.9037314019218593
                ]
            },
            "cont_2": {
                "accuracy": [
                    0.9559166666666666
                ],
                "flatness": [
                    0.8527224258886253
                ]
            },
            "cont_3": {
                "accuracy": [
                    0.9670833333333333
                ],
                "flatness": [
                    0.8406653212090978
                ]
            },
            "cont_4": {
                "accuracy": [
                    0.9715
                ],
                "flatness": [
                    0.8747663677980334
                ]
            },
            "cont_5": {
                "accuracy": [
                    0.9801666666666666
                ],
                "flatness": [
                    0.7970583234143853
                ]
            }
        }
    }
}