{
    "random_1": {
        "training": {
            "loss": [
                2.282653600453569
            ],
            "accuracy": [
                0.42841453674121405
            ]
        },
        "validation": {
            "random_1": {
                "accuracy": [
                    0.7896365814696485
                ],
                "flatness": [
                    0.4147972246807434
                ]
            }
        }
    },
    "random_2": {
        "training": {
            "loss": [
                2.296135967722335
            ],
            "accuracy": [
                0.4292132587859425
            ]
        },
        "validation": {
            "random_2": {
                "accuracy": [
                    0.7952276357827476
                ],
                "flatness": [
                    0.38879394224733205
                ]
            }
        }
    },
    "random_3": {
        "training": {
            "loss": [
                2.2977245158661668
            ],
            "accuracy": [
                0.4289137380191693
            ]
        },
        "validation": {
            "random_3": {
                "accuracy": [
                    0.8079073482428115
                ],
                "flatness": [
                    0.2898595835392981
                ]
            }
        }
    },
    "random_4": {
        "training": {
            "loss": [
                2.2651586795386414
            ],
            "accuracy": [
                0.4382987220447284
            ]
        },
        "validation": {
            "random_4": {
                "accuracy": [
                    0.7929313099041534
                ],
                "flatness": [
                    0.34755335557794004
                ]
            }
        }
    },
    "random_5": {
        "training": {
            "loss": [
                2.320501077670259
            ],
            "accuracy": [
                0.42392172523961663
            ]
        },
        "validation": {
            "random_5": {
                "accuracy": [
                    0.8141972843450479
                ],
                "flatness": [
                    0.40804184549356226
                ]
            }
        }
    },
    "cont_1": {
        "training": {
            "loss": [
                2.3311731095512074
            ],
            "accuracy": [
                0.4232228434504792
            ]
        },
        "validation": {
            "cont_1": {
                "accuracy": [
                    0.8060103833865815
                ],
                "flatness": [
                    0.3096850613154961
                ]
            },
            "cont_2": {
                "accuracy": [
                    0.6061301916932907
                ],
                "flatness": [
                    0.35284034755394506
                ]
            },
            "cont_3": {
                "accuracy": [
                    0.6109225239616614
                ],
                "flatness": [
                    0.32673435201830364
                ]
            },
            "cont_4": {
                "accuracy": [
                    0.6162140575079872
                ],
                "flatness": [
                    0.3156877835385612
                ]
            },
            "cont_5": {
                "accuracy": [
                    0.6080271565495208
                ],
                "flatness": [
                    0.2923132183908046
                ]
            }
        }
    },
    "cont_2": {
        "training": {
            "loss": [
                1.4090751666611376
            ],
            "accuracy": [
                0.6031349840255591
            ]
        },
        "validation": {
            "cont_1": {
                "accuracy": [
                    0.8311701277955271
                ],
                "flatness": [
                    0.2937312312312312
                ]
            },
            "cont_2": {
                "accuracy": [
                    0.6812100638977636
                ],
                "flatness": [
                    0.31882602960574524
                ]
            },
            "cont_3": {
                "accuracy": [
                    0.6505591054313099
                ],
                "flatness": [
                    0.32484077655003063
                ]
            },
            "cont_4": {
                "accuracy": [
                    0.650658945686901
                ],
                "flatness": [
                    0.27316058002148225
                ]
            },
            "cont_5": {
                "accuracy": [
                    0.650758785942492
                ],
                "flatness": [
                    0.3124357548327708
                ]
            }
        }
    },
    "cont_3": {
        "training": {
            "loss": [
                1.3278116090610004
            ],
            "accuracy": [
                0.6343849840255591
            ]
        },
        "validation": {
            "cont_1": {
                "accuracy": [
                    0.8347643769968051
                ],
                "flatness": [
                    0.2936363772276044
                ]
            },
            "cont_2": {
                "accuracy": [
                    0.6779153354632588
                ],
                "flatness": [
                    0.32729013254786454
                ]
            },
            "cont_3": {
                "accuracy": [
                    0.7107627795527156
                ],
                "flatness": [
                    0.33167491923022896
                ]
            },
            "cont_4": {
                "accuracy": [
                    0.6651357827476039
                ],
                "flatness": [
                    0.3464987991594116
                ]
            },
            "cont_5": {
                "accuracy": [
                    0.6602436102236422
                ],
                "flatness": [
                    0.3073557765008317
                ]
            }
        }
    },
    "cont_4": {
        "training": {
            "loss": [
                1.2526652538738312
            ],
            "accuracy": [
                0.6423722044728435
            ]
        },
        "validation": {
            "cont_1": {
                "accuracy": [
                    0.8378594249201278
                ],
                "flatness": [
                    0.2132946556244042
                ]
            },
            "cont_2": {
                "accuracy": [
                    0.6814097444089456
                ],
                "flatness": [
                    0.2605467032967033
                ]
            },
            "cont_3": {
                "accuracy": [
                    0.7051717252396166
                ],
                "flatness": [
                    0.2935898343480108
                ]
            },
            "cont_4": {
                "accuracy": [
                    0.7231429712460063
                ],
                "flatness": [
                    0.20175600579870223
                ]
            },
            "cont_5": {
                "accuracy": [
                    0.671026357827476
                ],
                "flatness": [
                    0.25526428358875164
                ]
            }
        }
    },
    "cont_5": {
        "training": {
            "loss": [
                1.244947464321368
            ],
            "accuracy": [
                0.6444688498402555
            ]
        },
        "validation": {
            "cont_1": {
                "accuracy": [
                    0.8384584664536742
                ],
                "flatness": [
                    0.41207504763038816
                ]
            },