{
    "joint_training": {
        "training": {
            "loss": [
                0.31621978371044
            ],
            "accuracy": [
                0.8921
            ]
        },
        "validation": {
            "cont_1": {
                "accuracy": [
                    0.9632646276595744
                ],
                "flatness": [
                    0.8363144284404216
                ]
            },
            "cont_2": {
                "accuracy": [
                    0.9624335106382979
                ],
                "flatness": [
                    0.8387455692365812
                ]
            },
            "cont_3": {
                "accuracy": [
                    0.9616023936170213
                ],
                "flatness": [
                    0.8053762771293398
                ]
            },
            "cont_4": {
                "accuracy": [
                    0.9599401595744681
                ],
                "flatness": [
                    0.8239046108813403
                ]
            },
            "cont_5": {
                "accuracy": [
                    0.9644281914893617
                ],
                "flatness": [
                    0.8716873200365922
                ]
            },
            "cont_6": {
                "accuracy": [
                    0.9596077127659575
                ],
                "flatness": [
                    0.8433864860983652
                ]
            },
            "cont_7": {
                "accuracy": [
                    0.964594414893617
                ],
                "flatness": [
                    0.8044695581388602
                ]
            },
            "cont_8": {
                "accuracy": [
                    0.9617686170212766
                ],
                "flatness": [
                    0.8146997295806239
                ]
            },
            "cont_9": {
                "accuracy": [
                    0.9629321808510638
                ],
                "flatness": [
                    0.8394499116806589
                ]
            },
            "cont_10": {
                "accuracy": [
                    0.9592752659574468
                ],
                "flatness": [
                    0.8591098277291301
                ]
            }
        }
    }
}