{
    "random_1": {
        "training": {
            "loss": [
                0.44865406764050325
            ],
            "accuracy": [
                0.7965833333333333
            ]
        },
        "validation": {
            "random_1": {
                "accuracy": [
                    0.9199166666666667
                ]
            }
        }
    },
    "random_2": {
        "training": {
            "loss": [
                0.44476782976587614
            ],
            "accuracy": [
                0.8
            ]
        },
        "validation": {
            "random_2": {
                "accuracy": [
                    0.9233333333333333
                ]
            }
        }
    },
    "random_3": {
        "training": {
            "loss": [
                0.4422470907717943
            ],
            "accuracy": [
                0.7995833333333333
            ]
        },
        "validation": {
            "random_3": {
                "accuracy": [
                    0.9116666666666666
                ]
            }
        }
    },
    "random_4": {
        "training": {
            "loss": [
                0.454232695043087
            ],
            "accuracy": [
                0.79475
            ]
        },
        "validation": {
            "random_4": {
                "accuracy": [
                    0.9290833333333334
                ]
            }
        }
    },
    "random_5": {
        "training": {
            "loss": [
                0.4280056429902713
            ],
            "accuracy": [
                0.807
            ]
        },
        "validation": {
            "random_5": {
                "accuracy": [
                    0.9100833333333334
                ]
            }
        }
    },
    "cont_1": {
        "training": {
            "loss": [
                0.44375882275899253
            ],
            "accuracy": [
                0.798
            ]
        },
        "validation": {
            "cont_1": {
                "accuracy": [
                    0.9178333333333333
                ]
            },
            "cont_2": {
                "accuracy": [
                    0.8770833333333333
                ]
            },
            "cont_3": {
                "accuracy": [
                    0.8764166666666666
                ]
            },
            "cont_4": {
                "accuracy": [
                    0.8800833333333333
                ]
            },
            "cont_5": {
                "accuracy": [
                    0.883
                ]
            }
        }
    },
    "cont_2": {
        "training": {
            "loss": [
                0.41120830934246383
            ],
            "accuracy": [
                0.8754166666666666
            ]
        },
        "validation": {
            "cont_1": {
                "accuracy": [
                    0.9361666666666667
                ]
            },
            "cont_2": {
                "accuracy": [
                    0.9406666666666667
                ]
            },
            "cont_3": {
                "accuracy": [
                    0.9118333333333334
                ]
            },
            "cont_4": {
                "accuracy": [
                    0.91075
                ]
            },
            "cont_5": {
                "accuracy": [
                    0.9106666666666666
                ]
            }
        }
    },
    "cont_3": {
        "training": {
            "loss": [
                0.34339858854810396
            ],
            "accuracy": [
                0.8950833333333333
            ]
        },
        "validation": {
            "cont_1": {
                "accuracy": [
                    0.9255
                ]
            },
            "cont_2": {
                "accuracy": [
                    0.9271666666666667
                ]
            },
            "cont_3": {
                "accuracy": [
                    0.9399166666666666
                ]
            },
            "cont_4": {
                "accuracy": [
                    0.905
                ]
            },
            "cont_5": {
                "accuracy": [
                    0.9046666666666666
                ]
            }
        }
    },
    "cont_4": {
        "training": {
            "loss": [
                0.3177123492509127
            ],
            "accuracy": [
                0.9025833333333333
            ]
        },
        "validation": {
            "cont_1": {
                "accuracy": [
                    0.9295833333333333
                ]
            },
            "cont_2": {
                "accuracy": [
                    0.9336666666666666
                ]
            },
            "cont_3": {
                "accuracy": [
                    0.9425833333333333
                ]
            },
            "cont_4": {
                "accuracy": [
                    0.9510833333333333
                ]
            },
            "cont_5": {
                "accuracy": [
                    0.92
                ]
            }
        }
    },
    "cont_5": {
        "training": {
            "loss": [
                0.2916988816310962
            ],
            "accuracy": [
                0.9098333333333334
            ]
        },
        "validation": {
            "cont_1": {
                "accuracy": [
                    0.9380833333333334
                ]
            },
            "cont_2": {
                "accuracy": [
                    0.9399166666666666
                ]
            },
            "cont_3": {
                "accuracy": [
                    0.9446666666666667
                ]
            },
            "cont_4": {
                "accuracy": [
                    0.951
                ]
            },
            "cont_5": {
                "accuracy": [
                    0.9589166666666666
                ]
            }
        }
    },
    "training_metrics": {
        "training": {},
        "validation": {
            "cont_1": {
                "accuracy": [
                    0.9380833333333334
                ],
                "flatness": [
                    0.44914275561872613
                ]
            },
            "cont_2": {
                "accuracy": [
                    0.9399166666666666
                ],
                "flatness": [
                    0.40322723645713276
                ]
            },
            "cont_3": {
                "accuracy": [
                    0.9446666666666667
                ],
                "flatness": [
                    0.439484827099506
                ]
            },
            "cont_4": {
                "accuracy": [
                    0.951
                ],
                "flatness": [
                    0.48282509638976523
                ]
            },
            "cont_5": {
                "accuracy": [
                    0.9589166666666666
                ],
                "flatness": [
                    0.4226992265577475
                ]
            }
        }
    }
}