{
    "random_1": {
        "training": {
            "loss": [
                0.6363797187010447
            ],
            "accuracy": [
                0.7830833333333334
            ]
        },
        "validation": {
            "random_1": {
                "accuracy": [
                    0.8585833333333334
                ]
            }
        }
    },
    "random_2": {
        "training": {
            "loss": [
                0.6496514567236106
            ],
            "accuracy": [
                0.7765833333333333
            ]
        },
        "validation": {
            "random_2": {
                "accuracy": [
                    0.8603333333333333
                ]
            }
        }
    },
    "random_3": {
        "training": {
            "loss": [
                0.6424566194415092
            ],
            "accuracy": [
                0.7789166666666667
            ]
        },
        "validation": {
            "random_3": {
                "accuracy": [
                    0.8633333333333333
                ]
            }
        }
    },
    "random_4": {
        "training": {
            "loss": [
                0.643992718398571
            ],
            "accuracy": [
                0.7828333333333334
            ]
        },
        "validation": {
            "random_4": {
                "accuracy": [
                    0.8585
                ]
            }
        }
    },
    "random_5": {
        "training": {
            "loss": [
                0.631272995484372
            ],
            "accuracy": [
                0.7830833333333334
            ]
        },
        "validation": {
            "random_5": {
                "accuracy": [
                    0.8705
                ]
            }
        }
    },
    "cont_1": {
        "training": {
            "loss": [
                0.6529509533494711
            ],
            "accuracy": [
                0.7724166666666666
            ]
        },
        "validation": {
            "cont_1": {
                "accuracy": [
                    0.895
                ]
            },
            "cont_2": {
                "accuracy": [
                    0.85075
                ]
            },
            "cont_3": {
                "accuracy": [
                    0.8489166666666667
                ]
            },
            "cont_4": {
                "accuracy": [
                    0.8531666666666666
                ]
            },
            "cont_5": {
                "accuracy": [
                    0.8464166666666667
                ]
            }
        }
    },
    "cont_2": {
        "training": {
            "loss": [
                0.49146278685331346
            ],
            "accuracy": [
                0.8425
            ]
        },
        "validation": {
            "cont_1": {
                "accuracy": [
                    0.8778333333333334
                ]
            },
            "cont_2": {
                "accuracy": [
                    0.9056666666666666
                ]
            },
            "cont_3": {
                "accuracy": [
                    0.85875
                ]
            },
            "cont_4": {
                "accuracy": [
                    0.86775
                ]
            },
            "cont_5": {
                "accuracy": [
                    0.8583333333333333
                ]
            }
        }
    },
    "cont_3": {
        "training": {
            "loss": [
                0.4348729221622149
            ],
            "accuracy": [
                0.8586666666666667
            ]
        },
        "validation": {
            "cont_1": {
                "accuracy": [
                    0.8335833333333333
                ]
            },
            "cont_2": {
                "accuracy": [
                    0.8509166666666667
                ]
            },
            "cont_3": {
                "accuracy": [
                    0.8728333333333333
                ]
            },
            "cont_4": {
                "accuracy": [
                    0.8264166666666667
                ]
            },
            "cont_5": {
                "accuracy": [
                    0.8251666666666667
                ]
            }
        }
    },
    "cont_4": {
        "training": {
            "loss": [
                0.40764620377123356
            ],
            "accuracy": [
                0.8765833333333334
            ]
        },
        "validation": {
            "cont_1": {
                "accuracy": [
                    0.8934166666666666
                ]
            },
            "cont_2": {
                "accuracy": [
                    0.8984166666666666
                ]
            },
            "cont_3": {
                "accuracy": [
                    0.90675
                ]
            },
            "cont_4": {
                "accuracy": [
                    0.9251666666666667
                ]
            },
            "cont_5": {
                "accuracy": [
                    0.8751666666666666
                ]
            }
        }
    },
    "cont_5": {
        "training": {
            "loss": [
                0.38257999330759046
            ],
            "accuracy": [
                0.8788333333333334
            ]
        },
        "validation": {
            "cont_1": {
                "accuracy": [
                    0.9029166666666667
                ]
            },
            "cont_2": {
                "accuracy": [
                    0.9075833333333333
                ]
            },
            "cont_3": {
                "accuracy": [
                    0.9159166666666667
                ]
            },
            "cont_4": {
                "accuracy": [
                    0.9235
                ]
            },
            "cont_5": {
                "accuracy": [
                    0.93375
                ]
            }
        }
    },
    "training_metrics": {
        "training": {},
        "validation": {
            "cont_1": {
                "accuracy": [
                    0.9029166666666667
                ],
                "flatness": [
                    0.2368251038301799
                ]
            },
            "cont_2": {
                "accuracy": [
                    0.9075833333333333
                ],
                "flatness": [
                    0.3074097878982647
                ]
            },
            "cont_3": {
                "accuracy": [
                    0.9159166666666667
                ],
                "flatness": [
                    0.3106177781821491
                ]
            },
            "cont_4": {
                "accuracy": [
                    0.9235
                ],
                "flatness": [
                    0.4582205378090597
                ]
            },
            "cont_5": {
                "accuracy": [
                    0.93375
                ],
                "flatness": [
                    0.37572512271307457
                ]
            }
        }
    }
}