{
    "joint_training": {
        "training": {
            "loss": [
                0.445271585803479
            ],
            "accuracy": [
                0.8493333333333334
            ]
        },
        "validation": {
            "cont_1": {
                "accuracy": [
                    0.9001666666666667
                ],
                "flatness": [
                    0.44728559038774496
                ]
            },
            "cont_2": {
                "accuracy": [
                    0.904
                ],
                "flatness": [
                    0.37843502561714015
                ]
            },
            "cont_3": {
                "accuracy": [
                    0.8981666666666667
                ],
                "flatness": [
                    0.3142366028264203
                ]
            },
            "cont_4": {
                "accuracy": [
                    0.9015
                ],
                "flatness": [
                    0.3221969232565608
                ]
            },
            "cont_5": {
                "accuracy": [
                    0.9043333333333333
                ],
                "flatness": [
                    0.39902904145731083
                ]
            },
            "cont_6": {
                "accuracy": [
                    0.9038333333333334
                ],
                "flatness": [
                    0.4567533992643419
                ]
            },
            "cont_7": {
                "accuracy": [
                    0.9018333333333334
                ],
                "flatness": [
                    0.5923605909988425
                ]
            },
            "cont_8": {
                "accuracy": [
                    0.9018333333333334
                ],
                "flatness": [
                    0.4993483060821523
                ]
            },
            "cont_9": {
                "accuracy": [
                    0.9045
                ],
                "flatness": [
                    0.3927729772191674
                ]
            },
            "cont_10": {
                "accuracy": [
                    0.9028333333333334
                ],
                "flatness": [
                    0.32281414261146685
                ]
            }
        }
    }
}