{
    "random_1": {
        "training": {
            "loss": [
                0.254081273505006
            ],
            "accuracy": [
                0.9159345047923323
            ]
        },
        "validation": {
            "random_1": {
                "accuracy": [
                    0.9757388178913738
                ],
                "flatness": [
                    0.6585554589174255
                ]
            }
        }
    },
    "random_2": {
        "training": {
            "loss": [
                0.40424084422973017
            ],
            "accuracy": [
                0.8689097444089456
            ]
        },
        "validation": {
            "random_2": {
                "accuracy": [
                    0.9643570287539937
                ],
                "flatness": [
                    0.6341255564758256
                ]
            }
        }
    },
    "random_3": {
        "training": {
            "loss": [
                0.3957359724627516
            ],
            "accuracy": [
                0.8675119808306709
            ]
        },
        "validation": {
            "random_3": {
                "accuracy": [
                    0.9608626198083067
                ],
                "flatness": [
                    0.6831833177472985
                ]
            }
        }
    },
    "random_4": {
        "training": {
            "loss": [
                0.39780621795941845
            ],
            "accuracy": [
                0.8647164536741214
            ]
        },
        "validation": {
            "random_4": {
                "accuracy": [
                    0.9722444089456869
                ],
                "flatness": [
                    0.6398291486958309
                ]
            }
        }
    },
    "random_5": {
        "training": {
            "loss": [
                0.391700578121522
            ],
            "accuracy": [
                0.8687100638977636
            ]
        },
        "validation": {
            "random_5": {
                "accuracy": [
                    0.9651557507987221
                ],
                "flatness": [
                    0.6368386003930899
                ]
            }
        }
    },
    "cont_1": {
        "training": {
            "loss": [
                0.1835340429097414
            ],
            "accuracy": [
                0.9384984025559105
            ]
        },
        "validation": {
            "cont_1": {
                "accuracy": [
                    0.9625599041533547
                ],
                "flatness": [
                    0.6683837257545897
                ]
            },
            "cont_2": {
                "accuracy": [
                    0.8691094249201278
                ],
                "flatness": [
                    0.6517087880528432
                ]
            },
            "cont_3": {
                "accuracy": [
                    0.8679113418530351
                ],
                "flatness": [
                    0.5623684286207293
                ]
            },
            "cont_4": {
                "accuracy": [
                    0.8684105431309904
                ],
                "flatness": [
                    0.6895680041388824
                ]
            },
            "cont_5": {
                "accuracy": [
                    0.8704073482428115
                ],
                "flatness": [
                    0.650961373021335
                ]
            }
        }
    },
    "cont_2": {
        "training": {
            "loss": [
                0.40003808909140454
            ],
            "accuracy": [
                0.8758985623003195
            ]
        },
        "validation": {
            "cont_1": {
                "accuracy": [
                    0.9808306709265175
                ],
                "flatness": [
                    0.6157089780130293
                ]
            },
            "cont_2": {
                "accuracy": [
                    0.9198282747603834
                ],
                "flatness": [
                    0.6550560349506133
                ]
            },
            "cont_3": {
                "accuracy": [
                    0.8964656549520766
                ],
                "flatness": [
                    0.6566585922708542
                ]
            },
            "cont_4": {
                "accuracy": [
                    0.8955670926517572
                ],
                "flatness": [
                    0.6058486622073579
                ]
            },
            "cont_5": {
                "accuracy": [
                    0.8978634185303515
                ],
                "flatness": [
                    0.6388864950517069
                ]
            }
        }
    },
    "cont_3": {
        "training": {
            "loss": [
                0.3399012123053066
            ],
            "accuracy": [
                0.8935702875399361
            ]
        },
        "validation": {
            "cont_1": {
                "accuracy": [
                    0.9850239616613419
                ],
                "flatness": [
                    0.7219446837624164
                ]
            },
            "cont_2": {
                "accuracy": [
                    0.9239217252396166
                ],
                "flatness": [
                    0.6073380430084289
                ]
            },
            "cont_3": {
                "accuracy": [
                    0.9404952076677316
                ],
                "flatness": [
                    0.7143842887473462
                ]
            },
            "cont_4": {
                "accuracy": [
                    0.9031549520766773
                ],
                "flatness": [
                    0.7032638735352642
                ]
            },
            "cont_5": {
                "accuracy": [
                    0.9090455271565495
                ],
                "flatness": [
                    0.6735687808896211
                ]
            }
        }
    },
    "cont_4": {
        "training": {
            "loss": [
                0.3219663498345941
            ],
            "accuracy": [
                0.8945686900958466
            ]
        },
        "validation": {
            "cont_1": {
                "accuracy": [
                    0.9847244408945687
                ],
                "flatness": [
                    0.5755893237351718
                ]
            },
            "cont_2": {
                "accuracy": [
                    0.9235223642172524
                ],
                "flatness": [
                    0.5498648648648649
                ]
            },
            "cont_3": {
                "accuracy": [
                    0.9352036741214057
                ],
                "flatness": [
                    0.6081562933703426
                ]
            },
            "cont_4": {
                "accuracy": [
                    0.9449880191693291
                ],
                "flatness": [
                    0.5208399366085579
                ]
            },
            "cont_5": {
                "accuracy": [
                    0.9094448881789138
                ],
                "flatness": [
                    0.6462132231858602
                ]
            }
        }
    },
    "cont_5": {
        "training": {
            "loss": [
                0.30566468339758557
            ],
            "accuracy": [
                0.8987619808306709
            ]
        },
        "validation": {
            "cont_1": {
                "accuracy": [
                    0.985223642172524
                ],
                "flatness": [
                    0.7214018798135386
                ]
            },