{
    "joint_training": {
        "training": {
            "loss": [
                2.6739568545867183
            ],
            "accuracy": [
                0.33741631162507607
            ]
        },
        "validation": {
            "cont_1": {
                "accuracy": [
                    0.48321501016012314
                ],
                "flatness": [
                    0.44776142043751455
                ]
            },
            "cont_2": {
                "accuracy": [
                    0.49051724138535546
                ],
                "flatness": [
                    0.43543273004026906
                ]
            },
            "cont_3": {
                "accuracy": [
                    0.4854145537585806
                ],
                "flatness": [
                    0.5143589679224616
                ]
            },
            "cont_4": {
                "accuracy": [
                    0.4913412778965116
                ],
                "flatness": [
                    0.3397785975233648
                ]
            },
            "cont_5": {
                "accuracy": [
                    0.49177865112770885
                ],
                "flatness": [
                    0.5003853735579687
                ]
            }
        }
    }
}