{
    "random_1": {
        "training": {
            "loss": [
                0.5027267032365004
            ],
            "accuracy": [
                0.8326666666666667
            ]
        },
        "validation": {
            "random_1": {
                "accuracy": [
                    0.9444166666666667
                ]
            }
        }
    },
    "random_2": {
        "training": {
            "loss": [
                0.5023285208046436
            ],
            "accuracy": [
                0.8326666666666667
            ]
        },
        "validation": {
            "random_2": {
                "accuracy": [
                    0.9509166666666666
                ]
            }
        }
    },
    "random_3": {
        "training": {
            "loss": [
                0.5219581600228945
            ],
            "accuracy": [
                0.8254166666666667
            ]
        },
        "validation": {
            "random_3": {
                "accuracy": [
                    0.9435
                ]
            }
        }
    },
    "random_4": {
        "training": {
            "loss": [
                0.5039054841697216
            ],
            "accuracy": [
                0.8324166666666667
            ]
        },
        "validation": {
            "random_4": {
                "accuracy": [
                    0.951
                ]
            }
        }
    },
    "random_5": {
        "training": {
            "loss": [
                0.506366968870163
            ],
            "accuracy": [
                0.8315833333333333
            ]
        },
        "validation": {
            "random_5": {
                "accuracy": [
                    0.9611666666666666
                ]
            }
        }
    },
    "cont_1": {
        "training": {
            "loss": [
                0.5202022320330143
            ],
            "accuracy": [
                0.8245
            ]
        },
        "validation": {
            "cont_1": {
                "accuracy": [
                    0.9495
                ]
            },
            "cont_2": {
                "accuracy": [
                    0.8961666666666667
                ]
            },
            "cont_3": {
                "accuracy": [
                    0.8933333333333333
                ]
            },
            "cont_4": {
                "accuracy": [
                    0.8945
                ]
            },
            "cont_5": {
                "accuracy": [
                    0.8944166666666666
                ]
            }
        }
    },
    "cont_2": {
        "training": {
            "loss": [
                0.33532596672574677
            ],
            "accuracy": [
                0.8913333333333333
            ]
        },
        "validation": {
            "cont_1": {
                "accuracy": [
                    0.9333333333333333
                ]
            },
            "cont_2": {
                "accuracy": [
                    0.9669166666666666
                ]
            },
            "cont_3": {
                "accuracy": [
                    0.9030833333333333
                ]
            },
            "cont_4": {
                "accuracy": [
                    0.9109166666666667
                ]
            },
            "cont_5": {
                "accuracy": [
                    0.9064166666666666
                ]
            }
        }
    },
    "cont_3": {
        "training": {
            "loss": [
                0.30336495208740233
            ],
            "accuracy": [
                0.8985833333333333
            ]
        },
        "validation": {
            "cont_1": {
                "accuracy": [
                    0.9225833333333333
                ]
            },
            "cont_2": {
                "accuracy": [
                    0.9375833333333333
                ]
            },
            "cont_3": {
                "accuracy": [
                    0.95775
                ]
            },
            "cont_4": {
                "accuracy": [
                    0.9059166666666667
                ]
            },
            "cont_5": {
                "accuracy": [
                    0.9068333333333334
                ]
            }
        }
    },
    "cont_4": {
        "training": {
            "loss": [
                0.2672110650241375
            ],
            "accuracy": [
                0.91225
            ]
        },
        "validation": {
            "cont_1": {
                "accuracy": [
                    0.9344166666666667
                ]
            },
            "cont_2": {
                "accuracy": [
                    0.9449166666666666
                ]
            },
            "cont_3": {
                "accuracy": [
                    0.95425
                ]
            },
            "cont_4": {
                "accuracy": [
                    0.9755833333333334
                ]
            },
            "cont_5": {
                "accuracy": [
                    0.9189166666666667
                ]
            }
        }
    },
    "cont_5": {
        "training": {
            "loss": [
                0.258697606643041
            ],
            "accuracy": [
                0.90975
            ]
        },
        "validation": {
            "cont_1": {
                "accuracy": [
                    0.9296666666666666
                ]
            },
            "cont_2": {
                "accuracy": [
                    0.9369166666666666
                ]
            },
            "cont_3": {
                "accuracy": [
                    0.9426666666666667
                ]
            },
            "cont_4": {
                "accuracy": [
                    0.9534166666666667
                ]
            },
            "cont_5": {
                "accuracy": [
                    0.9705833333333334
                ]
            }
        }
    },
    "training_metrics": {
        "training": {},
        "validation": {
            "cont_1": {
                "accuracy": [
                    0.9296666666666666
                ],
                "flatness": [
                    0.7828569945839859
                ]
            },
            "cont_2": {
                "accuracy": [
                    0.9369166666666666
                ],
                "flatness": [
                    0.8248992355477327
                ]
            },
            "cont_3": {
                "accuracy": [
                    0.9426666666666667
                ],
                "flatness": [
                    0.8282424812030076
                ]
            },
            "cont_4": {
                "accuracy": [
                    0.9534166666666667
                ],
                "flatness": [
                    0.7988927173278009
                ]
            },
            "cont_5": {
                "accuracy": [
                    0.9705833333333334
                ],
                "flatness": [
                    0.8820319666686247
                ]
            }
        }
    }
}