{
    "random_1": {
        "training": {
            "loss": [
                0.5537078831904232
            ],
            "accuracy": [
                0.8109025559105432
            ]
        },
        "validation": {
            "random_1": {
                "accuracy": [
                    0.9607627795527156
                ],
                "flatness": [
                    0.661908968097267
                ]
            }
        }
    },
    "random_2": {
        "training": {
            "loss": [
                0.5728434478751006
            ],
            "accuracy": [
                0.8050119808306709
            ]
        },
        "validation": {
            "random_2": {
                "accuracy": [
                    0.9470846645367412
                ],
                "flatness": [
                    0.6176437644950454
                ]
            }
        }
    },
    "random_3": {
        "training": {
            "loss": [
                0.5601413690101225
            ],
            "accuracy": [
                0.808805910543131
            ]
        },
        "validation": {
            "random_3": {
                "accuracy": [
                    0.9505790734824281
                ],
                "flatness": [
                    0.5327755750446382
                ]
            }
        }
    },
    "random_4": {
        "training": {
            "loss": [
                0.5702208834239089
            ],
            "accuracy": [
                0.8077076677316294
            ]
        },
        "validation": {
            "random_4": {
                "accuracy": [
                    0.9570686900958466
                ],
                "flatness": [
                    0.649158277696641
                ]
            }
        }
    },
    "random_5": {
        "training": {
            "loss": [
                0.5794218192323328
            ],
            "accuracy": [
                0.8064097444089456
            ]
        },
        "validation": {
            "random_5": {
                "accuracy": [
                    0.9585662939297125
                ],
                "flatness": [
                    0.6738171805020311
                ]
            }
        }
    },
    "cont_1": {
        "training": {
            "loss": [
                0.5639873558816056
            ],
            "accuracy": [
                0.8134984025559105
            ]
        },
        "validation": {
            "cont_1": {
                "accuracy": [
                    0.9554712460063898
                ],
                "flatness": [
                    0.6698674242424243
                ]
            },
            "cont_2": {
                "accuracy": [
                    0.8792931309904153
                ],
                "flatness": [
                    0.6434945214034291
                ]
            },
            "cont_3": {
                "accuracy": [
                    0.8847843450479234
                ],
                "flatness": [
                    0.5849765854208983
                ]
            },
            "cont_4": {
                "accuracy": [
                    0.8865814696485623
                ],
                "flatness": [
                    0.7241209177927928
                ]
            },
            "cont_5": {
                "accuracy": [
                    0.8852835463258786
                ],
                "flatness": [
                    0.5947953084470508
                ]
            }
        }
    },
    "cont_2": {
        "training": {
            "loss": [
                0.41043205454517095
            ],
            "accuracy": [
                0.8635183706070287
            ]
        },
        "validation": {
            "cont_1": {
                "accuracy": [
                    0.9552715654952076
                ],
                "flatness": [
                    0.6152128187709031
                ]
            },
            "cont_2": {
                "accuracy": [
                    0.9188298722044729
                ],
                "flatness": [
                    0.5779684613712919
                ]
            },
            "cont_3": {
                "accuracy": [
                    0.893370607028754
                ],
                "flatness": [
                    0.6012167523468931
                ]
            },
            "cont_4": {
                "accuracy": [
                    0.8975638977635783
                ],
                "flatness": [
                    0.5126724137931034
                ]
            },
            "cont_5": {
                "accuracy": [
                    0.8910742811501597
                ],
                "flatness": [
                    0.6720294117647059
                ]
            }
        }
    },
    "cont_3": {
        "training": {
            "loss": [
                0.3799109959516662
            ],
            "accuracy": [
                0.8723043130990416
            ]
        },
        "validation": {
            "cont_1": {
                "accuracy": [
                    0.9500798722044729
                ],
                "flatness": [
                    0.5902053121059267
                ]
            },
            "cont_2": {
                "accuracy": [
                    0.9156349840255591
                ],
                "flatness": [
                    0.5791319103696434
                ]
            },
            "cont_3": {
                "accuracy": [
                    0.9290135782747604
                ],
                "flatness": [
                    0.6368061526061257
                ]
            },
            "cont_4": {
                "accuracy": [
                    0.898861821086262
                ],
                "flatness": [
                    0.6210110518715983
                ]
            },
            "cont_5": {
                "accuracy": [
                    0.896964856230032
                ],
                "flatness": [
                    0.6673982914069456
                ]
            }
        }
    },
    "cont_4": {
        "training": {
            "loss": [
                0.3614217306430728
            ],
            "accuracy": [
                0.875
            ]
        },
        "validation": {
            "cont_1": {
                "accuracy": [
                    0.9474840255591054
                ],
                "flatness": [
                    0.617177291886196
                ]
            },
            "cont_2": {
                "accuracy": [
                    0.9074480830670927
                ],
                "flatness": [
                    0.6424696061172845
                ]
            },
            "cont_3": {
                "accuracy": [
                    0.9231230031948882
                ],
                "flatness": [
                    0.6214045262816352
                ]
            },
            "cont_4": {
                "accuracy": [
                    0.9276158146964856
                ],
                "flatness": [
                    0.6605054622753203
                ]
            },
            "cont_5": {
                "accuracy": [
                    0.8996605431309904
                ],
                "flatness": [
                    0.698397097991344
                ]
            }
        }
    },
    "cont_5": {
        "training": {
            "loss": [
                0.6268895031354679
            ],
            "accuracy": [
                0.783047124600639
            ]
        },
        "validation": {
            "cont_1": {
                "accuracy": [
                    0.8922723642172524
                ],
                "flatness": [
                    0.6041456864719704
                ]
            },