{
    "joint_training": {
        "training": {
            "loss": [
                2.607592357948746
            ],
            "accuracy": [
                0.3500773483465206
            ]
        },
        "validation": {
            "cont_1": {
                "accuracy": [
                    0.5032454361236119
                ],
                "flatness": [
                    0.6279247818049413
                ]
            },
            "cont_2": {
                "accuracy": [
                    0.5040314401864522
                ],
                "flatness": [
                    0.6560320411138072
                ]
            },
            "cont_3": {
                "accuracy": [
                    0.5044941683932685
                ],
                "flatness": [
                    0.5115774153378687
                ]
            },
            "cont_4": {
                "accuracy": [
                    0.5045638945233266
                ],
                "flatness": [
                    0.6407562505435256
                ]
            },
            "cont_5": {
                "accuracy": [
                    0.5050202839937945
                ],
                "flatness": [
                    0.5099610705501703
                ]
            }
        }
    }
}