{
    "random_1": {
        "training": {
            "loss": [
                2.5608489131347163
            ],
            "accuracy": [
                0.19954994928401576
            ]
        },
        "validation": {
            "random_1": {
                "accuracy": [
                    0.4277636916896151
                ]
            }
        }
    },
    "random_2": {
        "training": {
            "loss": [
                2.5413234329368715
            ],
            "accuracy": [
                0.20843686613785084
            ]
        },
        "validation": {
            "random_2": {
                "accuracy": [
                    0.4260078600587032
                ]
            }
        }
    },
    "random_3": {
        "training": {
            "loss": [
                2.5508651001941844
            ],
            "accuracy": [
                0.2022946247524954
            ]
        },
        "validation": {
            "random_3": {
                "accuracy": [
                    0.4168800710120501
                ]
            }
        }
    },
    "random_4": {
        "training": {
            "loss": [
                2.568699791876346
            ],
            "accuracy": [
                0.20311232252730319
            ]
        },
        "validation": {
            "random_4": {
                "accuracy": [
                    0.4024213995882754
                ]
            }
        }
    },
    "random_5": {
        "training": {
            "loss": [
                2.5424437231514565
            ],
            "accuracy": [
                0.20627535497259658
            ]
        },
        "validation": {
            "random_5": {
                "accuracy": [
                    0.4278841278011368
                ]
            }
        }
    },
    "cont_1": {
        "training": {
            "loss": [
                2.5468712647352936
            ],
            "accuracy": [
                0.20457023327781027
            ]
        },
        "validation": {
            "cont_1": {
                "accuracy": [
                    0.43983265721290155
                ]
            },
            "cont_2": {
                "accuracy": [
                    0.32304132861249585
                ]
            },
            "cont_3": {
                "accuracy": [
                    0.32117139960641067
                ]
            },
            "cont_4": {
                "accuracy": [
                    0.3198466024401222
                ]
            },
            "cont_5": {
                "accuracy": [
                    0.3257099391541181
                ]
            }
        }
    },
    "cont_2": {
        "training": {
            "loss": [
                2.1190333507849286
            ],
            "accuracy": [
                0.35204741379914856
            ]
        },
        "validation": {
            "cont_1": {
                "accuracy": [
                    0.43228321502827727
                ]
            },
            "cont_2": {
                "accuracy": [
                    0.5255578093487641
                ]
            },
            "cont_3": {
                "accuracy": [
                    0.38535750507703903
                ]
            },
            "cont_4": {
                "accuracy": [
                    0.38441937119070946
                ]
            },
            "cont_5": {
                "accuracy": [
                    0.3855286511095736
                ]
            }
        }
    },
    "cont_3": {
        "training": {
            "loss": [
                1.9433322904317907
            ],
            "accuracy": [
                0.3907898072961861
            ]
        },
        "validation": {
            "cont_1": {
                "accuracy": [
                    0.4474391480851125
                ]
            },
            "cont_2": {
                "accuracy": [
                    0.49066937120884474
                ]
            },
            "cont_3": {
                "accuracy": [
                    0.5670131845720883
                ]
            },
            "cont_4": {
                "accuracy": [
                    0.4226419878235695
                ]
            },
            "cont_5": {
                "accuracy": [
                    0.42176724139140054
                ]
            }
        }
    },
    "cont_4": {
        "training": {
            "loss": [
                1.8448541537985115
            ],
            "accuracy": [
                0.41898453347460496
            ]
        },
        "validation": {
            "cont_1": {
                "accuracy": [
                    0.46418610547667344
                ]
            },
            "cont_2": {
                "accuracy": [
                    0.48905299189849993
                ]
            },
            "cont_3": {
                "accuracy": [
                    0.521970081160083
                ]
            },
            "cont_4": {
                "accuracy": [
                    0.6001331136083989
                ]
            },
            "cont_5": {
                "accuracy": [
                    0.45141987829010094
                ]
            }
        }
    },
    "cont_5": {
        "training": {
            "loss": [
                1.764531837999216
            ],
            "accuracy": [
                0.44135395538734373
            ]
        },
        "validation": {
            "cont_1": {
                "accuracy": [
                    0.47110801218852066
                ]
            },
            "cont_2": {
                "accuracy": [
                    0.4926343813508326
                ]
            },
            "cont_3": {
                "accuracy": [
                    0.5042406186673027
                ]
            },
            "cont_4": {
                "accuracy": [
                    0.5357188133874239
                ]
            },
            "cont_5": {
                "accuracy": [
                    0.6174695740546464
                ]
            }
        }
    },
    "training_metrics": {
        "training": {},
        "validation": {
            "cont_1": {
                "accuracy": [
                    0.47110801218852066
                ],
                "flatness": [
                    0.3889748285972154
                ]
            },
            "cont_2": {
                "accuracy": [
                    0.4926343813508326
                ],
                "flatness": [
                    0.5327925772266858
                ]
            },
            "cont_3": {
                "accuracy": [
                    0.5042406186673027
                ],
                "flatness": [
                    0.6039545978008685
                ]
            },
            "cont_4": {
                "accuracy": [
                    0.5357188133874239
                ],
                "flatness": [
                    0.4571959115358585
                ]
            },
            "cont_5": {
                "accuracy": [
                    0.6174695740546464
                ],
                "flatness": [
                    0.38521370794602366
                ]
            }
        }
    }
}