{
    "random_1": {
        "training": {
            "loss": [
                0.7123258101244767
            ],
            "accuracy": [
                0.76175
            ]
        },
        "validation": {
            "random_1": {
                "accuracy": [
                    0.8599166666666667
                ]
            }
        }
    },
    "random_2": {
        "training": {
            "loss": [
                0.6878430269211531
            ],
            "accuracy": [
                0.7683333333333333
            ]
        },
        "validation": {
            "random_2": {
                "accuracy": [
                    0.8584166666666667
                ]
            }
        }
    },
    "random_3": {
        "training": {
            "loss": [
                0.7012984021107356
            ],
            "accuracy": [
                0.76625
            ]
        },
        "validation": {
            "random_3": {
                "accuracy": [
                    0.8876666666666667
                ]
            }
        }
    },
    "random_4": {
        "training": {
            "loss": [
                0.7249644302775462
            ],
            "accuracy": [
                0.757
            ]
        },
        "validation": {
            "random_4": {
                "accuracy": [
                    0.8964166666666666
                ]
            }
        }
    },
    "random_5": {
        "training": {
            "loss": [
                0.6743521515727043
            ],
            "accuracy": [
                0.7738333333333334
            ]
        },
        "validation": {
            "random_5": {
                "accuracy": [
                    0.8831666666666667
                ]
            }
        }
    },
    "cont_1": {
        "training": {
            "loss": [
                0.7035928558210532
            ],
            "accuracy": [
                0.76525
            ]
        },
        "validation": {
            "cont_1": {
                "accuracy": [
                    0.8510833333333333
                ]
            },
            "cont_2": {
                "accuracy": [
                    0.81425
                ]
            },
            "cont_3": {
                "accuracy": [
                    0.8171666666666667
                ]
            },
            "cont_4": {
                "accuracy": [
                    0.81175
                ]
            },
            "cont_5": {
                "accuracy": [
                    0.8148333333333333
                ]
            }
        }
    },
    "cont_2": {
        "training": {
            "loss": [
                0.5275215751181046
            ],
            "accuracy": [
                0.8236666666666667
            ]
        },
        "validation": {
            "cont_1": {
                "accuracy": [
                    0.8751666666666666
                ]
            },
            "cont_2": {
                "accuracy": [
                    0.9031666666666667
                ]
            },
            "cont_3": {
                "accuracy": [
                    0.8584166666666667
                ]
            },
            "cont_4": {
                "accuracy": [
                    0.8573333333333333
                ]
            },
            "cont_5": {
                "accuracy": [
                    0.8575833333333334
                ]
            }
        }
    },
    "cont_3": {
        "training": {
            "loss": [
                0.46589743326356015
            ],
            "accuracy": [
                0.8466666666666667
            ]
        },
        "validation": {
            "cont_1": {
                "accuracy": [
                    0.87175
                ]
            },
            "cont_2": {
                "accuracy": [
                    0.88325
                ]
            },
            "cont_3": {
                "accuracy": [
                    0.9095
                ]
            },
            "cont_4": {
                "accuracy": [
                    0.8594166666666667
                ]
            },
            "cont_5": {
                "accuracy": [
                    0.8615
                ]
            }
        }
    },
    "cont_4": {
        "training": {
            "loss": [
                0.4219413151051849
            ],
            "accuracy": [
                0.8600833333333333
            ]
        },
        "validation": {
            "cont_1": {
                "accuracy": [
                    0.85875
                ]
            },
            "cont_2": {
                "accuracy": [
                    0.8634166666666667
                ]
            },
            "cont_3": {
                "accuracy": [
                    0.8749166666666667
                ]
            },
            "cont_4": {
                "accuracy": [
                    0.89525
                ]
            },
            "cont_5": {
                "accuracy": [
                    0.8544166666666667
                ]
            }
        }
    },
    "cont_5": {
        "training": {
            "loss": [
                0.3921671742411951
            ],
            "accuracy": [
                0.8666666666666667
            ]
        },
        "validation": {
            "cont_1": {
                "accuracy": [
                    0.89475
                ]
            },
            "cont_2": {
                "accuracy": [
                    0.8983333333333333
                ]
            },
            "cont_3": {
                "accuracy": [
                    0.90725
                ]
            },
            "cont_4": {
                "accuracy": [
                    0.9105833333333333
                ]
            },
            "cont_5": {
                "accuracy": [
                    0.932
                ]
            }
        }
    },
    "training_metrics": {
        "training": {},
        "validation": {
            "cont_1": {
                "accuracy": [
                    0.89475
                ],
                "flatness": [
                    0.8534972524913849
                ]
            },
            "cont_2": {
                "accuracy": [
                    0.8983333333333333
                ],
                "flatness": [
                    0.7365491651205937
                ]
            },
            "cont_3": {
                "accuracy": [
                    0.90725
                ],
                "flatness": [
                    0.8417378524846146
                ]
            },
            "cont_4": {
                "accuracy": [
                    0.9105833333333333
                ],
                "flatness": [
                    0.9001555779262379
                ]
            },
            "cont_5": {
                "accuracy": [
                    0.932
                ],
                "flatness": [
                    0.7648426323319026
                ]
            }
        }
    }
}