{
    "random_1": {
        "training": {
            "loss": [
                0.7138180864654529
            ],
            "accuracy": [
                0.7559713375796179
            ]
        },
        "validation": {
            "random_1": {
                "accuracy": [
                    0.9345143312101911
                ]
            }
        }
    },
    "random_2": {
        "training": {
            "loss": [
                0.7124547505644476
            ],
            "accuracy": [
                0.7585589171974523
            ]
        },
        "validation": {
            "random_2": {
                "accuracy": [
                    0.9583996815286624
                ]
            }
        }
    },
    "random_3": {
        "training": {
            "loss": [
                0.7094170158835733
            ],
            "accuracy": [
                0.7565684713375797
            ]
        },
        "validation": {
            "random_3": {
                "accuracy": [
                    0.9599920382165605
                ]
            }
        }
    },
    "random_4": {
        "training": {
            "loss": [
                0.6976971426492284
            ],
            "accuracy": [
                0.7577627388535032
            ]
        },
        "validation": {
            "random_4": {
                "accuracy": [
                    0.9593949044585988
                ]
            }
        }
    },
    "random_5": {
        "training": {
            "loss": [
                0.6681177508868988
            ],
            "accuracy": [
                0.7760748407643312
            ]
        },
        "validation": {
            "random_5": {
                "accuracy": [
                    0.9502388535031847
                ]
            }
        }
    },
    "random_6": {
        "training": {
            "loss": [
                0.6903595271383881
            ],
            "accuracy": [
                0.7693073248407644
            ]
        },
        "validation": {
            "random_6": {
                "accuracy": [
                    0.9562101910828026
                ]
            }
        }
    },
    "random_7": {
        "training": {
            "loss": [
                0.7090080864490218
            ],
            "accuracy": [
                0.7641321656050956
            ]
        },
        "validation": {
            "random_7": {
                "accuracy": [
                    0.9468550955414012
                ]
            }
        }
    },
    "random_8": {
        "training": {
            "loss": [
                0.7084213277906369
            ],
            "accuracy": [
                0.7541799363057324
            ]
        },
        "validation": {
            "random_8": {
                "accuracy": [
                    0.9506369426751592
                ]
            }
        }
    },
    "random_9": {
        "training": {
            "loss": [
                0.7448428952769869
            ],
            "accuracy": [
                0.7527866242038217
            ]
        },
        "validation": {
            "random_9": {
                "accuracy": [
                    0.9538216560509554
                ]
            }
        }
    },
    "random_10": {
        "training": {
            "loss": [
                0.7264499146087914
            ],
            "accuracy": [
                0.7611464968152867
            ]
        },
        "validation": {
            "random_10": {
                "accuracy": [
                    0.9410828025477707
                ]
            }
        }
    },
    "cont_1": {
        "training": {
            "loss": [
                0.6967878656782163
            ],
            "accuracy": [
                0.7631369426751592
            ]
        },
        "validation": {
            "cont_1": {
                "accuracy": [
                    0.9538216560509554
                ]
            },
            "cont_2": {
                "accuracy": [
                    0.8600716560509554
                ]
            },
            "cont_3": {
                "accuracy": [
                    0.8771894904458599
                ]
            },
            "cont_4": {
                "accuracy": [
                    0.8682324840764332
                ]
            },
            "cont_5": {
                "accuracy": [
                    0.8646496815286624
                ]
            },
            "cont_6": {
                "accuracy": [
                    0.8596735668789809
                ]
            },
            "cont_7": {
                "accuracy": [
                    0.865047770700637
                ]
            },
            "cont_8": {
                "accuracy": [
                    0.8638535031847133
                ]
            },
            "cont_9": {
                "accuracy": [
                    0.8640525477707006
                ]
            },
            "cont_10": {
                "accuracy": [
                    0.8594745222929936
                ]
            }
        }
    },
    "cont_2": {
        "training": {
            "loss": [
                0.5403349049341907
            ],
            "accuracy": [
                0.8188694267515924
            ]
        },
        "validation": {
            "cont_1": {
                "accuracy": [
                    0.8972929936305732
                ]
            },
            "cont_2": {
                "accuracy": [
                    0.9404856687898089
                ]
            },
            "cont_3": {
                "accuracy": [
                    0.8706210191082803
                ]
            },
            "cont_4": {
                "accuracy": [
                    0.8662420382165605
                ]
            },
            "cont_5": {
                "accuracy": [
                    0.8724124203821656
                ]
            },
            "cont_6": {
                "accuracy": [
                    0.8648487261146497
                ]
            },
            "cont_7": {
                "accuracy": [
                    0.8596735668789809
                ]
            },
            "cont_8": {
                "accuracy": [
                    0.8584792993630573
                ]
            },
            "cont_9": {
                "accuracy": [
                    0.8588773885350318
                ]
            },
            "cont_10": {
                "accuracy": [
                    0.862062101910828
                ]
            }
        }
    },
    "cont_3": {
        "training": {
            "loss": [
                0.4387350597294273
            ],
            "accuracy": [
                0.8560907643312102
            ]
        },
        "validation": {
            "cont_1": {
                "accuracy": [
                    0.90625
                ]
            },
            "cont_2": {
                "accuracy": [
                    0.9255573248407644
                ]
            },
            "cont_3": {
                "accuracy": [
                    0.96875
                ]
            },
            "cont_4": {
                "accuracy": [
                    0.8831608280254777
                ]
            },
            "cont_5": {
                "accuracy": [
                    0.8937101910828026
                ]
            },
            "cont_6": {
                "accuracy": [
                    0.8845541401273885
                ]
            },
            "cont_7": {
                "accuracy": [
                    0.8891321656050956
                ]
            },
            "cont_8": {
                "accuracy": [
                    0.8897292993630573
                ]
            },
            "cont_9": {
                "accuracy": [
                    0.8855493630573248
                ]
            },