{
    "random_1": {
        "training": {
            "loss": [
                0.7123258101244767
            ],
            "accuracy": [
                0.76175
            ]
        },
        "validation": {
            "random_1": {
                "accuracy": [
                    0.8599166666666667
                ]
            }
        }
    },
    "random_2": {
        "training": {
            "loss": [
                0.6878430269211531
            ],
            "accuracy": [
                0.7683333333333333
            ]
        },
        "validation": {
            "random_2": {
                "accuracy": [
                    0.8584166666666667
                ]
            }
        }
    },
    "random_3": {
        "training": {
            "loss": [
                0.7012984021107356
            ],
            "accuracy": [
                0.76625
            ]
        },
        "validation": {
            "random_3": {
                "accuracy": [
                    0.8876666666666667
                ]
            }
        }
    },
    "random_4": {
        "training": {
            "loss": [
                0.7249644302775462
            ],
            "accuracy": [
                0.757
            ]
        },
        "validation": {
            "random_4": {
                "accuracy": [
                    0.8964166666666666
                ]
            }
        }
    },
    "random_5": {
        "training": {
            "loss": [
                0.6743521515727043
            ],
            "accuracy": [
                0.7738333333333334
            ]
        },
        "validation": {
            "random_5": {
                "accuracy": [
                    0.8831666666666667
                ]
            }
        }
    },
    "cont_1": {
        "training": {
            "loss": [
                0.7035928558210532
            ],
            "accuracy": [
                0.76525
            ]
        },
        "validation": {
            "cont_1": {
                "accuracy": [
                    0.8510833333333333
                ]
            },
            "cont_2": {
                "accuracy": [
                    0.81425
                ]
            },
            "cont_3": {
                "accuracy": [
                    0.8171666666666667
                ]
            },
            "cont_4": {
                "accuracy": [
                    0.81175
                ]
            },
            "cont_5": {
                "accuracy": [
                    0.8148333333333333
                ]
            }
        }
    },
    "cont_2": {
        "training": {
            "loss": [
                -0.02189333918193976
            ],
            "accuracy": [
                0.8243333333333334
            ]
        },
        "validation": {
            "cont_1": {
                "accuracy": [
                    0.863
                ]
            },
            "cont_2": {
                "accuracy": [
                    0.885
                ]
            },
            "cont_3": {
                "accuracy": [
                    0.8419166666666666
                ]
            },
            "cont_4": {
                "accuracy": [
                    0.8466666666666667
                ]
            },
            "cont_5": {
                "accuracy": [
                    0.8486666666666667
                ]
            }
        }
    },
    "cont_3": {
        "training": {
            "loss": [
                0.376740993052721
            ],
            "accuracy": [
                0.84525
            ]
        },
        "validation": {
            "cont_1": {
                "accuracy": [
                    0.8334166666666667
                ]
            },
            "cont_2": {
                "accuracy": [
                    0.8425
                ]
            },
            "cont_3": {
                "accuracy": [
                    0.8685
                ]
            },
            "cont_4": {
                "accuracy": [
                    0.82
                ]
            },
            "cont_5": {
                "accuracy": [
                    0.8309166666666666
                ]
            }
        }
    },
    "cont_4": {
        "training": {
            "loss": [
                0.3539364074766636
            ],
            "accuracy": [
                0.8584166666666667
            ]
        },
        "validation": {
            "cont_1": {
                "accuracy": [
                    0.8654166666666666
                ]
            },
            "cont_2": {
                "accuracy": [
                    0.8711666666666666
                ]
            },
            "cont_3": {
                "accuracy": [
                    0.88025
                ]
            },
            "cont_4": {
                "accuracy": [
                    0.8978333333333334
                ]
            },
            "cont_5": {
                "accuracy": [
                    0.8628333333333333
                ]
            }
        }
    },
    "cont_5": {
        "training": {
            "loss": [
                0.3539652867242694
            ],
            "accuracy": [
                0.86825
            ]
        },
        "validation": {
            "cont_1": {
                "accuracy": [
                    0.8824166666666666
                ]
            },
            "cont_2": {
                "accuracy": [
                    0.88475
                ]
            },
            "cont_3": {
                "accuracy": [
                    0.8866666666666667
                ]
            },
            "cont_4": {
                "accuracy": [
                    0.8949166666666667
                ]
            },
            "cont_5": {
                "accuracy": [
                    0.92125
                ]
            }
        }
    },
    "training_metrics": {
        "training": {},
        "validation": {
            "cont_1": {
                "accuracy": [
                    0.8824166666666666
                ],
                "flatness": [
                    0.84427235810747
                ]
            },
            "cont_2": {
                "accuracy": [
                    0.88475
                ],
                "flatness": [
                    0.7649995290571724
                ]
            },
            "cont_3": {
                "accuracy": [
                    0.8866666666666667
                ],
                "flatness": [
                    0.8308270676691729
                ]
            },
            "cont_4": {
                "accuracy": [
                    0.8949166666666667
                ],
                "flatness": [
                    0.8807151503864418
                ]
            },
            "cont_5": {
                "accuracy": [
                    0.92125
                ],
                "flatness": [
                    0.7960199004975125
                ]
            }
        }
    }
}