{
    "random_1": {
        "training": {
            "loss": [
                0.06335456932488544
            ],
            "accuracy": [
                0.9788017515923567
            ]
        },
        "validation": {
            "random_1": {
                "accuracy": [
                    0.9855692675159236
                ],
                "flatness": [
                    0.6840510453646271
                ]
            }
        }
    },
    "random_2": {
        "training": {
            "loss": [
                0.09129698565645013
            ],
            "accuracy": [
                0.9685509554140127
            ]
        },
        "validation": {
            "random_2": {
                "accuracy": [
                    0.9917396496815286
                ],
                "flatness": [
                    0.7638487217238485
                ]
            }
        }
    },
    "random_3": {
        "training": {
            "loss": [
                0.16194829463389268
            ],
            "accuracy": [
                0.9465565286624203
            ]
        },
        "validation": {
            "random_3": {
                "accuracy": [
                    0.9902468152866242
                ],
                "flatness": [
                    0.6356133174105505
                ]
            }
        }
    },
    "random_4": {
        "training": {
            "loss": [
                0.14841211823877065
            ],
            "accuracy": [
                0.9497412420382165
            ]
        },
        "validation": {
            "random_4": {
                "accuracy": [
                    0.991640127388535
                ],
                "flatness": [
                    0.7131887309286118
                ]
            }
        }
    },
    "random_5": {
        "training": {
            "loss": [
                0.13582158808234582
            ],
            "accuracy": [
                0.953125
            ]
        },
        "validation": {
            "random_5": {
                "accuracy": [
                    0.9869625796178344
                ],
                "flatness": [
                    0.7142732180089277
                ]
            }
        }
    },
    "cont_1": {
        "training": {
            "loss": [
                0.05220449945791535
            ],
            "accuracy": [
                0.9817874203821656
            ]
        },
        "validation": {
            "cont_1": {
                "accuracy": [
                    0.988953025477707
                ],
                "flatness": [
                    0.7265812131400509
                ]
            },
            "cont_2": {
                "accuracy": [
                    0.9663614649681529
                ],
                "flatness": [
                    0.7503581364049234
                ]
            },
            "cont_3": {
                "accuracy": [
                    0.9433718152866242
                ],
                "flatness": [
                    0.7765529078463359
                ]
            },
            "cont_4": {
                "accuracy": [
                    0.9426751592356688
                ],
                "flatness": [
                    0.6472603470741494
                ]
            },
            "cont_5": {
                "accuracy": [
                    0.9509355095541401
                ],
                "flatness": [
                    0.7061302998401556
                ]
            }
        }
    },
    "cont_2": {
        "training": {
            "loss": [
                0.28288821460809677
            ],
            "accuracy": [
                0.910031847133758
            ]
        },
        "validation": {
            "cont_1": {
                "accuracy": [
                    0.9669585987261147
                ],
                "flatness": [
                    0.6253903364536447
                ]
            },
            "cont_2": {
                "accuracy": [
                    0.9848726114649682
                ],
                "flatness": [
                    0.6658538811878515
                ]
            },
            "cont_3": {
                "accuracy": [
                    0.9335191082802548
                ],
                "flatness": [
                    0.6045253201486714
                ]
            },
            "cont_4": {
                "accuracy": [
                    0.9327229299363057
                ],
                "flatness": [
                    0.6385454019139681
                ]
            },
            "cont_5": {
                "accuracy": [
                    0.9366042993630573
                ],
                "flatness": [
                    0.6509969726630801
                ]
            }
        }
    },
    "cont_3": {
        "training": {
            "loss": [
                0.24262473252928182
            ],
            "accuracy": [
                0.92296974522293
            ]
        },
        "validation": {
            "cont_1": {
                "accuracy": [
                    0.9659633757961783
                ],
                "flatness": [
                    0.672175459173471
                ]
            },
            "cont_2": {
                "accuracy": [
                    0.9735270700636943
                ],
                "flatness": [
                    0.5757897165698572
                ]
            },
            "cont_3": {
                "accuracy": [
                    0.9825835987261147
                ],
                "flatness": [
                    0.6236746687422066
                ]
            },
            "cont_4": {
                "accuracy": [
                    0.9410828025477707
                ],
                "flatness": [
                    0.7344017046811013
                ]
            },
            "cont_5": {
                "accuracy": [
                    0.9411823248407644
                ],
                "flatness": [
                    0.759931796552818
                ]
            }
        }
    },
    "cont_4": {
        "training": {
            "loss": [
                0.21223978106240937
            ],
            "accuracy": [
                0.9260549363057324
            ]
        },
        "validation": {
            "cont_1": {
                "accuracy": [
                    0.955812101910828
                ],
                "flatness": [
                    0.7473602155852646
                ]
            },
            "cont_2": {
                "accuracy": [
                    0.9559116242038217
                ],
                "flatness": [
                    0.7324487260255511
                ]
            },
            "cont_3": {
                "accuracy": [
                    0.9612858280254777
                ],
                "flatness": [
                    0.7094176420428415
                ]
            },
            "cont_4": {
                "accuracy": [
                    0.9831807324840764
                ],
                "flatness": [
                    0.7552019447290362
                ]
            },
            "cont_5": {
                "accuracy": [
                    0.9371019108280255
                ],
                "flatness": [
                    0.7131361517089853
                ]
            }
        }
    },
    "cont_5": {
        "training": {
            "loss": [
                0.1995332742667502
            ],
            "accuracy": [
                0.931827229299363
            ]
        },
        "validation": {
            "cont_1": {
                "accuracy": [
                    0.9572054140127388
                ],
                "flatness": [
                    0.7392532239016785
                ]
            },