{
    "joint_training": {
        "training": {
            "loss": [
                2.6189000017141373
            ],
            "accuracy": [
                0.34837822073442887
            ]
        },
        "validation": {
            "cont_1": {
                "accuracy": [
                    0.5079380559147493
                ],
                "flatness": [
                    0.6092168934853281
                ]
            },
            "cont_2": {
                "accuracy": [
                    0.506275354969574
                ],
                "flatness": [
                    0.5682568620280806
                ]
            },
            "cont_3": {
                "accuracy": [
                    0.5073529411764706
                ],
                "flatness": [
                    0.5556344606910927
                ]
            },
            "cont_4": {
                "accuracy": [
                    0.5091911764705882
                ],
                "flatness": [
                    0.511131969644705
                ]
            },
            "cont_5": {
                "accuracy": [
                    0.5029499532001256
                ],
                "flatness": [
                    0.5927804291010542
                ]
            },
            "cont_6": {
                "accuracy": [
                    0.5042810891027625
                ],
                "flatness": [
                    0.5377292004897896
                ]
            },
            "cont_7": {
                "accuracy": [
                    0.5089327509214622
                ],
                "flatness": [
                    0.5626971334446458
                ]
            },
            "cont_8": {
                "accuracy": [
                    0.5089132470243117
                ],
                "flatness": [
                    0.5076994980974898
                ]
            },
            "cont_9": {
                "accuracy": [
                    0.5024379778343572
                ],
                "flatness": [
                    0.5507589685205331
                ]
            },
            "cont_10": {
                "accuracy": [
                    0.5040421673298849
                ],
                "flatness": [
                    0.5690110357051641
                ]
            }
        }
    }
}