{
    "joint_training": {
        "training": {
            "loss": [
                1.6004147882143656,
                1.0560542711297671
            ],
            "accuracy": [
                0.55595,
                0.6890666666666667
            ]
        },
        "validation": {
            "cont_1": {
                "accuracy": [
                    0.782
                ],
                "flatness": [
                    0.7054560954816708
                ]
            },
            "cont_2": {
                "accuracy": [
                    0.7758333333333334
                ],
                "flatness": [
                    0.6775510204081632
                ]
            },
            "cont_3": {
                "accuracy": [
                    0.7836666666666666
                ],
                "flatness": [
                    0.7058698426201617
                ]
            },
            "cont_4": {
                "accuracy": [
                    0.7794166666666666
                ],
                "flatness": [
                    0.8108628247621084
                ]
            },
            "cont_5": {
                "accuracy": [
                    0.7873333333333333
                ],
                "flatness": [
                    0.6602455546147332
                ]
            }
        }
    }
}