{
    "random_1": {
        "training": {
            "loss": [
                0.3377869222669085
            ],
            "accuracy": [
                0.8859474522292994
            ]
        },
        "validation": {
            "random_1": {
                "accuracy": [
                    0.9761146496815286
                ]
            }
        }
    },
    "random_2": {
        "training": {
            "loss": [
                0.5129353612851185
            ],
            "accuracy": [
                0.8248407643312102
            ]
        },
        "validation": {
            "random_2": {
                "accuracy": [
                    0.9506369426751592
                ]
            }
        }
    },
    "random_3": {
        "training": {
            "loss": [
                0.531128537265738
            ],
            "accuracy": [
                0.8172770700636943
            ]
        },
        "validation": {
            "random_3": {
                "accuracy": [
                    0.9482484076433121
                ]
            }
        }
    },
    "random_4": {
        "training": {
            "loss": [
                0.5038324120887525
            ],
            "accuracy": [
                0.8286226114649682
            ]
        },
        "validation": {
            "random_4": {
                "accuracy": [
                    0.9410828025477707
                ]
            }
        }
    },
    "random_5": {
        "training": {
            "loss": [
                0.4804066441905726
            ],
            "accuracy": [
                0.8379777070063694
            ]
        },
        "validation": {
            "random_5": {
                "accuracy": [
                    0.9516321656050956
                ]
            }
        }
    },
    "random_6": {
        "training": {
            "loss": [
                0.49394658127218294
            ],
            "accuracy": [
                0.8282245222929936
            ]
        },
        "validation": {
            "random_6": {
                "accuracy": [
                    0.9629777070063694
                ]
            }
        }
    },
    "random_7": {
        "training": {
            "loss": [
                0.4946366442236931
            ],
            "accuracy": [
                0.8347929936305732
            ]
        },
        "validation": {
            "random_7": {
                "accuracy": [
                    0.9528264331210191
                ]
            }
        }
    },
    "random_8": {
        "training": {
            "loss": [
                0.47989528061478004
            ],
            "accuracy": [
                0.8417595541401274
            ]
        },
        "validation": {
            "random_8": {
                "accuracy": [
                    0.9635748407643312
                ]
            }
        }
    },
    "random_9": {
        "training": {
            "loss": [
                0.5048575042539342
            ],
            "accuracy": [
                0.8282245222929936
            ]
        },
        "validation": {
            "random_9": {
                "accuracy": [
                    0.9508359872611465
                ]
            }
        }
    },
    "random_10": {
        "training": {
            "loss": [
                0.5191390354921863
            ],
            "accuracy": [
                0.821656050955414
            ]
        },
        "validation": {
            "random_10": {
                "accuracy": [
                    0.9607882165605095
                ]
            }
        }
    },
    "cont_1": {
        "training": {
            "loss": [
                0.2650148592901173
            ],
            "accuracy": [
                0.915406050955414
            ]
        },
        "validation": {
            "cont_1": {
                "accuracy": [
                    0.9410828025477707
                ]
            },
            "cont_2": {
                "accuracy": [
                    0.8306130573248408
                ]
            },
            "cont_3": {
                "accuracy": [
                    0.8244426751592356
                ]
            },
            "cont_4": {
                "accuracy": [
                    0.839171974522293
                ]
            },
            "cont_5": {
                "accuracy": [
                    0.8381767515923567
                ]
            },
            "cont_6": {
                "accuracy": [
                    0.8332006369426752
                ]
            },
            "cont_7": {
                "accuracy": [
                    0.8258359872611465
                ]
            },
            "cont_8": {
                "accuracy": [
                    0.8304140127388535
                ]
            },
            "cont_9": {
                "accuracy": [
                    0.830015923566879
                ]
            },
            "cont_10": {
                "accuracy": [
                    0.8182722929936306
                ]
            }
        }
    },
    "cont_2": {
        "training": {
            "loss": [
                0.46836937892778663
            ],
            "accuracy": [
                0.8477308917197452
            ]
        },
        "validation": {
            "cont_1": {
                "accuracy": [
                    0.9536226114649682
                ]
            },
            "cont_2": {
                "accuracy": [
                    0.960390127388535
                ]
            },
            "cont_3": {
                "accuracy": [
                    0.8700238853503185
                ]
            },
            "cont_4": {
                "accuracy": [
                    0.8799761146496815
                ]
            },
            "cont_5": {
                "accuracy": [
                    0.8869426751592356
                ]
            },
            "cont_6": {
                "accuracy": [
                    0.8811703821656051
                ]
            },
            "cont_7": {
                "accuracy": [
                    0.8779856687898089
                ]
            },
            "cont_8": {
                "accuracy": [
                    0.8867436305732485
                ]
            },
            "cont_9": {
                "accuracy": [
                    0.8773885350318471
                ]
            },
            "cont_10": {
                "accuracy": [
                    0.8694267515923567
                ]
            }
        }
    },
    "cont_3": {
        "training": {
            "loss": [
                0.39495571598315693
            ],
            "accuracy": [
                0.8644506369426752
            ]
        },
        "validation": {
            "cont_1": {
                "accuracy": [
                    0.9297372611464968
                ]
            },
            "cont_2": {
                "accuracy": [
                    0.9323248407643312
                ]
            },
            "cont_3": {
                "accuracy": [
                    0.9492436305732485
                ]
            },
            "cont_4": {
                "accuracy": [
                    0.8817675159235668
                ]
            },
            "cont_5": {
                "accuracy": [
                    0.88953025477707
                ]
            },
            "cont_6": {
                "accuracy": [
                    0.888734076433121
                ]
            },
            "cont_7": {
                "accuracy": [
                    0.879578025477707
                ]
            },
            "cont_8": {
                "accuracy": [
                    0.8909235668789809
                ]
            },