{
    "random_1": {
        "training": {
            "loss": [
                0.9833295994673293
            ],
            "accuracy": [
                0.7122603833865815
            ]
        },
        "validation": {
            "random_1": {
                "accuracy": [
                    0.9056509584664537
                ],
                "flatness": [
                    0.37589502259949287
                ]
            }
        }
    },
    "random_2": {
        "training": {
            "loss": [
                1.3793232341924795
            ],
            "accuracy": [
                0.6123202875399361
            ]
        },
        "validation": {
            "random_2": {
                "accuracy": [
                    0.8500399361022364
                ],
                "flatness": [
                    0.378428911205074
                ]
            }
        }
    },
    "random_3": {
        "training": {
            "loss": [
                1.3857641707594022
            ],
            "accuracy": [
                0.6110223642172524
            ]
        },
        "validation": {
            "random_3": {
                "accuracy": [
                    0.834464856230032
                ],
                "flatness": [
                    0.3311909248624073
                ]
            }
        }
    },
    "random_4": {
        "training": {
            "loss": [
                1.409905524870839
            ],
            "accuracy": [
                0.6038338658146964
            ]
        },
        "validation": {
            "random_4": {
                "accuracy": [
                    0.852935303514377
                ],
                "flatness": [
                    0.3292856724803933
                ]
            }
        }
    },
    "random_5": {
        "training": {
            "loss": [
                1.4014846600663549
            ],
            "accuracy": [
                0.6053314696485623
            ]
        },
        "validation": {
            "random_5": {
                "accuracy": [
                    0.8498402555910544
                ],
                "flatness": [
                    0.3088815789473684
                ]
            }
        }
    },
    "cont_1": {
        "training": {
            "loss": [
                0.8524716144647843
            ],
            "accuracy": [
                0.7512979233226837
            ]
        },
        "validation": {
            "cont_1": {
                "accuracy": [
                    0.8845846645367412
                ],
                "flatness": [
                    0.2676044018058691
                ]
            },
            "cont_2": {
                "accuracy": [
                    0.6241014376996805
                ],
                "flatness": [
                    0.26162613981762917
                ]
            },
            "cont_3": {
                "accuracy": [
                    0.6169129392971247
                ],
                "flatness": [
                    0.236181016345687
                ]
            },
            "cont_4": {
                "accuracy": [
                    0.6224041533546326
                ],
                "flatness": [
                    0.24759083253128003
                ]
            },
            "cont_5": {
                "accuracy": [
                    0.6086261980830671
                ],
                "flatness": [
                    0.2923464156824147
                ]
            }
        }
    },
    "cont_2": {
        "training": {
            "loss": [
                1.294034546366134
            ],
            "accuracy": [
                0.6335862619808307
            ]
        },
        "validation": {
            "cont_1": {
                "accuracy": [
                    0.825279552715655
                ],
                "flatness": [
                    0.37368966247278
                ]
            },
            "cont_2": {
                "accuracy": [
                    0.8835862619808307
                ],
                "flatness": [
                    0.4168912429378532
                ]
            },
            "cont_3": {
                "accuracy": [
                    0.6902955271565495
                ],
                "flatness": [
                    0.43544529216083305
                ]
            },
            "cont_4": {
                "accuracy": [
                    0.6829073482428115
                ],
                "flatness": [
                    0.38123994883040935
                ]
            },
            "cont_5": {
                "accuracy": [
                    0.6796126198083067
                ],
                "flatness": [
                    0.4649937564272073
                ]
            }
        }
    },
    "cont_3": {
        "training": {
            "loss": [
                1.1852495685553017
            ],
            "accuracy": [
                0.6631389776357828
            ]
        },
        "validation": {
            "cont_1": {
                "accuracy": [
                    0.795826677316294
                ],
                "flatness": [
                    0.4157430058963743
                ]
            },
            "cont_2": {
                "accuracy": [
                    0.7976238019169329
                ],
                "flatness": [
                    0.5014895481286769
                ]
            },
            "cont_3": {
                "accuracy": [
                    0.8819888178913738
                ],
                "flatness": [
                    0.36228492189268735
                ]
            },
            "cont_4": {
                "accuracy": [
                    0.6928913738019169
                ],
                "flatness": [
                    0.42225684438040345
                ]
            },
            "cont_5": {
                "accuracy": [
                    0.6889976038338658
                ],
                "flatness": [
                    0.45015577452543115
                ]
            }
        }
    },
    "cont_4": {
        "training": {
            "loss": [
                1.0937968808622025
            ],
            "accuracy": [
                0.6813099041533547
            ]
        },
        "validation": {
            "cont_1": {
                "accuracy": [
                    0.784944089456869
                ],
                "flatness": [
                    0.5026233782752481
                ]
            },
            "cont_2": {
                "accuracy": [
                    0.7856429712460063
                ],
                "flatness": [
                    0.4914863705680519
                ]
            },
            "cont_3": {
                "accuracy": [
                    0.8120007987220448
                ],
                "flatness": [
                    0.435363641952539
                ]
            },
            "cont_4": {
                "accuracy": [
                    0.8910742811501597
                ],
                "flatness": [
                    0.4469236694677871
                ]
            },
            "cont_5": {
                "accuracy": [
                    0.711361821086262
                ],
                "flatness": [
                    0.4714219298245614
                ]
            }
        }
    },
    "cont_5": {
        "training": {
            "loss": [
                1.0474799652450002
            ],
            "accuracy": [
                0.6973841853035144
            ]
        },
        "validation": {
            "cont_1": {
                "accuracy": [
                    0.7917332268370607
                ],
                "flatness": [
                    0.49757329760403535
                ]
            },