{
    "joint_training": {
        "training": {
            "loss": [
                0.3153753382265568
            ],
            "accuracy": [
                0.89375
            ]
        },
        "validation": {
            "cont_1": {
                "accuracy": [
                    0.96075
                ],
                "flatness": [
                    0.8554514702055686
                ]
            },
            "cont_2": {
                "accuracy": [
                    0.9575
                ],
                "flatness": [
                    0.7726398241033394
                ]
            },
            "cont_3": {
                "accuracy": [
                    0.9608333333333333
                ],
                "flatness": [
                    0.6949833386588762
                ]
            },
            "cont_4": {
                "accuracy": [
                    0.9605833333333333
                ],
                "flatness": [
                    0.812451772269226
                ]
            },
            "cont_5": {
                "accuracy": [
                    0.9599166666666666
                ],
                "flatness": [
                    0.7693239087822865
                ]
            }
        }
    }
}